{
  "project": {
    "url": "https://lgtm.com/projects/b/atlassian/atlassian-connect-js", 
    "url-identifier": "b/atlassian/atlassian-connect-js", 
    "id": 1311020080, 
    "name": "atlassian/atlassian-connect-js"
  }, 
  "data": [
    [
      {
        "value": "(return (member spawn (root https://www.npmjs.com/package/child_process)))"
      }, 
      {
        "value": "error"
      }
    ], 
    [
      {
        "value": "(return (member spawn (root https://www.npmjs.com/package/child_process)))"
      }, 
      {
        "value": "close"
      }
    ], 
    [
      {
        "value": "(return (member apply (member spawn (root https://www.npmjs.com/package/child_process))))"
      }, 
      {
        "value": "error"
      }
    ], 
    [
      {
        "value": "(return (member apply (member spawn (root https://www.npmjs.com/package/child_process))))"
      }, 
      {
        "value": "close"
      }
    ], 
    [
      {
        "value": "(return (member on (return (member spawn (root https://www.npmjs.com/package/child_process)))))"
      }, 
      {
        "value": "error"
      }
    ], 
    [
      {
        "value": "(return (member on (return (member spawn (root https://www.npmjs.com/package/child_process)))))"
      }, 
      {
        "value": "close"
      }
    ], 
    [
      {
        "value": "(return (member on (return (member apply (member spawn (root https://www.npmjs.com/package/child_process))))))"
      }, 
      {
        "value": "error"
      }
    ], 
    [
      {
        "value": "(return (member on (return (member apply (member spawn (root https://www.npmjs.com/package/child_process))))))"
      }, 
      {
        "value": "close"
      }
    ]
  ], 
  "columns": [
    "p", 
    "col1"
  ]
}