{
  "project": {
    "url": "https://lgtm.com/projects/b/nsynk/iris_v0.2_legacy", 
    "url-identifier": "b/nsynk/iris_v0.2_legacy", 
    "id": 1313450089, 
    "name": "nsynk/iris_v0.2_legacy"
  }, 
  "data": [
    [
      {
        "value": "(instance (member Server (root https://www.npmjs.com/package/node-osc)))"
      }, 
      {
        "value": "message"
      }
    ], 
    [
      {
        "value": "(return (member Server (root https://www.npmjs.com/package/node-osc)))"
      }, 
      {
        "value": "message"
      }
    ], 
    [
      {
        "value": "(return (member connect (root https://www.npmjs.com/package/socket.io-client)))"
      }, 
      {
        "value": "changevalue"
      }
    ], 
    [
      {
        "value": "(member sockets (return (member listen (root https://www.npmjs.com/package/socket.io))))"
      }, 
      {
        "value": "connection"
      }
    ], 
    [
      {
        "value": "(return (member on (instance (member Server (root https://www.npmjs.com/package/node-osc)))))"
      }, 
      {
        "value": "message"
      }
    ], 
    [
      {
        "value": "(return (member on (return (member Server (root https://www.npmjs.com/package/node-osc)))))"
      }, 
      {
        "value": "message"
      }
    ], 
    [
      {
        "value": "(return (member on (return (member connect (root https://www.npmjs.com/package/socket.io-client)))))"
      }, 
      {
        "value": "changevalue"
      }
    ], 
    [
      {
        "value": "(return (member on (member sockets (return (member listen (root https://www.npmjs.com/package/socket.io))))))"
      }, 
      {
        "value": "connection"
      }
    ], 
    [
      {
        "value": "(parameter 0 (parameter 1 (member on (member sockets (return (member listen (root https://www.npmjs.com/package/socket.io)))))))"
      }, 
      {
        "value": "slidervaluechanged"
      }
    ], 
    [
      {
        "value": "(return (member on (parameter 0 (parameter 1 (member on (member sockets (return (member listen (root https://www.npmjs.com/package/socket.io)))))))))"
      }, 
      {
        "value": "slidervaluechanged"
      }
    ]
  ], 
  "columns": [
    "p", 
    "col1"
  ]
}