{
  "project": {
    "url": "https://lgtm.com/projects/g/annojs/fuzz", 
    "url-identifier": "g/annojs/fuzz", 
    "id": 1511505370619, 
    "name": "annojs/fuzz"
  }, 
  "data": [
    [
      {
        "value": "(return (root https://www.npmjs.com/package/annotate))"
      }, 
      {
        "value": "foo"
      }
    ], 
    [
      {
        "value": "(return (member on (return (root https://www.npmjs.com/package/annotate))))"
      }, 
      {
        "value": "foo"
      }
    ], 
    [
      {
        "value": "(return (member on (return (member on (return (root https://www.npmjs.com/package/annotate))))))"
      }, 
      {
        "value": "foo"
      }
    ]
  ], 
  "columns": [
    "p", 
    "col1"
  ]
}