{
  "project": {
    "url": "https://lgtm.com/projects/g/AzureCAT-GSI/DevCamp", 
    "url-identifier": "g/AzureCAT-GSI/DevCamp", 
    "id": 1506500486717, 
    "name": "AzureCAT-GSI/DevCamp"
  }, 
  "data": [
    [
      {
        "value": "(return (root https://www.npmjs.com/package/gulp-nodemon))"
      }, 
      {
        "value": "readable"
      }
    ], 
    [
      {
        "value": "(return (member on (return (root https://www.npmjs.com/package/gulp-nodemon))))"
      }, 
      {
        "value": "readable"
      }
    ], 
    [
      {
        "value": "(member stdout (instance (parameter 1 (member on (return (root https://www.npmjs.com/package/gulp-nodemon))))))"
      }, 
      {
        "value": "data"
      }
    ], 
    [
      {
        "value": "(return (member on (member stdout (instance (parameter 1 (member on (return (root https://www.npmjs.com/package/gulp-nodemon))))))))"
      }, 
      {
        "value": "data"
      }
    ]
  ], 
  "columns": [
    "p", 
    "col1"
  ]
}