{
  "project": {
    "url": "https://lgtm.com/projects/g/amymok/dek-GoodLab", 
    "url-identifier": "g/amymok/dek-GoodLab", 
    "id": 1506675797925, 
    "name": "amymok/dek-GoodLab"
  }, 
  "data": [
    [
      {
        "value": "(return (member connect (root https://www.npmjs.com/package/socket.io-client)))"
      }, 
      {
        "value": "slidedata"
      }
    ], 
    [
      {
        "value": "(return (member connect (root https://www.npmjs.com/package/socket.io-client)))"
      }, 
      {
        "value": "fragmentdata"
      }
    ], 
    [
      {
        "value": "(member sockets (return (member listen (root https://www.npmjs.com/package/socket.io))))"
      }, 
      {
        "value": "connection"
      }
    ], 
    [
      {
        "value": "(return (member on (return (member connect (root https://www.npmjs.com/package/socket.io-client)))))"
      }, 
      {
        "value": "slidedata"
      }
    ], 
    [
      {
        "value": "(return (member on (return (member connect (root https://www.npmjs.com/package/socket.io-client)))))"
      }, 
      {
        "value": "fragmentdata"
      }
    ], 
    [
      {
        "value": "(return (member on (member sockets (return (member listen (root https://www.npmjs.com/package/socket.io))))))"
      }, 
      {
        "value": "connection"
      }
    ], 
    [
      {
        "value": "(parameter 0 (parameter 1 (member on (member sockets (return (member listen (root https://www.npmjs.com/package/socket.io)))))))"
      }, 
      {
        "value": "slidechanged"
      }
    ], 
    [
      {
        "value": "(parameter 0 (parameter 1 (member on (member sockets (return (member listen (root https://www.npmjs.com/package/socket.io)))))))"
      }, 
      {
        "value": "fragmentchanged"
      }
    ], 
    [
      {
        "value": "(return (member on (parameter 0 (parameter 1 (member on (member sockets (return (member listen (root https://www.npmjs.com/package/socket.io)))))))))"
      }, 
      {
        "value": "slidechanged"
      }
    ], 
    [
      {
        "value": "(return (member on (parameter 0 (parameter 1 (member on (member sockets (return (member listen (root https://www.npmjs.com/package/socket.io)))))))))"
      }, 
      {
        "value": "fragmentchanged"
      }
    ]
  ], 
  "columns": [
    "p", 
    "col1"
  ]
}