{
  "project": {
    "url": "https://lgtm.com/projects/g/artsy/rsvp-deprecated", 
    "url-identifier": "g/artsy/rsvp-deprecated", 
    "id": 1506272948290, 
    "name": "artsy/rsvp-deprecated"
  }, 
  "data": [
    [
      {
        "value": "(return (root https://www.npmjs.com/package/universal-tree))"
      }, 
      {
        "value": "update"
      }
    ], 
    [
      {
        "value": "(return (member default (root https://www.npmjs.com/package/universal-tree)))"
      }, 
      {
        "value": "update"
      }
    ], 
    [
      {
        "value": "(return (member model (root https://www.npmjs.com/package/joiql-mongo)))"
      }, 
      {
        "value": "create"
      }
    ], 
    [
      {
        "value": "(return (member model (root https://www.npmjs.com/package/joiql-mongo)))"
      }, 
      {
        "value": "read"
      }
    ], 
    [
      {
        "value": "(return (member model (root https://www.npmjs.com/package/joiql-mongo)))"
      }, 
      {
        "value": "list"
      }
    ], 
    [
      {
        "value": "(return (member on (return (root https://www.npmjs.com/package/universal-tree))))"
      }, 
      {
        "value": "update"
      }
    ], 
    [
      {
        "value": "(return (member on (return (member model (root https://www.npmjs.com/package/joiql-mongo)))))"
      }, 
      {
        "value": "create"
      }
    ], 
    [
      {
        "value": "(return (member on (return (member model (root https://www.npmjs.com/package/joiql-mongo)))))"
      }, 
      {
        "value": "read"
      }
    ], 
    [
      {
        "value": "(return (member on (return (member model (root https://www.npmjs.com/package/joiql-mongo)))))"
      }, 
      {
        "value": "list"
      }
    ], 
    [
      {
        "value": "(return (member on (return (member default (root https://www.npmjs.com/package/universal-tree)))))"
      }, 
      {
        "value": "update"
      }
    ]
  ], 
  "columns": [
    "p", 
    "col1"
  ]
}