{
  "project": {
    "url": "https://lgtm.com/projects/g/arshad/drupal-template-helper", 
    "url-identifier": "g/arshad/drupal-template-helper", 
    "id": 1795411868, 
    "name": "arshad/drupal-template-helper"
  }, 
  "data": [
    [
      {
        "value": "(return (member watch (root https://www.npmjs.com/package/gulp)))"
      }, 
      {
        "value": "change"
      }
    ], 
    [
      {
        "value": "(return (member watch (member default (root https://www.npmjs.com/package/gulp))))"
      }, 
      {
        "value": "change"
      }
    ], 
    [
      {
        "value": "(return (member cache (return (root https://www.npmjs.com/package/gulp-load-plugins))))"
      }, 
      {
        "value": "error"
      }
    ], 
    [
      {
        "value": "(return (member on (return (member watch (root https://www.npmjs.com/package/gulp)))))"
      }, 
      {
        "value": "change"
      }
    ], 
    [
      {
        "value": "(return (member cache (return (member default (root https://www.npmjs.com/package/gulp-load-plugins)))))"
      }, 
      {
        "value": "error"
      }
    ], 
    [
      {
        "value": "(return (member on (return (member watch (member default (root https://www.npmjs.com/package/gulp))))))"
      }, 
      {
        "value": "change"
      }
    ], 
    [
      {
        "value": "(return (member on (return (member cache (return (root https://www.npmjs.com/package/gulp-load-plugins))))))"
      }, 
      {
        "value": "error"
      }
    ], 
    [
      {
        "value": "(return (member on (return (member cache (return (member default (root https://www.npmjs.com/package/gulp-load-plugins)))))))"
      }, 
      {
        "value": "error"
      }
    ]
  ], 
  "columns": [
    "p", 
    "col1"
  ]
}