{
  "project": {
    "url": "https://lgtm.com/projects/g/apparatus/acne", 
    "url-identifier": "g/apparatus/acne", 
    "id": 1769772317, 
    "name": "apparatus/acne"
  }, 
  "data": [
    [
      {
        "value": "(return (root https://www.npmjs.com/package/object-assign))"
      }, 
      {
        "value": "break"
      }
    ], 
    [
      {
        "value": "(return (member connect (root https://www.npmjs.com/package/net)))"
      }, 
      {
        "value": "data"
      }
    ], 
    [
      {
        "value": "(return (member connect (root https://www.npmjs.com/package/net)))"
      }, 
      {
        "value": "error"
      }
    ], 
    [
      {
        "value": "(return (member connect (root https://www.npmjs.com/package/net)))"
      }, 
      {
        "value": "end"
      }
    ], 
    [
      {
        "value": "(return (member on (return (root https://www.npmjs.com/package/object-assign))))"
      }, 
      {
        "value": "break"
      }
    ], 
    [
      {
        "value": "(return (member on (return (member connect (root https://www.npmjs.com/package/net)))))"
      }, 
      {
        "value": "data"
      }
    ], 
    [
      {
        "value": "(return (member on (return (member connect (root https://www.npmjs.com/package/net)))))"
      }, 
      {
        "value": "error"
      }
    ], 
    [
      {
        "value": "(return (member on (return (member connect (root https://www.npmjs.com/package/net)))))"
      }, 
      {
        "value": "end"
      }
    ]
  ], 
  "columns": [
    "p", 
    "col1"
  ]
}