{
  "project": {
    "url": "https://lgtm.com/projects/g/aliyun/alibabacloud-iot-device-sdk", 
    "url-identifier": "g/aliyun/alibabacloud-iot-device-sdk", 
    "id": 1511938832218, 
    "name": "aliyun/alibabacloud-iot-device-sdk"
  }, 
  "data": [
    [
      {
        "value": "(return (member device (root https://www.npmjs.com/package/alibabacloud-iot-device-sdk)))"
      }, 
      {
        "value": "error"
      }
    ], 
    [
      {
        "value": "(return (member device (root https://www.npmjs.com/package/alibabacloud-iot-device-sdk)))"
      }, 
      {
        "value": "connect"
      }
    ], 
    [
      {
        "value": "(return (member on (return (member device (root https://www.npmjs.com/package/alibabacloud-iot-device-sdk)))))"
      }, 
      {
        "value": "error"
      }
    ], 
    [
      {
        "value": "(return (member on (return (member device (root https://www.npmjs.com/package/alibabacloud-iot-device-sdk)))))"
      }, 
      {
        "value": "connect"
      }
    ]
  ], 
  "columns": [
    "p", 
    "col1"
  ]
}