{
  "project": {
    "url": "https://lgtm.com/projects/g/aluxian/Messenger-for-Desktop", 
    "url-identifier": "g/aluxian/Messenger-for-Desktop", 
    "id": 104512942, 
    "name": "aluxian/Messenger-for-Desktop"
  }, 
  "data": [
    [
      {
        "value": "(return (member spawn (root https://www.npmjs.com/package/child_process)))"
      }, 
      {
        "value": "close"
      }
    ], 
    [
      {
        "value": "(return (member start (root https://www.npmjs.com/package/repl)))"
      }, 
      {
        "value": "exit"
      }
    ], 
    [
      {
        "value": "(return (member spawn (member default (root https://www.npmjs.com/package/child_process))))"
      }, 
      {
        "value": "close"
      }
    ], 
    [
      {
        "value": "(return (member start (member default (root https://www.npmjs.com/package/repl))))"
      }, 
      {
        "value": "exit"
      }
    ], 
    [
      {
        "value": "(return (member on (return (member spawn (root https://www.npmjs.com/package/child_process)))))"
      }, 
      {
        "value": "close"
      }
    ], 
    [
      {
        "value": "(return (member on (return (member start (root https://www.npmjs.com/package/repl)))))"
      }, 
      {
        "value": "exit"
      }
    ], 
    [
      {
        "value": "(return (member on (return (member spawn (member default (root https://www.npmjs.com/package/child_process))))))"
      }, 
      {
        "value": "close"
      }
    ], 
    [
      {
        "value": "(return (member on (return (member start (member default (root https://www.npmjs.com/package/repl))))))"
      }, 
      {
        "value": "exit"
      }
    ]
  ], 
  "columns": [
    "p", 
    "col1"
  ]
}