{
  "project": {
    "url": "https://lgtm.com/projects/g/amirbey/federalist-report-template", 
    "url-identifier": "g/amirbey/federalist-report-template", 
    "id": 1506704747557, 
    "name": "amirbey/federalist-report-template"
  }, 
  "data": [
    [
      {
        "value": "(return (root https://www.npmjs.com/package/gulp-sass))"
      }, 
      {
        "value": "error"
      }
    ], 
    [
      {
        "value": "(return (member on (return (root https://www.npmjs.com/package/gulp-sass))))"
      }, 
      {
        "value": "error"
      }
    ]
  ], 
  "columns": [
    "p", 
    "col1"
  ]
}