{
  "project": {
    "url": "https://lgtm.com/projects/g/AnotherFoxGuy/pokertoernooi-app", 
    "url-identifier": "g/AnotherFoxGuy/pokertoernooi-app", 
    "id": 1509152697200, 
    "name": "AnotherFoxGuy/pokertoernooi-app"
  }, 
  "data": [
    [
      {
        "value": "(return (member login (return (root https://www.npmjs.com/package/deepstream.io-client-js))))"
      }, 
      {
        "value": "connectionStateChanged"
      }
    ], 
    [
      {
        "value": "(return (member login (return (member default (root https://www.npmjs.com/package/deepstream.io-client-js)))))"
      }, 
      {
        "value": "connectionStateChanged"
      }
    ], 
    [
      {
        "value": "(return (member on (return (member login (return (root https://www.npmjs.com/package/deepstream.io-client-js))))))"
      }, 
      {
        "value": "connectionStateChanged"
      }
    ], 
    [
      {
        "value": "(return (member on (return (member login (return (member default (root https://www.npmjs.com/package/deepstream.io-client-js)))))))"
      }, 
      {
        "value": "connectionStateChanged"
      }
    ]
  ], 
  "columns": [
    "p", 
    "col1"
  ]
}