{
  "project": {
    "url": "https://lgtm.com/projects/g/Azure/azure-quickstart-templates", 
    "url-identifier": "g/Azure/azure-quickstart-templates", 
    "id": 1506610347399, 
    "name": "Azure/azure-quickstart-templates"
  }, 
  "data": [
    [
      {
        "value": "(parameter 0 (parameter 0 (member then (return (member createReceiver (return (member fromConnectionString (member Client (root https://www.npmjs.com/package/azure-event-hubs)))))))))"
      }, 
      {
        "value": "message"
      }
    ], 
    [
      {
        "value": "(parameter 0 (parameter 0 (member then (return (member createReceiver (return (member fromConnectionString (member Client (root https://www.npmjs.com/package/azure-event-hubs)))))))))"
      }, 
      {
        "value": "errorReceived"
      }
    ]
  ], 
  "columns": [
    "p", 
    "col1"
  ]
}