{
  "project": {
    "url": "https://lgtm.com/projects/g/Azure-Samples/SpeechToText-WebSockets-Javascript", 
    "url-identifier": "g/Azure-Samples/SpeechToText-WebSockets-Javascript", 
    "id": 1506719433785, 
    "name": "Azure-Samples/SpeechToText-WebSockets-Javascript"
  }, 
  "data": [
    [
      {
        "value": "(return (root https://www.npmjs.com/package/localtunnel))"
      }, 
      {
        "value": "close"
      }
    ], 
    [
      {
        "value": "(parameter 0 (parameter 1 (member request (root https://www.npmjs.com/package/https))))"
      }, 
      {
        "value": "data"
      }
    ], 
    [
      {
        "value": "(parameter 0 (parameter 1 (member request (root https://www.npmjs.com/package/https))))"
      }, 
      {
        "value": "end"
      }
    ], 
    [
      {
        "value": "(return (member on (return (root https://www.npmjs.com/package/localtunnel))))"
      }, 
      {
        "value": "close"
      }
    ], 
    [
      {
        "value": "(return (member on (parameter 0 (parameter 1 (member request (root https://www.npmjs.com/package/https))))))"
      }, 
      {
        "value": "data"
      }
    ], 
    [
      {
        "value": "(return (member on (parameter 0 (parameter 1 (member request (root https://www.npmjs.com/package/https))))))"
      }, 
      {
        "value": "end"
      }
    ]
  ], 
  "columns": [
    "p", 
    "col1"
  ]
}