{
  "project": {
    "url": "https://lgtm.com/projects/g/angular/angularjs.org", 
    "url-identifier": "g/angular/angularjs.org", 
    "id": 113382775, 
    "name": "angular/angularjs.org"
  }, 
  "data": [
    [
      {
        "value": "(return (root https://www.npmjs.com/package/gulp-sass))"
      }, 
      {
        "value": "error"
      }
    ], 
    [
      {
        "value": "(return (member spawn (root https://www.npmjs.com/package/child_process)))"
      }, 
      {
        "value": "error"
      }
    ], 
    [
      {
        "value": "(return (member spawn (root https://www.npmjs.com/package/child_process)))"
      }, 
      {
        "value": "exit"
      }
    ], 
    [
      {
        "value": "(return (member get (root https://www.npmjs.com/package/http)))"
      }, 
      {
        "value": "error"
      }
    ], 
    [
      {
        "value": "(return (member on (return (root https://www.npmjs.com/package/gulp-sass))))"
      }, 
      {
        "value": "error"
      }
    ], 
    [
      {
        "value": "(return (member child (instance (root https://www.npmjs.com/package/promise))))"
      }, 
      {
        "value": "value"
      }
    ], 
    [
      {
        "value": "(return (member child (return (root https://www.npmjs.com/package/promise))))"
      }, 
      {
        "value": "value"
      }
    ], 
    [
      {
        "value": "(return (member on (return (member spawn (root https://www.npmjs.com/package/child_process)))))"
      }, 
      {
        "value": "error"
      }
    ], 
    [
      {
        "value": "(return (member on (return (member spawn (root https://www.npmjs.com/package/child_process)))))"
      }, 
      {
        "value": "exit"
      }
    ], 
    [
      {
        "value": "(return (member on (return (member get (root https://www.npmjs.com/package/http)))))"
      }, 
      {
        "value": "error"
      }
    ], 
    [
      {
        "value": "(return (member orderByChild (parameter 0 (parameter 0 (parameter 0 (root https://www.npmjs.com/package/promise))))))"
      }, 
      {
        "value": "child_added"
      }
    ], 
    [
      {
        "value": "(return (member once (return (member child (instance (root https://www.npmjs.com/package/promise))))))"
      }, 
      {
        "value": "value"
      }
    ], 
    [
      {
        "value": "(return (member limitToLast (return (member orderByChild (instance (root https://www.npmjs.com/package/promise))))))"
      }, 
      {
        "value": "child_added"
      }
    ], 
    [
      {
        "value": "(return (member endAt (return (member orderByKey (instance (root https://www.npmjs.com/package/promise))))))"
      }, 
      {
        "value": "child_added"
      }
    ], 
    [
      {
        "value": "(return (member once (return (member child (return (root https://www.npmjs.com/package/promise))))))"
      }, 
      {
        "value": "value"
      }
    ], 
    [
      {
        "value": "(return (member limitToLast (return (member orderByChild (return (root https://www.npmjs.com/package/promise))))))"
      }, 
      {
        "value": "child_added"
      }
    ], 
    [
      {
        "value": "(return (member endAt (return (member orderByKey (return (root https://www.npmjs.com/package/promise))))))"
      }, 
      {
        "value": "child_added"
      }
    ], 
    [
      {
        "value": "(return (member on (return (member on (return (member spawn (root https://www.npmjs.com/package/child_process)))))))"
      }, 
      {
        "value": "exit"
      }
    ], 
    [
      {
        "value": "(return (member on (return (member orderByChild (parameter 0 (parameter 0 (parameter 0 (root https://www.npmjs.com/package/promise))))))))"
      }, 
      {
        "value": "child_added"
      }
    ], 
    [
      {
        "value": "(return (member limitToLast (return (member orderByChild (parameter 0 (parameter 0 (parameter 0 (root https://www.npmjs.com/package/promise))))))))"
      }, 
      {
        "value": "child_added"
      }
    ], 
    [
      {
        "value": "(return (member endAt (return (member orderByKey (parameter 0 (parameter 0 (parameter 0 (root https://www.npmjs.com/package/promise))))))))"
      }, 
      {
        "value": "child_added"
      }
    ], 
    [
      {
        "value": "(return (member once (return (member limitToLast (return (member orderByChild (instance (root https://www.npmjs.com/package/promise))))))))"
      }, 
      {
        "value": "child_added"
      }
    ], 
    [
      {
        "value": "(return (member on (return (member endAt (return (member orderByKey (instance (root https://www.npmjs.com/package/promise))))))))"
      }, 
      {
        "value": "child_added"
      }
    ], 
    [
      {
        "value": "(return (member once (return (member limitToLast (return (member orderByChild (return (root https://www.npmjs.com/package/promise))))))))"
      }, 
      {
        "value": "child_added"
      }
    ], 
    [
      {
        "value": "(return (member on (return (member endAt (return (member orderByKey (return (root https://www.npmjs.com/package/promise))))))))"
      }, 
      {
        "value": "child_added"
      }
    ], 
    [
      {
        "value": "(return (member once (return (member limitToLast (return (member orderByChild (parameter 0 (parameter 0 (parameter 0 (root https://www.npmjs.com/package/promise))))))))))"
      }, 
      {
        "value": "child_added"
      }
    ], 
    [
      {
        "value": "(return (member on (return (member endAt (return (member orderByKey (parameter 0 (parameter 0 (parameter 0 (root https://www.npmjs.com/package/promise))))))))))"
      }, 
      {
        "value": "child_added"
      }
    ]
  ], 
  "columns": [
    "p", 
    "col1"
  ]
}