{
  "project": {
    "url": "https://lgtm.com/projects/g/atulmy/wispy", 
    "url-identifier": "g/atulmy/wispy", 
    "id": 1510927180768, 
    "name": "atulmy/wispy"
  }, 
  "data": [
    [
      {
        "value": "(member connection (root https://www.npmjs.com/package/mongoose))"
      }, 
      {
        "value": "error"
      }
    ], 
    [
      {
        "value": "(return (root https://www.npmjs.com/package/socket.io-client))"
      }, 
      {
        "value": "wallSubscribeList"
      }
    ], 
    [
      {
        "value": "(return (member default (root https://www.npmjs.com/package/socket.io-client)))"
      }, 
      {
        "value": "wallSubscribeList"
      }
    ], 
    [
      {
        "value": "(member connection (member default (root https://www.npmjs.com/package/mongoose)))"
      }, 
      {
        "value": "error"
      }
    ], 
    [
      {
        "value": "(member default (return (root https://www.npmjs.com/package/socket.io-client)))"
      }, 
      {
        "value": "wallSubscribeList"
      }
    ], 
    [
      {
        "value": "(return (member on (member connection (root https://www.npmjs.com/package/mongoose))))"
      }, 
      {
        "value": "error"
      }
    ], 
    [
      {
        "value": "(member default (return (member default (root https://www.npmjs.com/package/socket.io-client))))"
      }, 
      {
        "value": "wallSubscribeList"
      }
    ], 
    [
      {
        "value": "(return (member on (return (root https://www.npmjs.com/package/socket.io-client))))"
      }, 
      {
        "value": "wallSubscribeList"
      }
    ], 
    [
      {
        "value": "(return (member on (return (member default (root https://www.npmjs.com/package/socket.io-client)))))"
      }, 
      {
        "value": "wallSubscribeList"
      }
    ], 
    [
      {
        "value": "(return (member on (member connection (member default (root https://www.npmjs.com/package/mongoose)))))"
      }, 
      {
        "value": "error"
      }
    ], 
    [
      {
        "value": "(return (member on (member default (return (root https://www.npmjs.com/package/socket.io-client)))))"
      }, 
      {
        "value": "wallSubscribeList"
      }
    ], 
    [
      {
        "value": "(return (member on (member default (return (member default (root https://www.npmjs.com/package/socket.io-client))))))"
      }, 
      {
        "value": "wallSubscribeList"
      }
    ]
  ], 
  "columns": [
    "p", 
    "col1"
  ]
}