{
  "project": {
    "url": "https://lgtm.com/projects/g/apache/openwhisk-vscode", 
    "url-identifier": "g/apache/openwhisk-vscode", 
    "id": 1506252166102, 
    "name": "apache/openwhisk-vscode"
  }, 
  "data": [
    [
      {
        "value": "(return (member spawn (root https://www.npmjs.com/package/child_process)))"
      }, 
      {
        "value": "error"
      }
    ], 
    [
      {
        "value": "(return (member spawn (root https://www.npmjs.com/package/child_process)))"
      }, 
      {
        "value": "close"
      }
    ], 
    [
      {
        "value": "(member stdout (return (member spawn (root https://www.npmjs.com/package/child_process))))"
      }, 
      {
        "value": "data"
      }
    ], 
    [
      {
        "value": "(member stderr (return (member spawn (root https://www.npmjs.com/package/child_process))))"
      }, 
      {
        "value": "data"
      }
    ], 
    [
      {
        "value": "(return (member on (return (member spawn (root https://www.npmjs.com/package/child_process)))))"
      }, 
      {
        "value": "error"
      }
    ], 
    [
      {
        "value": "(return (member on (return (member spawn (root https://www.npmjs.com/package/child_process)))))"
      }, 
      {
        "value": "close"
      }
    ], 
    [
      {
        "value": "(return (member on (member stdout (return (member spawn (root https://www.npmjs.com/package/child_process))))))"
      }, 
      {
        "value": "data"
      }
    ], 
    [
      {
        "value": "(return (member on (member stderr (return (member spawn (root https://www.npmjs.com/package/child_process))))))"
      }, 
      {
        "value": "data"
      }
    ]
  ], 
  "columns": [
    "p", 
    "col1"
  ]
}