{
  "project": {
    "url": "https://lgtm.com/projects/g/aslushnikov/latex-online", 
    "url-identifier": "g/aslushnikov/latex-online", 
    "id": 1799190306, 
    "name": "aslushnikov/latex-online"
  }, 
  "data": [
    [
      {
        "value": "(return (root https://www.npmjs.com/package/request))"
      }, 
      {
        "value": "error"
      }
    ], 
    [
      {
        "value": "(return (root https://www.npmjs.com/package/request))"
      }, 
      {
        "value": "response"
      }
    ], 
    [
      {
        "value": "(return (member get (root https://www.npmjs.com/package/request)))"
      }, 
      {
        "value": "error"
      }
    ], 
    [
      {
        "value": "(return (member get (root https://www.npmjs.com/package/request)))"
      }, 
      {
        "value": "response"
      }
    ], 
    [
      {
        "value": "(return (member spawn (root https://www.npmjs.com/package/child_process)))"
      }, 
      {
        "value": "close"
      }
    ], 
    [
      {
        "value": "(return (member createReadStream (root https://www.npmjs.com/package/fs)))"
      }, 
      {
        "value": "error"
      }
    ], 
    [
      {
        "value": "(return (member createReadStream (root https://www.npmjs.com/package/fs)))"
      }, 
      {
        "value": "end"
      }
    ], 
    [
      {
        "value": "(return (member createWriteStream (root https://www.npmjs.com/package/fs)))"
      }, 
      {
        "value": "finish"
      }
    ], 
    [
      {
        "value": "(return (member on (return (root https://www.npmjs.com/package/request))))"
      }, 
      {
        "value": "error"
      }
    ], 
    [
      {
        "value": "(return (member on (return (root https://www.npmjs.com/package/request))))"
      }, 
      {
        "value": "response"
      }
    ], 
    [
      {
        "value": "(return (member on (return (member get (root https://www.npmjs.com/package/request)))))"
      }, 
      {
        "value": "error"
      }
    ], 
    [
      {
        "value": "(return (member on (return (member get (root https://www.npmjs.com/package/request)))))"
      }, 
      {
        "value": "response"
      }
    ], 
    [
      {
        "value": "(return (member on (return (member spawn (root https://www.npmjs.com/package/child_process)))))"
      }, 
      {
        "value": "close"
      }
    ], 
    [
      {
        "value": "(return (member on (return (member createReadStream (root https://www.npmjs.com/package/fs)))))"
      }, 
      {
        "value": "error"
      }
    ], 
    [
      {
        "value": "(return (member on (return (member createReadStream (root https://www.npmjs.com/package/fs)))))"
      }, 
      {
        "value": "end"
      }
    ], 
    [
      {
        "value": "(return (member on (return (member createWriteStream (root https://www.npmjs.com/package/fs)))))"
      }, 
      {
        "value": "finish"
      }
    ], 
    [
      {
        "value": "(return (member on (return (member on (return (root https://www.npmjs.com/package/request))))))"
      }, 
      {
        "value": "error"
      }
    ], 
    [
      {
        "value": "(return (member on (return (member on (return (member get (root https://www.npmjs.com/package/request)))))))"
      }, 
      {
        "value": "error"
      }
    ]
  ], 
  "columns": [
    "p", 
    "col1"
  ]
}