{
  "project": {
    "url": "https://lgtm.com/projects/g/big-kahuna-burger/at-hash", 
    "url-identifier": "g/big-kahuna-burger/at-hash", 
    "id": 1510606723270, 
    "name": "big-kahuna-burger/at-hash"
  }, 
  "data": [
    [
      {
        "value": "(return (member createHash (root https://www.npmjs.com/package/crypto)))"
      }, 
      {
        "value": "readable"
      }
    ], 
    [
      {
        "value": "(return (member on (return (member createHash (root https://www.npmjs.com/package/crypto)))))"
      }, 
      {
        "value": "readable"
      }
    ]
  ], 
  "columns": [
    "p", 
    "col1"
  ]
}