{
  "project": {
    "url": "https://lgtm.com/projects/g/bpmn-io/scroll-tabs", 
    "url-identifier": "g/bpmn-io/scroll-tabs", 
    "id": 1506687496263, 
    "name": "bpmn-io/scroll-tabs"
  }, 
  "data": [
    [
      {
        "value": "(return (member default (root https://www.npmjs.com/package/scroll-tabs)))"
      }, 
      {
        "value": "scroll"
      }
    ], 
    [
      {
        "value": "(return (member on (return (member default (root https://www.npmjs.com/package/scroll-tabs)))))"
      }, 
      {
        "value": "scroll"
      }
    ]
  ], 
  "columns": [
    "p", 
    "col1"
  ]
}