{
  "project": {
    "url": "https://lgtm.com/projects/g/bauhausjs/phantom-html2pdf", 
    "url-identifier": "g/bauhausjs/phantom-html2pdf", 
    "id": 1798330709, 
    "name": "bauhausjs/phantom-html2pdf"
  }, 
  "data": [
    [
      {
        "value": "(return (member createReadStream (root https://www.npmjs.com/package/fs)))"
      }, 
      {
        "value": "data"
      }
    ], 
    [
      {
        "value": "(return (member createReadStream (root https://www.npmjs.com/package/fs)))"
      }, 
      {
        "value": "end"
      }
    ], 
    [
      {
        "value": "(return (member pipe (return (member createReadStream (root https://www.npmjs.com/package/fs)))))"
      }, 
      {
        "value": "close"
      }
    ], 
    [
      {
        "value": "(return (member on (return (member createReadStream (root https://www.npmjs.com/package/fs)))))"
      }, 
      {
        "value": "data"
      }
    ], 
    [
      {
        "value": "(return (member on (return (member createReadStream (root https://www.npmjs.com/package/fs)))))"
      }, 
      {
        "value": "end"
      }
    ], 
    [
      {
        "value": "(return (member on (return (member pipe (return (member createReadStream (root https://www.npmjs.com/package/fs)))))))"
      }, 
      {
        "value": "close"
      }
    ]
  ], 
  "columns": [
    "p", 
    "col1"
  ]
}