{
  "project": {
    "url": "https://lgtm.com/projects/g/cferdinandi/right-height", 
    "url-identifier": "g/cferdinandi/right-height", 
    "id": 1790650944, 
    "name": "cferdinandi/right-height"
  }, 
  "data": [
    [
      {
        "value": "(return (member watch (root https://www.npmjs.com/package/gulp)))"
      }, 
      {
        "value": "change"
      }
    ], 
    [
      {
        "value": "(return (member on (return (member watch (root https://www.npmjs.com/package/gulp)))))"
      }, 
      {
        "value": "change"
      }
    ]
  ], 
  "columns": [
    "p", 
    "col1"
  ]
}