{
  "project": {
    "url": "https://lgtm.com/projects/g/cloud-gov/cg-diagrams", 
    "url-identifier": "g/cloud-gov/cg-diagrams", 
    "id": 1506700427683, 
    "name": "cloud-gov/cg-diagrams"
  }, 
  "data": [
    [
      {
        "value": "(return (root https://www.npmjs.com/package/gulp-sass))"
      }, 
      {
        "value": "error"
      }
    ], 
    [
      {
        "value": "(return (member watch (root https://www.npmjs.com/package/gulp)))"
      }, 
      {
        "value": "change"
      }
    ], 
    [
      {
        "value": "(return (member default (root https://www.npmjs.com/package/gulp-sass)))"
      }, 
      {
        "value": "error"
      }
    ], 
    [
      {
        "value": "(return (member watch (member default (root https://www.npmjs.com/package/gulp))))"
      }, 
      {
        "value": "change"
      }
    ], 
    [
      {
        "value": "(return (member on (return (root https://www.npmjs.com/package/gulp-sass))))"
      }, 
      {
        "value": "error"
      }
    ], 
    [
      {
        "value": "(return (member on (return (member watch (root https://www.npmjs.com/package/gulp)))))"
      }, 
      {
        "value": "change"
      }
    ], 
    [
      {
        "value": "(return (member on (return (member default (root https://www.npmjs.com/package/gulp-sass)))))"
      }, 
      {
        "value": "error"
      }
    ], 
    [
      {
        "value": "(return (member on (return (member watch (member default (root https://www.npmjs.com/package/gulp))))))"
      }, 
      {
        "value": "change"
      }
    ]
  ], 
  "columns": [
    "p", 
    "col1"
  ]
}