{
  "project": {
    "url": "https://lgtm.com/projects/g/CFETeam/weapp-demo-album", 
    "url-identifier": "g/CFETeam/weapp-demo-album", 
    "id": 1798304077, 
    "name": "CFETeam/weapp-demo-album"
  }, 
  "data": [
    [
      {
        "value": "(root https://www.npmjs.com/package/process)"
      }, 
      {
        "value": "uncaughtException"
      }
    ], 
    [
      {
        "value": "(return (member on (root https://www.npmjs.com/package/process)))"
      }, 
      {
        "value": "uncaughtException"
      }
    ]
  ], 
  "columns": [
    "p", 
    "col1"
  ]
}