{
  "project": {
    "url": "https://lgtm.com/projects/g/claydotio/Slime-Volley", 
    "url-identifier": "g/claydotio/Slime-Volley", 
    "id": 1796563378, 
    "name": "claydotio/Slime-Volley"
  }, 
  "data": [
    [
      {
        "value": "(return (member connect (root https://www.npmjs.com/package/socket.io-client)))"
      }, 
      {
        "value": "disconnect"
      }
    ], 
    [
      {
        "value": "(return (member connect (root https://www.npmjs.com/package/socket.io-client)))"
      }, 
      {
        "value": "connect"
      }
    ], 
    [
      {
        "value": "(return (member connect (root https://www.npmjs.com/package/socket.io-client)))"
      }, 
      {
        "value": "gameInit"
      }
    ], 
    [
      {
        "value": "(return (member connect (root https://www.npmjs.com/package/socket.io-client)))"
      }, 
      {
        "value": "gameStart"
      }
    ], 
    [
      {
        "value": "(return (member connect (root https://www.npmjs.com/package/socket.io-client)))"
      }, 
      {
        "value": "gameFrame"
      }
    ], 
    [
      {
        "value": "(return (member connect (root https://www.npmjs.com/package/socket.io-client)))"
      }, 
      {
        "value": "gameWin"
      }
    ], 
    [
      {
        "value": "(return (member connect (root https://www.npmjs.com/package/socket.io-client)))"
      }, 
      {
        "value": "roundEnd"
      }
    ], 
    [
      {
        "value": "(return (member connect (root https://www.npmjs.com/package/socket.io-client)))"
      }, 
      {
        "value": "gameDestroy"
      }
    ], 
    [
      {
        "value": "(return (member on (return (member connect (root https://www.npmjs.com/package/socket.io-client)))))"
      }, 
      {
        "value": "disconnect"
      }
    ], 
    [
      {
        "value": "(return (member on (return (member connect (root https://www.npmjs.com/package/socket.io-client)))))"
      }, 
      {
        "value": "connect"
      }
    ], 
    [
      {
        "value": "(return (member on (return (member connect (root https://www.npmjs.com/package/socket.io-client)))))"
      }, 
      {
        "value": "gameInit"
      }
    ], 
    [
      {
        "value": "(return (member on (return (member connect (root https://www.npmjs.com/package/socket.io-client)))))"
      }, 
      {
        "value": "gameStart"
      }
    ], 
    [
      {
        "value": "(return (member on (return (member connect (root https://www.npmjs.com/package/socket.io-client)))))"
      }, 
      {
        "value": "gameFrame"
      }
    ], 
    [
      {
        "value": "(return (member on (return (member connect (root https://www.npmjs.com/package/socket.io-client)))))"
      }, 
      {
        "value": "gameWin"
      }
    ], 
    [
      {
        "value": "(return (member on (return (member connect (root https://www.npmjs.com/package/socket.io-client)))))"
      }, 
      {
        "value": "roundEnd"
      }
    ], 
    [
      {
        "value": "(return (member on (return (member connect (root https://www.npmjs.com/package/socket.io-client)))))"
      }, 
      {
        "value": "gameDestroy"
      }
    ]
  ], 
  "columns": [
    "p", 
    "col1"
  ]
}