{
  "project": {
    "url": "https://lgtm.com/projects/g/Cognigy/SocketClient", 
    "url-identifier": "g/Cognigy/SocketClient", 
    "id": 1510052346285, 
    "name": "Cognigy/SocketClient"
  }, 
  "data": [
    [
      {
        "value": "(return (member connect (root https://www.npmjs.com/package/socket.io-client)))"
      }, 
      {
        "value": "exception"
      }
    ], 
    [
      {
        "value": "(return (member connect (root https://www.npmjs.com/package/socket.io-client)))"
      }, 
      {
        "value": "output"
      }
    ], 
    [
      {
        "value": "(return (member connect (root https://www.npmjs.com/package/socket.io-client)))"
      }, 
      {
        "value": "connect"
      }
    ], 
    [
      {
        "value": "(return (member connect (root https://www.npmjs.com/package/socket.io-client)))"
      }, 
      {
        "value": "typingStatus"
      }
    ], 
    [
      {
        "value": "(return (member connect (root https://www.npmjs.com/package/socket.io-client)))"
      }, 
      {
        "value": "connect_error"
      }
    ], 
    [
      {
        "value": "(return (member connect (root https://www.npmjs.com/package/socket.io-client)))"
      }, 
      {
        "value": "connect_timeout"
      }
    ], 
    [
      {
        "value": "(return (member on (return (member connect (root https://www.npmjs.com/package/socket.io-client)))))"
      }, 
      {
        "value": "exception"
      }
    ], 
    [
      {
        "value": "(return (member on (return (member connect (root https://www.npmjs.com/package/socket.io-client)))))"
      }, 
      {
        "value": "output"
      }
    ], 
    [
      {
        "value": "(return (member on (return (member connect (root https://www.npmjs.com/package/socket.io-client)))))"
      }, 
      {
        "value": "connect"
      }
    ], 
    [
      {
        "value": "(return (member on (return (member connect (root https://www.npmjs.com/package/socket.io-client)))))"
      }, 
      {
        "value": "typingStatus"
      }
    ], 
    [
      {
        "value": "(return (member on (return (member connect (root https://www.npmjs.com/package/socket.io-client)))))"
      }, 
      {
        "value": "connect_error"
      }
    ], 
    [
      {
        "value": "(return (member on (return (member connect (root https://www.npmjs.com/package/socket.io-client)))))"
      }, 
      {
        "value": "connect_timeout"
      }
    ]
  ], 
  "columns": [
    "p", 
    "col1"
  ]
}