{
  "project": {
    "url": "https://lgtm.com/projects/g/caesar-team/caesar-web-client", 
    "url-identifier": "g/caesar-team/caesar-web-client", 
    "id": 1510816186841, 
    "name": "caesar-team/caesar-web-client"
  }, 
  "data": [
    [
      {
        "value": "(root https://www.npmjs.com/package/process)"
      }, 
      {
        "value": "SIGINT"
      }
    ], 
    [
      {
        "value": "(return (member on (root https://www.npmjs.com/package/process)))"
      }, 
      {
        "value": "SIGINT"
      }
    ]
  ], 
  "columns": [
    "p", 
    "col1"
  ]
}