{
  "project": {
    "url": "https://lgtm.com/projects/g/cayasso/mongoose-cachebox", 
    "url-identifier": "g/cayasso/mongoose-cachebox", 
    "id": 1799140813, 
    "name": "cayasso/mongoose-cachebox"
  }, 
  "data": [
    [
      {
        "value": "(member connection (root https://www.npmjs.com/package/mongoose))"
      }, 
      {
        "value": "error"
      }
    ], 
    [
      {
        "value": "(member connection (root https://www.npmjs.com/package/mongoose))"
      }, 
      {
        "value": "open"
      }
    ], 
    [
      {
        "value": "(return (member on (member connection (root https://www.npmjs.com/package/mongoose))))"
      }, 
      {
        "value": "error"
      }
    ], 
    [
      {
        "value": "(return (member once (member connection (root https://www.npmjs.com/package/mongoose))))"
      }, 
      {
        "value": "open"
      }
    ]
  ], 
  "columns": [
    "p", 
    "col1"
  ]
}