{
  "project": {
    "url": "https://lgtm.com/projects/g/csstree/validator", 
    "url-identifier": "g/csstree/validator", 
    "id": 1511507258288, 
    "name": "csstree/validator"
  }, 
  "data": [
    [
      {
        "value": "(member stdin (root https://www.npmjs.com/package/process))"
      }, 
      {
        "value": "data"
      }
    ], 
    [
      {
        "value": "(member stdin (root https://www.npmjs.com/package/process))"
      }, 
      {
        "value": "end"
      }
    ], 
    [
      {
        "value": "(return (member on (member stdin (root https://www.npmjs.com/package/process))))"
      }, 
      {
        "value": "data"
      }
    ], 
    [
      {
        "value": "(return (member on (member stdin (root https://www.npmjs.com/package/process))))"
      }, 
      {
        "value": "end"
      }
    ], 
    [
      {
        "value": "(return (member on (return (member on (member stdin (root https://www.npmjs.com/package/process))))))"
      }, 
      {
        "value": "end"
      }
    ]
  ], 
  "columns": [
    "p", 
    "col1"
  ]
}