{
  "project": {
    "url": "https://lgtm.com/projects/g/clarkbw/npr-demo", 
    "url-identifier": "g/clarkbw/npr-demo", 
    "id": 1506710307917, 
    "name": "clarkbw/npr-demo"
  }, 
  "data": [
    [
      {
        "value": "(member stdin (root https://www.npmjs.com/package/process))"
      }, 
      {
        "value": "data"
      }
    ], 
    [
      {
        "value": "(member stdin (root https://www.npmjs.com/package/process))"
      }, 
      {
        "value": "end"
      }
    ], 
    [
      {
        "value": "(return (member createClient (root https://www.npmjs.com/package/redis)))"
      }, 
      {
        "value": "error"
      }
    ], 
    [
      {
        "value": "(return (member request (root https://www.npmjs.com/package/http)))"
      }, 
      {
        "value": "error"
      }
    ], 
    [
      {
        "value": "(return (member request (root https://www.npmjs.com/package/http)))"
      }, 
      {
        "value": "response"
      }
    ], 
    [
      {
        "value": "(return (member on (member stdin (root https://www.npmjs.com/package/process))))"
      }, 
      {
        "value": "data"
      }
    ], 
    [
      {
        "value": "(return (member on (member stdin (root https://www.npmjs.com/package/process))))"
      }, 
      {
        "value": "end"
      }
    ], 
    [
      {
        "value": "(return (member on (return (member createClient (root https://www.npmjs.com/package/redis)))))"
      }, 
      {
        "value": "error"
      }
    ], 
    [
      {
        "value": "(return (member on (return (member request (root https://www.npmjs.com/package/http)))))"
      }, 
      {
        "value": "error"
      }
    ], 
    [
      {
        "value": "(return (member on (return (member request (root https://www.npmjs.com/package/http)))))"
      }, 
      {
        "value": "response"
      }
    ], 
    [
      {
        "value": "(parameter 0 (parameter 1 (member on (return (member request (root https://www.npmjs.com/package/http))))))"
      }, 
      {
        "value": "data"
      }
    ], 
    [
      {
        "value": "(parameter 0 (parameter 1 (member on (return (member request (root https://www.npmjs.com/package/http))))))"
      }, 
      {
        "value": "error"
      }
    ], 
    [
      {
        "value": "(parameter 0 (parameter 1 (member on (return (member request (root https://www.npmjs.com/package/http))))))"
      }, 
      {
        "value": "end"
      }
    ], 
    [
      {
        "value": "(return (member on (parameter 0 (parameter 1 (member on (return (member request (root https://www.npmjs.com/package/http))))))))"
      }, 
      {
        "value": "data"
      }
    ], 
    [
      {
        "value": "(return (member on (parameter 0 (parameter 1 (member on (return (member request (root https://www.npmjs.com/package/http))))))))"
      }, 
      {
        "value": "error"
      }
    ], 
    [
      {
        "value": "(return (member on (parameter 0 (parameter 1 (member on (return (member request (root https://www.npmjs.com/package/http))))))))"
      }, 
      {
        "value": "end"
      }
    ]
  ], 
  "columns": [
    "p", 
    "col1"
  ]
}