{
  "project": {
    "url": "https://lgtm.com/projects/g/CatalystCode/Imaginem-Services", 
    "url-identifier": "g/CatalystCode/Imaginem-Services", 
    "id": 1506589158926, 
    "name": "CatalystCode/Imaginem-Services"
  }, 
  "data": [
    [
      {
        "value": "(instance (member Connection (root https://www.npmjs.com/package/mssql)))"
      }, 
      {
        "value": "error"
      }
    ], 
    [
      {
        "value": "(instance (member Form (root https://www.npmjs.com/package/multiparty)))"
      }, 
      {
        "value": "part"
      }
    ], 
    [
      {
        "value": "(return (member Connection (root https://www.npmjs.com/package/mssql)))"
      }, 
      {
        "value": "error"
      }
    ], 
    [
      {
        "value": "(return (member Form (root https://www.npmjs.com/package/multiparty)))"
      }, 
      {
        "value": "part"
      }
    ], 
    [
      {
        "value": "(return (member on (parameter 0 (member Request (root https://www.npmjs.com/package/mssql)))))"
      }, 
      {
        "value": "error"
      }
    ], 
    [
      {
        "value": "(return (member on (instance (member Connection (root https://www.npmjs.com/package/mssql)))))"
      }, 
      {
        "value": "error"
      }
    ], 
    [
      {
        "value": "(return (member on (instance (member Form (root https://www.npmjs.com/package/multiparty)))))"
      }, 
      {
        "value": "part"
      }
    ], 
    [
      {
        "value": "(return (member on (return (member Connection (root https://www.npmjs.com/package/mssql)))))"
      }, 
      {
        "value": "error"
      }
    ], 
    [
      {
        "value": "(return (member on (return (member Form (root https://www.npmjs.com/package/multiparty)))))"
      }, 
      {
        "value": "part"
      }
    ]
  ], 
  "columns": [
    "p", 
    "col1"
  ]
}