{
  "project": {
    "url": "https://lgtm.com/projects/g/ckeditor/ckeditor5-inspector", 
    "url-identifier": "g/ckeditor/ckeditor5-inspector", 
    "id": 1510878759385, 
    "name": "ckeditor/ckeditor5-inspector"
  }, 
  "data": [
    [
      {
        "value": "(member document (member model (return (member get (member editors (return (member getState (return (member createStore (root https://www.npmjs.com/package/redux))))))))))"
      }, 
      {
        "value": "change"
      }
    ], 
    [
      {
        "value": "(member view (member editing (return (member get (member editors (return (member getState (return (member createStore (root https://www.npmjs.com/package/redux))))))))))"
      }, 
      {
        "value": "render"
      }
    ]
  ], 
  "columns": [
    "p", 
    "col1"
  ]
}