{
  "project": {
    "url": "https://lgtm.com/projects/g/dbushell/grunt-svg2png", 
    "url-identifier": "g/dbushell/grunt-svg2png", 
    "id": 1796141622, 
    "name": "dbushell/grunt-svg2png"
  }, 
  "data": [
    [
      {
        "value": "(return (member spawn (root https://www.npmjs.com/package/child_process)))"
      }, 
      {
        "value": "exit"
      }
    ], 
    [
      {
        "value": "(member stdout (return (member spawn (root https://www.npmjs.com/package/child_process))))"
      }, 
      {
        "value": "data"
      }
    ], 
    [
      {
        "value": "(return (member on (return (member spawn (root https://www.npmjs.com/package/child_process)))))"
      }, 
      {
        "value": "exit"
      }
    ], 
    [
      {
        "value": "(return (member pipe (return (member createReadStream (root https://www.npmjs.com/package/fs)))))"
      }, 
      {
        "value": "error"
      }
    ], 
    [
      {
        "value": "(return (member pipe (return (member createReadStream (root https://www.npmjs.com/package/fs)))))"
      }, 
      {
        "value": "parsed"
      }
    ], 
    [
      {
        "value": "(return (member on (member stdout (return (member spawn (root https://www.npmjs.com/package/child_process))))))"
      }, 
      {
        "value": "data"
      }
    ], 
    [
      {
        "value": "(return (member on (return (member pipe (return (member createReadStream (root https://www.npmjs.com/package/fs)))))))"
      }, 
      {
        "value": "error"
      }
    ], 
    [
      {
        "value": "(return (member on (return (member pipe (return (member createReadStream (root https://www.npmjs.com/package/fs)))))))"
      }, 
      {
        "value": "parsed"
      }
    ]
  ], 
  "columns": [
    "p", 
    "col1"
  ]
}