{
  "project": {
    "url": "https://lgtm.com/projects/g/Dindaleon/hapi-react-starter-kit", 
    "url-identifier": "g/Dindaleon/hapi-react-starter-kit", 
    "id": 1796293450, 
    "name": "Dindaleon/hapi-react-starter-kit"
  }, 
  "data": [
    [
      {
        "value": "(return (root https://www.npmjs.com/package/socket.io))"
      }, 
      {
        "value": "connection"
      }
    ], 
    [
      {
        "value": "(return (member createClient (root https://www.npmjs.com/package/redis)))"
      }, 
      {
        "value": "message"
      }
    ], 
    [
      {
        "value": "(return (member default (root https://www.npmjs.com/package/socket.io)))"
      }, 
      {
        "value": "connection"
      }
    ], 
    [
      {
        "value": "(return (member createClient (member default (root https://www.npmjs.com/package/redis))))"
      }, 
      {
        "value": "message"
      }
    ], 
    [
      {
        "value": "(return (member on (return (root https://www.npmjs.com/package/socket.io))))"
      }, 
      {
        "value": "connection"
      }
    ], 
    [
      {
        "value": "(return (member on (return (member createClient (root https://www.npmjs.com/package/redis)))))"
      }, 
      {
        "value": "message"
      }
    ], 
    [
      {
        "value": "(return (member on (return (member default (root https://www.npmjs.com/package/socket.io)))))"
      }, 
      {
        "value": "connection"
      }
    ], 
    [
      {
        "value": "(parameter 0 (parameter 1 (member on (return (root https://www.npmjs.com/package/socket.io)))))"
      }, 
      {
        "value": "disconnect"
      }
    ], 
    [
      {
        "value": "(parameter 0 (parameter 1 (member on (return (root https://www.npmjs.com/package/socket.io)))))"
      }, 
      {
        "value": "msg"
      }
    ], 
    [
      {
        "value": "(parameter 0 (parameter 1 (member on (return (root https://www.npmjs.com/package/socket.io)))))"
      }, 
      {
        "value": "typing"
      }
    ], 
    [
      {
        "value": "(parameter 0 (parameter 1 (member on (return (member default (root https://www.npmjs.com/package/socket.io))))))"
      }, 
      {
        "value": "disconnect"
      }
    ], 
    [
      {
        "value": "(parameter 0 (parameter 1 (member on (return (member default (root https://www.npmjs.com/package/socket.io))))))"
      }, 
      {
        "value": "msg"
      }
    ], 
    [
      {
        "value": "(parameter 0 (parameter 1 (member on (return (member default (root https://www.npmjs.com/package/socket.io))))))"
      }, 
      {
        "value": "typing"
      }
    ], 
    [
      {
        "value": "(return (member on (return (member createClient (member default (root https://www.npmjs.com/package/redis))))))"
      }, 
      {
        "value": "message"
      }
    ], 
    [
      {
        "value": "(return (member on (parameter 0 (parameter 1 (member on (return (root https://www.npmjs.com/package/socket.io)))))))"
      }, 
      {
        "value": "disconnect"
      }
    ], 
    [
      {
        "value": "(return (member on (parameter 0 (parameter 1 (member on (return (root https://www.npmjs.com/package/socket.io)))))))"
      }, 
      {
        "value": "msg"
      }
    ], 
    [
      {
        "value": "(return (member on (parameter 0 (parameter 1 (member on (return (root https://www.npmjs.com/package/socket.io)))))))"
      }, 
      {
        "value": "typing"
      }
    ], 
    [
      {
        "value": "(return (member on (parameter 0 (parameter 1 (member on (return (member default (root https://www.npmjs.com/package/socket.io))))))))"
      }, 
      {
        "value": "disconnect"
      }
    ], 
    [
      {
        "value": "(return (member on (parameter 0 (parameter 1 (member on (return (member default (root https://www.npmjs.com/package/socket.io))))))))"
      }, 
      {
        "value": "msg"
      }
    ], 
    [
      {
        "value": "(return (member on (parameter 0 (parameter 1 (member on (return (member default (root https://www.npmjs.com/package/socket.io))))))))"
      }, 
      {
        "value": "typing"
      }
    ]
  ], 
  "columns": [
    "p", 
    "col1"
  ]
}