{
  "project": {
    "url": "https://lgtm.com/projects/g/danielhusar/gulp-save", 
    "url-identifier": "g/danielhusar/gulp-save", 
    "id": 1770301633, 
    "name": "danielhusar/gulp-save"
  }, 
  "data": [
    [
      {
        "value": "(return (member restore (root https://www.npmjs.com/package/gulp-save)))"
      }, 
      {
        "value": "error"
      }
    ], 
    [
      {
        "value": "(return (member obj (root https://www.npmjs.com/package/through2)))"
      }, 
      {
        "value": "data"
      }
    ], 
    [
      {
        "value": "(return (member obj (root https://www.npmjs.com/package/through2)))"
      }, 
      {
        "value": "error"
      }
    ], 
    [
      {
        "value": "(return (member obj (root https://www.npmjs.com/package/through2)))"
      }, 
      {
        "value": "end"
      }
    ], 
    [
      {
        "value": "(return (member on (return (member restore (root https://www.npmjs.com/package/gulp-save)))))"
      }, 
      {
        "value": "error"
      }
    ], 
    [
      {
        "value": "(return (member on (return (member obj (root https://www.npmjs.com/package/through2)))))"
      }, 
      {
        "value": "data"
      }
    ], 
    [
      {
        "value": "(return (member on (return (member obj (root https://www.npmjs.com/package/through2)))))"
      }, 
      {
        "value": "error"
      }
    ], 
    [
      {
        "value": "(return (member on (return (member obj (root https://www.npmjs.com/package/through2)))))"
      }, 
      {
        "value": "end"
      }
    ], 
    [
      {
        "value": "(return (member on (return (member on (return (member obj (root https://www.npmjs.com/package/through2)))))))"
      }, 
      {
        "value": "end"
      }
    ], 
    [
      {
        "value": "(return (member on (parameter 0 (member pipe (return (member pipe (return (member obj (root https://www.npmjs.com/package/through2)))))))))"
      }, 
      {
        "value": "data"
      }
    ], 
    [
      {
        "value": "(return (member pipe (return (member pipe (return (member pipe (return (member obj (root https://www.npmjs.com/package/through2)))))))))"
      }, 
      {
        "value": "error"
      }
    ]
  ], 
  "columns": [
    "p", 
    "col1"
  ]
}