{
  "project": {
    "url": "https://lgtm.com/projects/g/diegozanon/serverless-notifications", 
    "url-identifier": "g/diegozanon/serverless-notifications", 
    "id": 1506765306118, 
    "name": "diegozanon/serverless-notifications"
  }, 
  "data": [
    [
      {
        "value": "(return (member device (root https://www.npmjs.com/package/aws-iot-device-sdk)))"
      }, 
      {
        "value": "error"
      }
    ], 
    [
      {
        "value": "(return (member device (root https://www.npmjs.com/package/aws-iot-device-sdk)))"
      }, 
      {
        "value": "message"
      }
    ], 
    [
      {
        "value": "(return (member device (root https://www.npmjs.com/package/aws-iot-device-sdk)))"
      }, 
      {
        "value": "close"
      }
    ], 
    [
      {
        "value": "(return (member device (root https://www.npmjs.com/package/aws-iot-device-sdk)))"
      }, 
      {
        "value": "connect"
      }
    ], 
    [
      {
        "value": "(return (member device (root https://www.npmjs.com/package/aws-iot-device-sdk)))"
      }, 
      {
        "value": "reconnect"
      }
    ], 
    [
      {
        "value": "(return (member device (root https://www.npmjs.com/package/aws-iot-device-sdk)))"
      }, 
      {
        "value": "offline"
      }
    ], 
    [
      {
        "value": "(return (member on (return (member device (root https://www.npmjs.com/package/aws-iot-device-sdk)))))"
      }, 
      {
        "value": "error"
      }
    ], 
    [
      {
        "value": "(return (member on (return (member device (root https://www.npmjs.com/package/aws-iot-device-sdk)))))"
      }, 
      {
        "value": "message"
      }
    ], 
    [
      {
        "value": "(return (member on (return (member device (root https://www.npmjs.com/package/aws-iot-device-sdk)))))"
      }, 
      {
        "value": "close"
      }
    ], 
    [
      {
        "value": "(return (member on (return (member device (root https://www.npmjs.com/package/aws-iot-device-sdk)))))"
      }, 
      {
        "value": "connect"
      }
    ], 
    [
      {
        "value": "(return (member on (return (member device (root https://www.npmjs.com/package/aws-iot-device-sdk)))))"
      }, 
      {
        "value": "reconnect"
      }
    ], 
    [
      {
        "value": "(return (member on (return (member device (root https://www.npmjs.com/package/aws-iot-device-sdk)))))"
      }, 
      {
        "value": "offline"
      }
    ]
  ], 
  "columns": [
    "p", 
    "col1"
  ]
}