{
  "project": {
    "url": "https://lgtm.com/projects/g/davetemplin/web-request", 
    "url-identifier": "g/davetemplin/web-request", 
    "id": 1511503771041, 
    "name": "davetemplin/web-request"
  }, 
  "data": [
    [
      {
        "value": "(return (root https://www.npmjs.com/package/request))"
      }, 
      {
        "value": "error"
      }
    ], 
    [
      {
        "value": "(return (root https://www.npmjs.com/package/request))"
      }, 
      {
        "value": "complete"
      }
    ], 
    [
      {
        "value": "(return (member createWriteStream (root https://www.npmjs.com/package/fs)))"
      }, 
      {
        "value": "finish"
      }
    ], 
    [
      {
        "value": "(return (member on (return (root https://www.npmjs.com/package/request))))"
      }, 
      {
        "value": "error"
      }
    ], 
    [
      {
        "value": "(return (member on (return (root https://www.npmjs.com/package/request))))"
      }, 
      {
        "value": "complete"
      }
    ], 
    [
      {
        "value": "(return (member on (return (member createWriteStream (root https://www.npmjs.com/package/fs)))))"
      }, 
      {
        "value": "finish"
      }
    ], 
    [
      {
        "value": "(return (member on (return (member on (return (root https://www.npmjs.com/package/request))))))"
      }, 
      {
        "value": "error"
      }
    ], 
    [
      {
        "value": "(return (member on (parameter 0 (member pipe (return (root https://www.npmjs.com/package/request))))))"
      }, 
      {
        "value": "finish"
      }
    ]
  ], 
  "columns": [
    "p", 
    "col1"
  ]
}