{
  "project": {
    "url": "https://lgtm.com/projects/g/DataTables/Dist-DataTables-ColReorder", 
    "url-identifier": "g/DataTables/Dist-DataTables-ColReorder", 
    "id": 1511493955454, 
    "name": "DataTables/Dist-DataTables-ColReorder"
  }, 
  "data": [
    [
      {
        "value": "(return (root https://www.npmjs.com/package/jquery))"
      }, 
      {
        "value": "draw.dt.colReorder"
      }
    ], 
    [
      {
        "value": "(return (root https://www.npmjs.com/package/jquery))"
      }, 
      {
        "value": "destroy.dt.colReorder"
      }
    ], 
    [
      {
        "value": "(return (root https://www.npmjs.com/package/jquery))"
      }, 
      {
        "value": "mousedown.ColReorder"
      }
    ], 
    [
      {
        "value": "(return (root https://www.npmjs.com/package/jquery))"
      }, 
      {
        "value": "touchstart.ColReorder"
      }
    ], 
    [
      {
        "value": "(return (root https://www.npmjs.com/package/jquery))"
      }, 
      {
        "value": "mousemove.ColReorder touchmove.ColReorder"
      }
    ], 
    [
      {
        "value": "(return (root https://www.npmjs.com/package/jquery))"
      }, 
      {
        "value": "mouseup.ColReorder touchend.ColReorder"
      }
    ], 
    [
      {
        "value": "(return (root https://www.npmjs.com/package/jquery))"
      }, 
      {
        "value": "preInit.dt.colReorder"
      }
    ], 
    [
      {
        "value": "(return (member on (return (root https://www.npmjs.com/package/jquery))))"
      }, 
      {
        "value": "draw.dt.colReorder"
      }
    ], 
    [
      {
        "value": "(return (member on (return (root https://www.npmjs.com/package/jquery))))"
      }, 
      {
        "value": "destroy.dt.colReorder"
      }
    ], 
    [
      {
        "value": "(return (member on (return (root https://www.npmjs.com/package/jquery))))"
      }, 
      {
        "value": "mousedown.ColReorder"
      }
    ], 
    [
      {
        "value": "(return (member on (return (root https://www.npmjs.com/package/jquery))))"
      }, 
      {
        "value": "touchstart.ColReorder"
      }
    ], 
    [
      {
        "value": "(return (member on (return (root https://www.npmjs.com/package/jquery))))"
      }, 
      {
        "value": "mousemove.ColReorder touchmove.ColReorder"
      }
    ], 
    [
      {
        "value": "(return (member on (return (root https://www.npmjs.com/package/jquery))))"
      }, 
      {
        "value": "mouseup.ColReorder touchend.ColReorder"
      }
    ], 
    [
      {
        "value": "(return (member on (return (root https://www.npmjs.com/package/jquery))))"
      }, 
      {
        "value": "preInit.dt.colReorder"
      }
    ], 
    [
      {
        "value": "(return (member on (return (member on (return (root https://www.npmjs.com/package/jquery))))))"
      }, 
      {
        "value": "touchstart.ColReorder"
      }
    ], 
    [
      {
        "value": "(return (member on (return (member on (return (root https://www.npmjs.com/package/jquery))))))"
      }, 
      {
        "value": "mouseup.ColReorder touchend.ColReorder"
      }
    ]
  ], 
  "columns": [
    "p", 
    "col1"
  ]
}