{
  "project": {
    "url": "https://lgtm.com/projects/g/drudge/mongoose-timestamp", 
    "url-identifier": "g/drudge/mongoose-timestamp", 
    "id": 1762962090, 
    "name": "drudge/mongoose-timestamp"
  }, 
  "data": [
    [
      {
        "value": "(return (member createConnection (root https://www.npmjs.com/package/mongoose)))"
      }, 
      {
        "value": "error"
      }
    ], 
    [
      {
        "value": "(return (member on (return (member createConnection (root https://www.npmjs.com/package/mongoose)))))"
      }, 
      {
        "value": "error"
      }
    ], 
    [
      {
        "value": "(instance (return (member model (return (member createConnection (root https://www.npmjs.com/package/mongoose))))))"
      }, 
      {
        "value": "es-indexed"
      }
    ], 
    [
      {
        "value": "(return (return (member model (return (member createConnection (root https://www.npmjs.com/package/mongoose))))))"
      }, 
      {
        "value": "es-indexed"
      }
    ], 
    [
      {
        "value": "(return (member on (instance (return (member model (return (member createConnection (root https://www.npmjs.com/package/mongoose))))))))"
      }, 
      {
        "value": "es-indexed"
      }
    ], 
    [
      {
        "value": "(return (member on (return (return (member model (return (member createConnection (root https://www.npmjs.com/package/mongoose))))))))"
      }, 
      {
        "value": "es-indexed"
      }
    ]
  ], 
  "columns": [
    "p", 
    "col1"
  ]
}