{
  "project": {
    "url": "https://lgtm.com/projects/g/dpup/node-logg", 
    "url-identifier": "g/dpup/node-logg", 
    "id": 1772272607, 
    "name": "dpup/node-logg"
  }, 
  "data": [
    [
      {
        "value": "(instance (parameter 0 (member inherits (root https://www.npmjs.com/package/util))))"
      }, 
      {
        "value": ""
      }
    ], 
    [
      {
        "value": "(instance (parameter 0 (member inherits (root https://www.npmjs.com/package/util))))"
      }, 
      {
        "value": "test"
      }
    ], 
    [
      {
        "value": "(member _instance (parameter 0 (member inherits (root https://www.npmjs.com/package/util))))"
      }, 
      {
        "value": ""
      }
    ], 
    [
      {
        "value": "(member _instance (parameter 0 (member inherits (root https://www.npmjs.com/package/util))))"
      }, 
      {
        "value": "test"
      }
    ], 
    [
      {
        "value": "(return (member on (instance (parameter 0 (member inherits (root https://www.npmjs.com/package/util))))))"
      }, 
      {
        "value": ""
      }
    ], 
    [
      {
        "value": "(return (member on (instance (parameter 0 (member inherits (root https://www.npmjs.com/package/util))))))"
      }, 
      {
        "value": "test"
      }
    ], 
    [
      {
        "value": "(return (member on (member _instance (parameter 0 (member inherits (root https://www.npmjs.com/package/util))))))"
      }, 
      {
        "value": ""
      }
    ], 
    [
      {
        "value": "(return (member on (member _instance (parameter 0 (member inherits (root https://www.npmjs.com/package/util))))))"
      }, 
      {
        "value": "test"
      }
    ]
  ], 
  "columns": [
    "p", 
    "col1"
  ]
}