{
  "project": {
    "url": "https://lgtm.com/projects/g/dotnet/aspnetcore", 
    "url-identifier": "g/dotnet/aspnetcore", 
    "id": 1506732767555, 
    "name": "dotnet/aspnetcore"
  }, 
  "data": [
    [
      {
        "value": "(return (member spawn (root https://www.npmjs.com/package/child_process)))"
      }, 
      {
        "value": "close"
      }
    ], 
    [
      {
        "value": "(parameter 0 (parameter 0 (member createServer (root https://www.npmjs.com/package/http))))"
      }, 
      {
        "value": "data"
      }
    ], 
    [
      {
        "value": "(parameter 0 (parameter 0 (member createServer (root https://www.npmjs.com/package/http))))"
      }, 
      {
        "value": "end"
      }
    ], 
    [
      {
        "value": "(member stdout (return (member spawn (root https://www.npmjs.com/package/child_process))))"
      }, 
      {
        "value": "data"
      }
    ], 
    [
      {
        "value": "(member stderr (return (member spawn (root https://www.npmjs.com/package/child_process))))"
      }, 
      {
        "value": "data"
      }
    ], 
    [
      {
        "value": "(return (member on (return (member spawn (root https://www.npmjs.com/package/child_process)))))"
      }, 
      {
        "value": "close"
      }
    ], 
    [
      {
        "value": "(return (member on (parameter 0 (parameter 0 (member createServer (root https://www.npmjs.com/package/http))))))"
      }, 
      {
        "value": "data"
      }
    ], 
    [
      {
        "value": "(return (member on (parameter 0 (parameter 0 (member createServer (root https://www.npmjs.com/package/http))))))"
      }, 
      {
        "value": "end"
      }
    ], 
    [
      {
        "value": "(return (member on (member stdout (return (member spawn (root https://www.npmjs.com/package/child_process))))))"
      }, 
      {
        "value": "data"
      }
    ], 
    [
      {
        "value": "(return (member on (member stderr (return (member spawn (root https://www.npmjs.com/package/child_process))))))"
      }, 
      {
        "value": "data"
      }
    ], 
    [
      {
        "value": "(return (member build (return (member withHubProtocol (return (member withUrl (instance (member HubConnectionBuilder (root https://www.npmjs.com/package/@microsoft/signalr)))))))))"
      }, 
      {
        "value": "JS.AttachComponent"
      }
    ], 
    [
      {
        "value": "(return (member build (return (member withHubProtocol (return (member withUrl (instance (member HubConnectionBuilder (root https://www.npmjs.com/package/@microsoft/signalr)))))))))"
      }, 
      {
        "value": "JS.BeginInvokeJS"
      }
    ], 
    [
      {
        "value": "(return (member build (return (member withHubProtocol (return (member withUrl (instance (member HubConnectionBuilder (root https://www.npmjs.com/package/@microsoft/signalr)))))))))"
      }, 
      {
        "value": "JS.EndInvokeDotNet"
      }
    ], 
    [
      {
        "value": "(return (member build (return (member withHubProtocol (return (member withUrl (instance (member HubConnectionBuilder (root https://www.npmjs.com/package/@microsoft/signalr)))))))))"
      }, 
      {
        "value": "JS.RenderBatch"
      }
    ], 
    [
      {
        "value": "(return (member build (return (member withHubProtocol (return (member withUrl (instance (member HubConnectionBuilder (root https://www.npmjs.com/package/@microsoft/signalr)))))))))"
      }, 
      {
        "value": "JS.Error"
      }
    ], 
    [
      {
        "value": "(return (member build (return (member withHubProtocol (return (member withUrl (return (member HubConnectionBuilder (root https://www.npmjs.com/package/@microsoft/signalr)))))))))"
      }, 
      {
        "value": "JS.AttachComponent"
      }
    ], 
    [
      {
        "value": "(return (member build (return (member withHubProtocol (return (member withUrl (return (member HubConnectionBuilder (root https://www.npmjs.com/package/@microsoft/signalr)))))))))"
      }, 
      {
        "value": "JS.BeginInvokeJS"
      }
    ], 
    [
      {
        "value": "(return (member build (return (member withHubProtocol (return (member withUrl (return (member HubConnectionBuilder (root https://www.npmjs.com/package/@microsoft/signalr)))))))))"
      }, 
      {
        "value": "JS.EndInvokeDotNet"
      }
    ], 
    [
      {
        "value": "(return (member build (return (member withHubProtocol (return (member withUrl (return (member HubConnectionBuilder (root https://www.npmjs.com/package/@microsoft/signalr)))))))))"
      }, 
      {
        "value": "JS.RenderBatch"
      }
    ], 
    [
      {
        "value": "(return (member build (return (member withHubProtocol (return (member withUrl (return (member HubConnectionBuilder (root https://www.npmjs.com/package/@microsoft/signalr)))))))))"
      }, 
      {
        "value": "JS.Error"
      }
    ]
  ], 
  "columns": [
    "p", 
    "col1"
  ]
}