{
  "project": {
    "url": "https://lgtm.com/projects/g/deprecate/generator-bbb", 
    "url-identifier": "g/deprecate/generator-bbb", 
    "id": 1506747616542, 
    "name": "deprecate/generator-bbb"
  }, 
  "data": [
    [
      {
        "value": "(instance (parameter 0 (member inherits (root https://www.npmjs.com/package/util))))"
      }, 
      {
        "value": "end"
      }
    ], 
    [
      {
        "value": "(return (member on (instance (parameter 0 (member inherits (root https://www.npmjs.com/package/util))))))"
      }, 
      {
        "value": "end"
      }
    ], 
    [
      {
        "value": "(return (member on (parameter 0 (member apply (member Base (member generators (root https://www.npmjs.com/package/yeoman-generator)))))))"
      }, 
      {
        "value": "end"
      }
    ]
  ], 
  "columns": [
    "p", 
    "col1"
  ]
}