{
  "project": {
    "url": "https://lgtm.com/projects/g/danieldalo/FinalVotingBot", 
    "url-identifier": "g/danieldalo/FinalVotingBot", 
    "id": 1505882536452, 
    "name": "danieldalo/FinalVotingBot"
  }, 
  "data": [
    [
      {
        "value": "(return (member create (root https://www.npmjs.com/package/domain)))"
      }, 
      {
        "value": "error"
      }
    ], 
    [
      {
        "value": "(return (member on (return (member create (root https://www.npmjs.com/package/domain)))))"
      }, 
      {
        "value": "error"
      }
    ]
  ], 
  "columns": [
    "p", 
    "col1"
  ]
}