{
  "project": {
    "url": "https://lgtm.com/projects/g/ember-cli/broccoli-builder", 
    "url-identifier": "g/ember-cli/broccoli-builder", 
    "id": 1506745236105, 
    "name": "ember-cli/broccoli-builder"
  }, 
  "data": [
    [
      {
        "value": "(root https://www.npmjs.com/package/rsvp)"
      }, 
      {
        "value": "error"
      }
    ], 
    [
      {
        "value": "(instance (member Builder (root https://www.npmjs.com/package/broccoli-builder)))"
      }, 
      {
        "value": "start"
      }
    ], 
    [
      {
        "value": "(instance (member Builder (root https://www.npmjs.com/package/broccoli-builder)))"
      }, 
      {
        "value": "end"
      }
    ], 
    [
      {
        "value": "(return (member on (root https://www.npmjs.com/package/rsvp)))"
      }, 
      {
        "value": "error"
      }
    ], 
    [
      {
        "value": "(return (member on (instance (member Builder (root https://www.npmjs.com/package/broccoli-builder)))))"
      }, 
      {
        "value": "start"
      }
    ], 
    [
      {
        "value": "(return (member on (instance (member Builder (root https://www.npmjs.com/package/broccoli-builder)))))"
      }, 
      {
        "value": "end"
      }
    ]
  ], 
  "columns": [
    "p", 
    "col1"
  ]
}