{
  "project": {
    "url": "https://lgtm.com/projects/g/ember-cli/broccoli-es6modules", 
    "url-identifier": "g/ember-cli/broccoli-es6modules", 
    "id": 1506745476226, 
    "name": "ember-cli/broccoli-es6modules"
  }, 
  "data": [
    [
      {
        "value": "(root https://www.npmjs.com/package/rsvp)"
      }, 
      {
        "value": "error"
      }
    ], 
    [
      {
        "value": "(return (member on (root https://www.npmjs.com/package/rsvp)))"
      }, 
      {
        "value": "error"
      }
    ]
  ], 
  "columns": [
    "p", 
    "col1"
  ]
}