{
  "project": {
    "url": "https://lgtm.com/projects/g/epixa/card-stuff", 
    "url-identifier": "g/epixa/card-stuff", 
    "id": 1506711947193, 
    "name": "epixa/card-stuff"
  }, 
  "data": [
    [
      {
        "value": "(return (member connect (root https://www.npmjs.com/package/socket.io-client)))"
      }, 
      {
        "value": "error"
      }
    ], 
    [
      {
        "value": "(return (member connect (root https://www.npmjs.com/package/socket.io-client)))"
      }, 
      {
        "value": "connect"
      }
    ], 
    [
      {
        "value": "(member sockets (return (member listen (root https://www.npmjs.com/package/socket.io))))"
      }, 
      {
        "value": "connection"
      }
    ], 
    [
      {
        "value": "(return (member on (return (member connect (root https://www.npmjs.com/package/socket.io-client)))))"
      }, 
      {
        "value": "error"
      }
    ], 
    [
      {
        "value": "(return (member on (return (member connect (root https://www.npmjs.com/package/socket.io-client)))))"
      }, 
      {
        "value": "connect"
      }
    ], 
    [
      {
        "value": "(return (member on (member sockets (return (member listen (root https://www.npmjs.com/package/socket.io))))))"
      }, 
      {
        "value": "connection"
      }
    ], 
    [
      {
        "value": "(parameter 0 (parameter 1 (member on (member sockets (return (member listen (root https://www.npmjs.com/package/socket.io)))))))"
      }, 
      {
        "value": "disconnect"
      }
    ], 
    [
      {
        "value": "(parameter 0 (parameter 1 (member on (member sockets (return (member listen (root https://www.npmjs.com/package/socket.io)))))))"
      }, 
      {
        "value": "model:sync"
      }
    ], 
    [
      {
        "value": "(parameter 0 (parameter 1 (member on (member sockets (return (member listen (root https://www.npmjs.com/package/socket.io)))))))"
      }, 
      {
        "value": "collection:sync"
      }
    ], 
    [
      {
        "value": "(return (member on (parameter 0 (parameter 1 (member on (member sockets (return (member listen (root https://www.npmjs.com/package/socket.io)))))))))"
      }, 
      {
        "value": "disconnect"
      }
    ], 
    [
      {
        "value": "(return (member on (parameter 0 (parameter 1 (member on (member sockets (return (member listen (root https://www.npmjs.com/package/socket.io)))))))))"
      }, 
      {
        "value": "model:sync"
      }
    ], 
    [
      {
        "value": "(return (member on (parameter 0 (parameter 1 (member on (member sockets (return (member listen (root https://www.npmjs.com/package/socket.io)))))))))"
      }, 
      {
        "value": "collection:sync"
      }
    ]
  ], 
  "columns": [
    "p", 
    "col1"
  ]
}