{
  "project": {
    "url": "https://lgtm.com/projects/g/Emerson-Shatouhy/DBP-MediaClub-Controller", 
    "url-identifier": "g/Emerson-Shatouhy/DBP-MediaClub-Controller", 
    "id": 1511770807464, 
    "name": "Emerson-Shatouhy/DBP-MediaClub-Controller"
  }, 
  "data": [
    [
      {
        "value": "(member app (root https://www.npmjs.com/package/electron))"
      }, 
      {
        "value": "window-all-closed"
      }
    ], 
    [
      {
        "value": "(member app (root https://www.npmjs.com/package/electron))"
      }, 
      {
        "value": "activate"
      }
    ], 
    [
      {
        "value": "(member ipcRenderer (root https://www.npmjs.com/package/electron))"
      }, 
      {
        "value": "init"
      }
    ], 
    [
      {
        "value": "(member ipcRenderer (root https://www.npmjs.com/package/electron))"
      }, 
      {
        "value": "point"
      }
    ], 
    [
      {
        "value": "(member ipcRenderer (root https://www.npmjs.com/package/electron))"
      }, 
      {
        "value": "clock"
      }
    ], 
    [
      {
        "value": "(member ipcRenderer (root https://www.npmjs.com/package/electron))"
      }, 
      {
        "value": "setQuarter"
      }
    ], 
    [
      {
        "value": "(instance (member BrowserWindow (root https://www.npmjs.com/package/electron)))"
      }, 
      {
        "value": "close"
      }
    ], 
    [
      {
        "value": "(instance (member BrowserWindow (root https://www.npmjs.com/package/electron)))"
      }, 
      {
        "value": "ready-to-show"
      }
    ], 
    [
      {
        "value": "(return (member BrowserWindow (root https://www.npmjs.com/package/electron)))"
      }, 
      {
        "value": "close"
      }
    ], 
    [
      {
        "value": "(return (member BrowserWindow (root https://www.npmjs.com/package/electron)))"
      }, 
      {
        "value": "ready-to-show"
      }
    ], 
    [
      {
        "value": "(return (member on (member app (root https://www.npmjs.com/package/electron))))"
      }, 
      {
        "value": "window-all-closed"
      }
    ], 
    [
      {
        "value": "(return (member on (member app (root https://www.npmjs.com/package/electron))))"
      }, 
      {
        "value": "activate"
      }
    ], 
    [
      {
        "value": "(return (member on (member ipcRenderer (root https://www.npmjs.com/package/electron))))"
      }, 
      {
        "value": "init"
      }
    ], 
    [
      {
        "value": "(return (member on (member ipcRenderer (root https://www.npmjs.com/package/electron))))"
      }, 
      {
        "value": "point"
      }
    ], 
    [
      {
        "value": "(return (member on (member ipcRenderer (root https://www.npmjs.com/package/electron))))"
      }, 
      {
        "value": "clock"
      }
    ], 
    [
      {
        "value": "(return (member on (member ipcRenderer (root https://www.npmjs.com/package/electron))))"
      }, 
      {
        "value": "setQuarter"
      }
    ], 
    [
      {
        "value": "(return (member on (instance (member BrowserWindow (root https://www.npmjs.com/package/electron)))))"
      }, 
      {
        "value": "close"
      }
    ], 
    [
      {
        "value": "(return (member once (instance (member BrowserWindow (root https://www.npmjs.com/package/electron)))))"
      }, 
      {
        "value": "ready-to-show"
      }
    ], 
    [
      {
        "value": "(return (member on (return (member BrowserWindow (root https://www.npmjs.com/package/electron)))))"
      }, 
      {
        "value": "close"
      }
    ], 
    [
      {
        "value": "(return (member once (return (member BrowserWindow (root https://www.npmjs.com/package/electron)))))"
      }, 
      {
        "value": "ready-to-show"
      }
    ]
  ], 
  "columns": [
    "p", 
    "col1"
  ]
}