{
  "project": {
    "url": "https://lgtm.com/projects/g/eduardo-costa/web-bundle", 
    "url-identifier": "g/eduardo-costa/web-bundle", 
    "id": 115341869, 
    "name": "eduardo-costa/web-bundle"
  }, 
  "data": [
    [
      {
        "value": "(return (member createWriteStream (root https://www.npmjs.com/package/fs)))"
      }, 
      {
        "value": "close"
      }
    ], 
    [
      {
        "value": "(return (member pipe (return (member createReadStream (root https://www.npmjs.com/package/fs)))))"
      }, 
      {
        "value": "error"
      }
    ], 
    [
      {
        "value": "(return (member pipe (return (member createReadStream (root https://www.npmjs.com/package/fs)))))"
      }, 
      {
        "value": "parsed"
      }
    ], 
    [
      {
        "value": "(return (member on (return (member createWriteStream (root https://www.npmjs.com/package/fs)))))"
      }, 
      {
        "value": "close"
      }
    ], 
    [
      {
        "value": "(return (member on (return (member pipe (return (member createReadStream (root https://www.npmjs.com/package/fs)))))))"
      }, 
      {
        "value": "error"
      }
    ], 
    [
      {
        "value": "(return (member on (return (member pipe (return (member createReadStream (root https://www.npmjs.com/package/fs)))))))"
      }, 
      {
        "value": "parsed"
      }
    ], 
    [
      {
        "value": "(return (member on (parameter 0 (member pipe (return (member pack (instance (member PNG (root https://www.npmjs.com/package/node-png)))))))))"
      }, 
      {
        "value": "close"
      }
    ], 
    [
      {
        "value": "(return (member on (parameter 0 (member pipe (return (member pack (return (member PNG (root https://www.npmjs.com/package/node-png)))))))))"
      }, 
      {
        "value": "close"
      }
    ], 
    [
      {
        "value": "(return (member on (return (member on (return (member pipe (return (member createReadStream (root https://www.npmjs.com/package/fs)))))))))"
      }, 
      {
        "value": "error"
      }
    ]
  ], 
  "columns": [
    "p", 
    "col1"
  ]
}