{
  "project": {
    "url": "https://lgtm.com/projects/g/Freyskeyd/generator-laravel", 
    "url-identifier": "g/Freyskeyd/generator-laravel", 
    "id": 1797310897, 
    "name": "Freyskeyd/generator-laravel"
  }, 
  "data": [
    [
      {
        "value": "(member stdout (return (member spawn (root https://www.npmjs.com/package/child_process))))"
      }, 
      {
        "value": "data"
      }
    ], 
    [
      {
        "value": "(member stderr (return (member spawn (root https://www.npmjs.com/package/child_process))))"
      }, 
      {
        "value": "data"
      }
    ], 
    [
      {
        "value": "(member stderr (return (member spawn (root https://www.npmjs.com/package/child_process))))"
      }, 
      {
        "value": "close"
      }
    ], 
    [
      {
        "value": "(return (member on (member stdout (return (member spawn (root https://www.npmjs.com/package/child_process))))))"
      }, 
      {
        "value": "data"
      }
    ], 
    [
      {
        "value": "(return (member on (member stderr (return (member spawn (root https://www.npmjs.com/package/child_process))))))"
      }, 
      {
        "value": "data"
      }
    ], 
    [
      {
        "value": "(return (member on (member stderr (return (member spawn (root https://www.npmjs.com/package/child_process))))))"
      }, 
      {
        "value": "close"
      }
    ]
  ], 
  "columns": [
    "p", 
    "col1"
  ]
}