{
  "project": {
    "url": "https://lgtm.com/projects/g/facebook/create-react-app", 
    "url-identifier": "g/facebook/create-react-app", 
    "id": 1783562029, 
    "name": "facebook/create-react-app"
  }, 
  "data": [
    [
      {
        "value": "(root https://www.npmjs.com/package/process)"
      }, 
      {
        "value": "SIGINT"
      }
    ], 
    [
      {
        "value": "(root https://www.npmjs.com/package/process)"
      }, 
      {
        "value": "unhandledRejection"
      }
    ], 
    [
      {
        "value": "(root https://www.npmjs.com/package/process)"
      }, 
      {
        "value": "uncaughtException"
      }
    ], 
    [
      {
        "value": "(return (root https://www.npmjs.com/package/cross-spawn))"
      }, 
      {
        "value": "close"
      }
    ], 
    [
      {
        "value": "(member stdin (root https://www.npmjs.com/package/process))"
      }, 
      {
        "value": "end"
      }
    ], 
    [
      {
        "value": "(return (member shell (root https://www.npmjs.com/package/execa)))"
      }, 
      {
        "value": "exit"
      }
    ], 
    [
      {
        "value": "(return (member watch (root https://www.npmjs.com/package/chokidar)))"
      }, 
      {
        "value": "error"
      }
    ], 
    [
      {
        "value": "(return (member watch (root https://www.npmjs.com/package/chokidar)))"
      }, 
      {
        "value": "add"
      }
    ], 
    [
      {
        "value": "(return (member watch (root https://www.npmjs.com/package/chokidar)))"
      }, 
      {
        "value": "change"
      }
    ], 
    [
      {
        "value": "(return (member watch (root https://www.npmjs.com/package/chokidar)))"
      }, 
      {
        "value": "ready"
      }
    ], 
    [
      {
        "value": "(return (member on (root https://www.npmjs.com/package/process)))"
      }, 
      {
        "value": "SIGINT"
      }
    ], 
    [
      {
        "value": "(return (member on (root https://www.npmjs.com/package/process)))"
      }, 
      {
        "value": "unhandledRejection"
      }
    ], 
    [
      {
        "value": "(return (member on (root https://www.npmjs.com/package/process)))"
      }, 
      {
        "value": "uncaughtException"
      }
    ], 
    [
      {
        "value": "(return (member spawn (root https://www.npmjs.com/package/child_process)))"
      }, 
      {
        "value": "error"
      }
    ], 
    [
      {
        "value": "(return (member spawn (root https://www.npmjs.com/package/child_process)))"
      }, 
      {
        "value": "exit"
      }
    ], 
    [
      {
        "value": "(member stdout (return (member shell (root https://www.npmjs.com/package/execa))))"
      }, 
      {
        "value": "data"
      }
    ], 
    [
      {
        "value": "(return (member on (return (root https://www.npmjs.com/package/cross-spawn))))"
      }, 
      {
        "value": "close"
      }
    ], 
    [
      {
        "value": "(return (member on (member stdin (root https://www.npmjs.com/package/process))))"
      }, 
      {
        "value": "end"
      }
    ], 
    [
      {
        "value": "(return (member on (return (member shell (root https://www.npmjs.com/package/execa)))))"
      }, 
      {
        "value": "exit"
      }
    ], 
    [
      {
        "value": "(return (member on (return (member watch (root https://www.npmjs.com/package/chokidar)))))"
      }, 
      {
        "value": "error"
      }
    ], 
    [
      {
        "value": "(return (member on (return (member watch (root https://www.npmjs.com/package/chokidar)))))"
      }, 
      {
        "value": "add"
      }
    ], 
    [
      {
        "value": "(return (member on (return (member watch (root https://www.npmjs.com/package/chokidar)))))"
      }, 
      {
        "value": "change"
      }
    ], 
    [
      {
        "value": "(return (member on (return (member watch (root https://www.npmjs.com/package/chokidar)))))"
      }, 
      {
        "value": "ready"
      }
    ], 
    [
      {
        "value": "(return (member on (return (member spawn (root https://www.npmjs.com/package/child_process)))))"
      }, 
      {
        "value": "error"
      }
    ], 
    [
      {
        "value": "(return (member on (return (member spawn (root https://www.npmjs.com/package/child_process)))))"
      }, 
      {
        "value": "exit"
      }
    ], 
    [
      {
        "value": "(return (member on (member stdout (return (member shell (root https://www.npmjs.com/package/execa))))))"
      }, 
      {
        "value": "data"
      }
    ]
  ], 
  "columns": [
    "p", 
    "col1"
  ]
}