{
  "project": {
    "url": "https://lgtm.com/projects/g/fed135/Kalm", 
    "url-identifier": "g/fed135/Kalm", 
    "id": 1791820456, 
    "name": "fed135/Kalm"
  }, 
  "data": [
    [
      {
        "value": "(return (member createServer (root https://www.npmjs.com/package/net)))"
      }, 
      {
        "value": "error"
      }
    ], 
    [
      {
        "value": "(return (member connect (root https://www.npmjs.com/package/net)))"
      }, 
      {
        "value": "error"
      }
    ], 
    [
      {
        "value": "(return (member connect (root https://www.npmjs.com/package/net)))"
      }, 
      {
        "value": "timeout"
      }
    ], 
    [
      {
        "value": "(return (member connect (root https://www.npmjs.com/package/net)))"
      }, 
      {
        "value": "close"
      }
    ], 
    [
      {
        "value": "(return (member connect (root https://www.npmjs.com/package/net)))"
      }, 
      {
        "value": "connect"
      }
    ], 
    [
      {
        "value": "(return (member createSocket (root https://www.npmjs.com/package/dgram)))"
      }, 
      {
        "value": "error"
      }
    ], 
    [
      {
        "value": "(return (member createSocket (root https://www.npmjs.com/package/dgram)))"
      }, 
      {
        "value": "message"
      }
    ], 
    [
      {
        "value": "(parameter 0 (parameter 0 (member createServer (root https://www.npmjs.com/package/net))))"
      }, 
      {
        "value": "data"
      }
    ], 
    [
      {
        "value": "(parameter 0 (parameter 0 (member createServer (root https://www.npmjs.com/package/net))))"
      }, 
      {
        "value": "error"
      }
    ], 
    [
      {
        "value": "(return (member on (return (member createServer (root https://www.npmjs.com/package/net)))))"
      }, 
      {
        "value": "error"
      }
    ], 
    [
      {
        "value": "(return (member pipe (return (member connect (root https://www.npmjs.com/package/net)))))"
      }, 
      {
        "value": "data"
      }
    ], 
    [
      {
        "value": "(return (member on (return (member connect (root https://www.npmjs.com/package/net)))))"
      }, 
      {
        "value": "error"
      }
    ], 
    [
      {
        "value": "(return (member on (return (member connect (root https://www.npmjs.com/package/net)))))"
      }, 
      {
        "value": "timeout"
      }
    ], 
    [
      {
        "value": "(return (member on (return (member connect (root https://www.npmjs.com/package/net)))))"
      }, 
      {
        "value": "close"
      }
    ], 
    [
      {
        "value": "(return (member on (return (member connect (root https://www.npmjs.com/package/net)))))"
      }, 
      {
        "value": "connect"
      }
    ], 
    [
      {
        "value": "(return (member on (return (member createSocket (root https://www.npmjs.com/package/dgram)))))"
      }, 
      {
        "value": "error"
      }
    ], 
    [
      {
        "value": "(return (member on (return (member createSocket (root https://www.npmjs.com/package/dgram)))))"
      }, 
      {
        "value": "message"
      }
    ], 
    [
      {
        "value": "(return (member on (parameter 0 (parameter 0 (member createServer (root https://www.npmjs.com/package/net))))))"
      }, 
      {
        "value": "data"
      }
    ], 
    [
      {
        "value": "(return (member on (parameter 0 (parameter 0 (member createServer (root https://www.npmjs.com/package/net))))))"
      }, 
      {
        "value": "error"
      }
    ], 
    [
      {
        "value": "(return (member on (return (member pipe (return (member connect (root https://www.npmjs.com/package/net)))))))"
      }, 
      {
        "value": "data"
      }
    ]
  ], 
  "columns": [
    "p", 
    "col1"
  ]
}