{
  "project": {
    "url": "https://lgtm.com/projects/g/firebase/angularfire", 
    "url-identifier": "g/firebase/angularfire", 
    "id": 108863084, 
    "name": "firebase/angularfire"
  }, 
  "data": [
    [
      {
        "value": "(return (member child (return (member refFromURL (return (member database (root https://www.npmjs.com/package/firebase)))))))"
      }, 
      {
        "value": "value"
      }
    ], 
    [
      {
        "value": "(return (member limitToLast (return (member refFromURL (return (member database (root https://www.npmjs.com/package/firebase)))))))"
      }, 
      {
        "value": "child_added"
      }
    ], 
    [
      {
        "value": "(return (member once (return (member child (return (member refFromURL (return (member database (root https://www.npmjs.com/package/firebase)))))))))"
      }, 
      {
        "value": "value"
      }
    ], 
    [
      {
        "value": "(return (member limitToLast (return (member child (return (member refFromURL (return (member database (root https://www.npmjs.com/package/firebase)))))))))"
      }, 
      {
        "value": "child_added"
      }
    ], 
    [
      {
        "value": "(return (member on (return (member limitToLast (return (member refFromURL (return (member database (root https://www.npmjs.com/package/firebase)))))))))"
      }, 
      {
        "value": "child_added"
      }
    ], 
    [
      {
        "value": "(return (member limitToFirst (return (member startAt (return (member refFromURL (return (member database (root https://www.npmjs.com/package/firebase)))))))))"
      }, 
      {
        "value": "child_added"
      }
    ]
  ], 
  "columns": [
    "p", 
    "col1"
  ]
}