{
  "project": {
    "url": "https://lgtm.com/projects/g/FabricLabs/fabric", 
    "url-identifier": "g/FabricLabs/fabric", 
    "id": 1511648469985, 
    "name": "FabricLabs/fabric"
  }, 
  "data": [
    [
      {
        "value": "(return (root https://www.npmjs.com/package/level))"
      }, 
      {
        "value": "put"
      }
    ], 
    [
      {
        "value": "(instance (member SPVNode (root https://www.npmjs.com/package/bcoin)))"
      }, 
      {
        "value": "block"
      }
    ], 
    [
      {
        "value": "(instance (member SPVNode (root https://www.npmjs.com/package/bcoin)))"
      }, 
      {
        "value": "tx"
      }
    ], 
    [
      {
        "value": "(instance (member default (root https://www.npmjs.com/package/ethereumjs-vm)))"
      }, 
      {
        "value": "step"
      }
    ], 
    [
      {
        "value": "(return (member SPVNode (root https://www.npmjs.com/package/bcoin)))"
      }, 
      {
        "value": "block"
      }
    ], 
    [
      {
        "value": "(return (member SPVNode (root https://www.npmjs.com/package/bcoin)))"
      }, 
      {
        "value": "tx"
      }
    ], 
    [
      {
        "value": "(return (member default (root https://www.npmjs.com/package/ethereumjs-vm)))"
      }, 
      {
        "value": "step"
      }
    ], 
    [
      {
        "value": "(return (member button (root https://www.npmjs.com/package/blessed)))"
      }, 
      {
        "value": "press"
      }
    ], 
    [
      {
        "value": "(return (member form (root https://www.npmjs.com/package/blessed)))"
      }, 
      {
        "value": "submit"
      }
    ], 
    [
      {
        "value": "(return (member fromOptions (member Peer (root https://www.npmjs.com/package/bcoin))))"
      }, 
      {
        "value": "error"
      }
    ], 
    [
      {
        "value": "(return (member fromOptions (member Peer (root https://www.npmjs.com/package/bcoin))))"
      }, 
      {
        "value": "open"
      }
    ], 
    [
      {
        "value": "(return (member fromOptions (member Peer (root https://www.npmjs.com/package/bcoin))))"
      }, 
      {
        "value": "packet"
      }
    ], 
    [
      {
        "value": "(return (member on (return (root https://www.npmjs.com/package/level))))"
      }, 
      {
        "value": "put"
      }
    ], 
    [
      {
        "value": "(return (member on (instance (member SPVNode (root https://www.npmjs.com/package/bcoin)))))"
      }, 
      {
        "value": "block"
      }
    ], 
    [
      {
        "value": "(return (member on (instance (member SPVNode (root https://www.npmjs.com/package/bcoin)))))"
      }, 
      {
        "value": "tx"
      }
    ], 
    [
      {
        "value": "(return (member on (instance (member default (root https://www.npmjs.com/package/ethereumjs-vm)))))"
      }, 
      {
        "value": "step"
      }
    ], 
    [
      {
        "value": "(return (member on (return (member SPVNode (root https://www.npmjs.com/package/bcoin)))))"
      }, 
      {
        "value": "block"
      }
    ], 
    [
      {
        "value": "(return (member on (return (member SPVNode (root https://www.npmjs.com/package/bcoin)))))"
      }, 
      {
        "value": "tx"
      }
    ], 
    [
      {
        "value": "(return (member on (return (member default (root https://www.npmjs.com/package/ethereumjs-vm)))))"
      }, 
      {
        "value": "step"
      }
    ], 
    [
      {
        "value": "(return (member on (parameter 0 (member ok (root https://www.npmjs.com/package/assert)))))"
      }, 
      {
        "value": "message"
      }
    ], 
    [
      {
        "value": "(return (member on (parameter 0 (member ok (root https://www.npmjs.com/package/assert)))))"
      }, 
      {
        "value": "changes"
      }
    ], 
    [
      {
        "value": "(return (member on (return (member button (root https://www.npmjs.com/package/blessed)))))"
      }, 
      {
        "value": "press"
      }
    ], 
    [
      {
        "value": "(return (member on (return (member form (root https://www.npmjs.com/package/blessed)))))"
      }, 
      {
        "value": "submit"
      }
    ], 
    [
      {
        "value": "(return (member on (return (member fromOptions (member Peer (root https://www.npmjs.com/package/bcoin))))))"
      }, 
      {
        "value": "error"
      }
    ], 
    [
      {
        "value": "(return (member on (return (member fromOptions (member Peer (root https://www.npmjs.com/package/bcoin))))))"
      }, 
      {
        "value": "open"
      }
    ], 
    [
      {
        "value": "(return (member on (return (member fromOptions (member Peer (root https://www.npmjs.com/package/bcoin))))))"
      }, 
      {
        "value": "packet"
      }
    ]
  ], 
  "columns": [
    "p", 
    "col1"
  ]
}