{
  "project": {
    "url": "https://lgtm.com/projects/g/guardian/interactive-euros2016-player-guide", 
    "url-identifier": "g/guardian/interactive-euros2016-player-guide", 
    "id": 1506261436224, 
    "name": "guardian/interactive-euros2016-player-guide"
  }, 
  "data": [
    [
      {
        "value": "(return (member walk (root https://www.npmjs.com/package/fs-extra)))"
      }, 
      {
        "value": "data"
      }
    ], 
    [
      {
        "value": "(return (member walk (root https://www.npmjs.com/package/fs-extra)))"
      }, 
      {
        "value": "end"
      }
    ], 
    [
      {
        "value": "(return (member on (return (member walk (root https://www.npmjs.com/package/fs-extra)))))"
      }, 
      {
        "value": "data"
      }
    ], 
    [
      {
        "value": "(return (member on (return (member walk (root https://www.npmjs.com/package/fs-extra)))))"
      }, 
      {
        "value": "end"
      }
    ], 
    [
      {
        "value": "(return (member on (return (member on (return (member walk (root https://www.npmjs.com/package/fs-extra)))))))"
      }, 
      {
        "value": "end"
      }
    ]
  ], 
  "columns": [
    "p", 
    "col1"
  ]
}