{
  "project": {
    "url": "https://lgtm.com/projects/g/ggergo/jquery-miller-columns", 
    "url-identifier": "g/ggergo/jquery-miller-columns", 
    "id": 1507658186457, 
    "name": "ggergo/jquery-miller-columns"
  }, 
  "data": [
    [
      {
        "value": "(return (parameter 0 (root https://www.npmjs.com/package/jquery-miller-columns)))"
      }, 
      {
        "value": "click"
      }
    ], 
    [
      {
        "value": "(return (member on (return (parameter 0 (root https://www.npmjs.com/package/jquery-miller-columns)))))"
      }, 
      {
        "value": "click"
      }
    ]
  ], 
  "columns": [
    "p", 
    "col1"
  ]
}