{
  "project": {
    "url": "https://lgtm.com/projects/g/gocardless/es6-angularjs", 
    "url-identifier": "g/gocardless/es6-angularjs", 
    "id": 106571533, 
    "name": "gocardless/es6-angularjs"
  }, 
  "data": [
    [
      {
        "value": "(return (root https://www.npmjs.com/package/fb-flo))"
      }, 
      {
        "value": "ready"
      }
    ], 
    [
      {
        "value": "(return (member once (return (root https://www.npmjs.com/package/fb-flo))))"
      }, 
      {
        "value": "ready"
      }
    ], 
    [
      {
        "value": "(return (member listen (return (member createServer (root https://www.npmjs.com/package/http)))))"
      }, 
      {
        "value": "error"
      }
    ], 
    [
      {
        "value": "(return (member listen (return (member createServer (root https://www.npmjs.com/package/http)))))"
      }, 
      {
        "value": "listening"
      }
    ], 
    [
      {
        "value": "(return (member once (return (member listen (return (member createServer (root https://www.npmjs.com/package/http)))))))"
      }, 
      {
        "value": "error"
      }
    ], 
    [
      {
        "value": "(return (member once (return (member listen (return (member createServer (root https://www.npmjs.com/package/http)))))))"
      }, 
      {
        "value": "listening"
      }
    ], 
    [
      {
        "value": "(return (member on (return (member once (return (member listen (return (member createServer (root https://www.npmjs.com/package/http)))))))))"
      }, 
      {
        "value": "listening"
      }
    ]
  ], 
  "columns": [
    "p", 
    "col1"
  ]
}