{
  "project": {
    "url": "https://lgtm.com/projects/g/guardian/frontend", 
    "url-identifier": "g/guardian/frontend", 
    "id": 1506259506401, 
    "name": "guardian/frontend"
  }, 
  "data": [
    [
      {
        "value": "(return (member watch (root https://www.npmjs.com/package/chokidar)))"
      }, 
      {
        "value": "change"
      }
    ], 
    [
      {
        "value": "(return (member spawn (root https://www.npmjs.com/package/child_process)))"
      }, 
      {
        "value": "close"
      }
    ], 
    [
      {
        "value": "(return (member get (root https://www.npmjs.com/package/https)))"
      }, 
      {
        "value": "error"
      }
    ], 
    [
      {
        "value": "(return (member on (return (member watch (root https://www.npmjs.com/package/chokidar)))))"
      }, 
      {
        "value": "change"
      }
    ], 
    [
      {
        "value": "(return (member on (return (member spawn (root https://www.npmjs.com/package/child_process)))))"
      }, 
      {
        "value": "close"
      }
    ], 
    [
      {
        "value": "(return (member on (return (member get (root https://www.npmjs.com/package/https)))))"
      }, 
      {
        "value": "error"
      }
    ], 
    [
      {
        "value": "(return (member pipe (parameter 0 (parameter 1 (member get (root https://www.npmjs.com/package/https))))))"
      }, 
      {
        "value": "error"
      }
    ], 
    [
      {
        "value": "(return (member pipe (parameter 0 (parameter 1 (member get (root https://www.npmjs.com/package/https))))))"
      }, 
      {
        "value": "finish"
      }
    ], 
    [
      {
        "value": "(return (member on (return (member pipe (parameter 0 (parameter 1 (member get (root https://www.npmjs.com/package/https))))))))"
      }, 
      {
        "value": "error"
      }
    ], 
    [
      {
        "value": "(return (member on (return (member pipe (parameter 0 (parameter 1 (member get (root https://www.npmjs.com/package/https))))))))"
      }, 
      {
        "value": "finish"
      }
    ], 
    [
      {
        "value": "(return (member on (return (member on (return (member pipe (parameter 0 (parameter 1 (member get (root https://www.npmjs.com/package/https))))))))))"
      }, 
      {
        "value": "error"
      }
    ]
  ], 
  "columns": [
    "p", 
    "col1"
  ]
}