{
  "project": {
    "url": "https://lgtm.com/projects/g/guardian/fulfilment-lambdas", 
    "url-identifier": "g/guardian/fulfilment-lambdas", 
    "id": 1506268436065, 
    "name": "guardian/fulfilment-lambdas"
  }, 
  "data": [
    [
      {
        "value": "(return (member pipe (return (root https://www.npmjs.com/package/multistream))))"
      }, 
      {
        "value": "data"
      }
    ], 
    [
      {
        "value": "(return (member pipe (return (root https://www.npmjs.com/package/multistream))))"
      }, 
      {
        "value": "error"
      }
    ], 
    [
      {
        "value": "(return (member pipe (return (root https://www.npmjs.com/package/multistream))))"
      }, 
      {
        "value": "end"
      }
    ], 
    [
      {
        "value": "(return (member pipe (return (member default (root https://www.npmjs.com/package/multistream)))))"
      }, 
      {
        "value": "data"
      }
    ], 
    [
      {
        "value": "(return (member pipe (return (member default (root https://www.npmjs.com/package/multistream)))))"
      }, 
      {
        "value": "error"
      }
    ], 
    [
      {
        "value": "(return (member pipe (return (member default (root https://www.npmjs.com/package/multistream)))))"
      }, 
      {
        "value": "end"
      }
    ], 
    [
      {
        "value": "(return (member on (return (member pipe (return (root https://www.npmjs.com/package/multistream))))))"
      }, 
      {
        "value": "data"
      }
    ], 
    [
      {
        "value": "(return (member on (return (member pipe (return (root https://www.npmjs.com/package/multistream))))))"
      }, 
      {
        "value": "error"
      }
    ], 
    [
      {
        "value": "(return (member on (return (member pipe (return (root https://www.npmjs.com/package/multistream))))))"
      }, 
      {
        "value": "end"
      }
    ], 
    [
      {
        "value": "(return (member on (return (member pipe (return (member default (root https://www.npmjs.com/package/multistream)))))))"
      }, 
      {
        "value": "data"
      }
    ], 
    [
      {
        "value": "(return (member on (return (member pipe (return (member default (root https://www.npmjs.com/package/multistream)))))))"
      }, 
      {
        "value": "error"
      }
    ], 
    [
      {
        "value": "(return (member on (return (member pipe (return (member default (root https://www.npmjs.com/package/multistream)))))))"
      }, 
      {
        "value": "end"
      }
    ], 
    [
      {
        "value": "(return (member on (return (member on (return (member pipe (return (root https://www.npmjs.com/package/multistream))))))))"
      }, 
      {
        "value": "data"
      }
    ], 
    [
      {
        "value": "(return (member on (return (member on (return (member pipe (return (root https://www.npmjs.com/package/multistream))))))))"
      }, 
      {
        "value": "end"
      }
    ], 
    [
      {
        "value": "(return (member on (return (member on (return (member pipe (return (member default (root https://www.npmjs.com/package/multistream)))))))))"
      }, 
      {
        "value": "data"
      }
    ], 
    [
      {
        "value": "(return (member on (return (member on (return (member pipe (return (member default (root https://www.npmjs.com/package/multistream)))))))))"
      }, 
      {
        "value": "end"
      }
    ], 
    [
      {
        "value": "(return (member on (return (member on (return (member on (return (member pipe (return (root https://www.npmjs.com/package/multistream))))))))))"
      }, 
      {
        "value": "end"
      }
    ]
  ], 
  "columns": [
    "p", 
    "col1"
  ]
}