{
  "project": {
    "url": "https://lgtm.com/projects/g/GoogleChromeLabs/carlo", 
    "url-identifier": "g/GoogleChromeLabs/carlo", 
    "id": 1506706770334, 
    "name": "GoogleChromeLabs/carlo"
  }, 
  "data": [
    [
      {
        "value": "(root https://www.npmjs.com/package/process)"
      }, 
      {
        "value": "message"
      }
    ], 
    [
      {
        "value": "(return (member spawn (root https://www.npmjs.com/package/ndb-node-pty-prebuilt)))"
      }, 
      {
        "value": "data"
      }
    ], 
    [
      {
        "value": "(return (member on (root https://www.npmjs.com/package/process)))"
      }, 
      {
        "value": "message"
      }
    ], 
    [
      {
        "value": "(return (member fork (root https://www.npmjs.com/package/child_process)))"
      }, 
      {
        "value": "message"
      }
    ], 
    [
      {
        "value": "(return (member on (return (member spawn (root https://www.npmjs.com/package/ndb-node-pty-prebuilt)))))"
      }, 
      {
        "value": "data"
      }
    ], 
    [
      {
        "value": "(return (member on (return (member fork (root https://www.npmjs.com/package/child_process)))))"
      }, 
      {
        "value": "message"
      }
    ], 
    [
      {
        "value": "(return (member on (parameter 0 (member bind (member send (return (member fork (root https://www.npmjs.com/package/child_process))))))))"
      }, 
      {
        "value": "message"
      }
    ]
  ], 
  "columns": [
    "p", 
    "col1"
  ]
}