{
  "project": {
    "url": "https://lgtm.com/projects/g/Garito/WorkbenchFS", 
    "url-identifier": "g/Garito/WorkbenchFS", 
    "id": 1506096657074, 
    "name": "Garito/WorkbenchFS"
  }, 
  "data": [
    [
      {
        "value": "(return (member createServer (root https://www.npmjs.com/package/http)))"
      }, 
      {
        "value": "error"
      }
    ], 
    [
      {
        "value": "(parameter 0 (parameter 0 (member createServer (root https://www.npmjs.com/package/http))))"
      }, 
      {
        "value": "end"
      }
    ], 
    [
      {
        "value": "(parameter 0 (parameter 1 (member request (root https://www.npmjs.com/package/https))))"
      }, 
      {
        "value": "data"
      }
    ], 
    [
      {
        "value": "(parameter 0 (parameter 1 (member request (root https://www.npmjs.com/package/https))))"
      }, 
      {
        "value": "end"
      }
    ], 
    [
      {
        "value": "(return (member addListener (return (member createServer (root https://www.npmjs.com/package/http)))))"
      }, 
      {
        "value": "error"
      }
    ], 
    [
      {
        "value": "(return (member addListener (parameter 0 (parameter 0 (member createServer (root https://www.npmjs.com/package/http))))))"
      }, 
      {
        "value": "end"
      }
    ], 
    [
      {
        "value": "(return (member on (parameter 0 (parameter 1 (member request (root https://www.npmjs.com/package/https))))))"
      }, 
      {
        "value": "data"
      }
    ], 
    [
      {
        "value": "(return (member on (parameter 0 (parameter 1 (member request (root https://www.npmjs.com/package/https))))))"
      }, 
      {
        "value": "end"
      }
    ], 
    [
      {
        "value": "(return (member addListener (parameter 0 (member serve (instance (member Server (root https://www.npmjs.com/package/node-static)))))))"
      }, 
      {
        "value": "end"
      }
    ], 
    [
      {
        "value": "(return (member addListener (parameter 0 (member serve (return (member Server (root https://www.npmjs.com/package/node-static)))))))"
      }, 
      {
        "value": "end"
      }
    ]
  ], 
  "columns": [
    "p", 
    "col1"
  ]
}