{
  "project": {
    "url": "https://lgtm.com/projects/g/GianlucaGuarini/parallax", 
    "url-identifier": "g/GianlucaGuarini/parallax", 
    "id": 97706532, 
    "name": "GianlucaGuarini/parallax"
  }, 
  "data": [
    [
      {
        "value": "(return (member watch (root https://www.npmjs.com/package/chokidar)))"
      }, 
      {
        "value": "all"
      }
    ], 
    [
      {
        "value": "(return (member spawn (root https://www.npmjs.com/package/child_process)))"
      }, 
      {
        "value": "exit"
      }
    ], 
    [
      {
        "value": "(return (member on (return (member watch (root https://www.npmjs.com/package/chokidar)))))"
      }, 
      {
        "value": "all"
      }
    ], 
    [
      {
        "value": "(return (member on (return (member spawn (root https://www.npmjs.com/package/child_process)))))"
      }, 
      {
        "value": "exit"
      }
    ]
  ], 
  "columns": [
    "p", 
    "col1"
  ]
}