{
  "project": {
    "url": "https://lgtm.com/projects/g/glesperance/node-rocket", 
    "url-identifier": "g/glesperance/node-rocket", 
    "id": 1796260503, 
    "name": "glesperance/node-rocket"
  }, 
  "data": [
    [
      {
        "value": "(instance (member FileEventEmitter (root https://www.npmjs.com/package/async-fs)))"
      }, 
      {
        "value": "changes"
      }
    ], 
    [
      {
        "value": "(return (member FileEventEmitter (root https://www.npmjs.com/package/async-fs)))"
      }, 
      {
        "value": "changes"
      }
    ], 
    [
      {
        "value": "(return (member watchTree (root https://www.npmjs.com/package/async-fs)))"
      }, 
      {
        "value": "change"
      }
    ], 
    [
      {
        "value": "(return (member on (instance (member FileEventEmitter (root https://www.npmjs.com/package/async-fs)))))"
      }, 
      {
        "value": "changes"
      }
    ], 
    [
      {
        "value": "(return (member on (return (member FileEventEmitter (root https://www.npmjs.com/package/async-fs)))))"
      }, 
      {
        "value": "changes"
      }
    ], 
    [
      {
        "value": "(return (member on (return (member watchTree (root https://www.npmjs.com/package/async-fs)))))"
      }, 
      {
        "value": "change"
      }
    ]
  ], 
  "columns": [
    "p", 
    "col1"
  ]
}