{
  "project": {
    "url": "https://lgtm.com/projects/g/harshakaveli/sampleApplication", 
    "url-identifier": "g/harshakaveli/sampleApplication", 
    "id": 1510767118507, 
    "name": "harshakaveli/sampleApplication"
  }, 
  "data": [
    [
      {
        "value": "(return (member request (root https://www.npmjs.com/package/http)))"
      }, 
      {
        "value": "error"
      }
    ], 
    [
      {
        "value": "(return (member request (root https://www.npmjs.com/package/https)))"
      }, 
      {
        "value": "error"
      }
    ], 
    [
      {
        "value": "(parameter 0 (parameter 1 (member request (root https://www.npmjs.com/package/http))))"
      }, 
      {
        "value": "data"
      }
    ], 
    [
      {
        "value": "(parameter 0 (parameter 1 (member request (root https://www.npmjs.com/package/http))))"
      }, 
      {
        "value": "end"
      }
    ], 
    [
      {
        "value": "(parameter 0 (parameter 1 (member request (root https://www.npmjs.com/package/https))))"
      }, 
      {
        "value": "data"
      }
    ], 
    [
      {
        "value": "(parameter 0 (parameter 1 (member request (root https://www.npmjs.com/package/https))))"
      }, 
      {
        "value": "end"
      }
    ], 
    [
      {
        "value": "(return (member on (return (member request (root https://www.npmjs.com/package/http)))))"
      }, 
      {
        "value": "error"
      }
    ], 
    [
      {
        "value": "(return (member on (return (member request (root https://www.npmjs.com/package/https)))))"
      }, 
      {
        "value": "error"
      }
    ], 
    [
      {
        "value": "(return (member on (parameter 0 (parameter 1 (member request (root https://www.npmjs.com/package/http))))))"
      }, 
      {
        "value": "data"
      }
    ], 
    [
      {
        "value": "(return (member on (parameter 0 (parameter 1 (member request (root https://www.npmjs.com/package/http))))))"
      }, 
      {
        "value": "end"
      }
    ], 
    [
      {
        "value": "(return (member on (parameter 0 (parameter 1 (member request (root https://www.npmjs.com/package/https))))))"
      }, 
      {
        "value": "data"
      }
    ], 
    [
      {
        "value": "(return (member on (parameter 0 (parameter 1 (member request (root https://www.npmjs.com/package/https))))))"
      }, 
      {
        "value": "end"
      }
    ]
  ], 
  "columns": [
    "p", 
    "col1"
  ]
}