{
  "project": {
    "url": "https://lgtm.com/projects/g/hbouvier/dns", 
    "url-identifier": "g/hbouvier/dns", 
    "id": 1762920964, 
    "name": "hbouvier/dns"
  }, 
  "data": [
    [
      {
        "value": "(return (member createClient (root https://www.npmjs.com/package/redis)))"
      }, 
      {
        "value": "error"
      }
    ], 
    [
      {
        "value": "(return (member createClient (root https://www.npmjs.com/package/redis)))"
      }, 
      {
        "value": "end"
      }
    ], 
    [
      {
        "value": "(return (member createClient (root https://www.npmjs.com/package/redis)))"
      }, 
      {
        "value": "ready"
      }
    ], 
    [
      {
        "value": "(return (member createClient (root https://www.npmjs.com/package/redis)))"
      }, 
      {
        "value": "connect"
      }
    ], 
    [
      {
        "value": "(return (member createClient (root https://www.npmjs.com/package/redis)))"
      }, 
      {
        "value": "idle"
      }
    ], 
    [
      {
        "value": "(return (member createClient (root https://www.npmjs.com/package/redis)))"
      }, 
      {
        "value": "drain"
      }
    ], 
    [
      {
        "value": "(return (member Request (root https://www.npmjs.com/package/native-dns)))"
      }, 
      {
        "value": "message"
      }
    ], 
    [
      {
        "value": "(return (member Request (root https://www.npmjs.com/package/native-dns)))"
      }, 
      {
        "value": "timeout"
      }
    ], 
    [
      {
        "value": "(return (member Request (root https://www.npmjs.com/package/native-dns)))"
      }, 
      {
        "value": "end"
      }
    ], 
    [
      {
        "value": "(return (member on (return (member Request (root https://www.npmjs.com/package/native-dns)))))"
      }, 
      {
        "value": "message"
      }
    ], 
    [
      {
        "value": "(return (member on (return (member Request (root https://www.npmjs.com/package/native-dns)))))"
      }, 
      {
        "value": "timeout"
      }
    ], 
    [
      {
        "value": "(return (member on (return (member Request (root https://www.npmjs.com/package/native-dns)))))"
      }, 
      {
        "value": "end"
      }
    ], 
    [
      {
        "value": "(return (member on (return (member createClient (root https://www.npmjs.com/package/redis)))))"
      }, 
      {
        "value": "error"
      }
    ], 
    [
      {
        "value": "(return (member on (return (member createClient (root https://www.npmjs.com/package/redis)))))"
      }, 
      {
        "value": "end"
      }
    ], 
    [
      {
        "value": "(return (member on (return (member createClient (root https://www.npmjs.com/package/redis)))))"
      }, 
      {
        "value": "ready"
      }
    ], 
    [
      {
        "value": "(return (member on (return (member createClient (root https://www.npmjs.com/package/redis)))))"
      }, 
      {
        "value": "connect"
      }
    ], 
    [
      {
        "value": "(return (member on (return (member createClient (root https://www.npmjs.com/package/redis)))))"
      }, 
      {
        "value": "idle"
      }
    ], 
    [
      {
        "value": "(return (member on (return (member createClient (root https://www.npmjs.com/package/redis)))))"
      }, 
      {
        "value": "drain"
      }
    ]
  ], 
  "columns": [
    "p", 
    "col1"
  ]
}