{
  "project": {
    "url": "https://lgtm.com/projects/g/ilyakam/gulp-pug-linter", 
    "url-identifier": "g/ilyakam/gulp-pug-linter", 
    "id": 1511537488311, 
    "name": "ilyakam/gulp-pug-linter"
  }, 
  "data": [
    [
      {
        "value": "(return (member obj (root https://www.npmjs.com/package/through2)))"
      }, 
      {
        "value": "data"
      }
    ], 
    [
      {
        "value": "(return (member obj (root https://www.npmjs.com/package/through2)))"
      }, 
      {
        "value": "error"
      }
    ], 
    [
      {
        "value": "(return (member obj (root https://www.npmjs.com/package/through2)))"
      }, 
      {
        "value": "finish"
      }
    ], 
    [
      {
        "value": "(return (member on (return (member obj (root https://www.npmjs.com/package/through2)))))"
      }, 
      {
        "value": "data"
      }
    ], 
    [
      {
        "value": "(return (member on (return (member obj (root https://www.npmjs.com/package/through2)))))"
      }, 
      {
        "value": "error"
      }
    ], 
    [
      {
        "value": "(return (member on (return (member obj (root https://www.npmjs.com/package/through2)))))"
      }, 
      {
        "value": "finish"
      }
    ]
  ], 
  "columns": [
    "p", 
    "col1"
  ]
}