{
  "project": {
    "url": "https://lgtm.com/projects/g/IonicaBizau/proc-output", 
    "url-identifier": "g/IonicaBizau/proc-output", 
    "id": 1506691166591, 
    "name": "IonicaBizau/proc-output"
  }, 
  "data": [
    [
      {
        "value": "(parameter 0 (root https://www.npmjs.com/package/proc-output))"
      }, 
      {
        "value": "error"
      }
    ], 
    [
      {
        "value": "(parameter 0 (root https://www.npmjs.com/package/proc-output))"
      }, 
      {
        "value": "close"
      }
    ], 
    [
      {
        "value": "(member stdout (return (root https://www.npmjs.com/package/proc-output)))"
      }, 
      {
        "value": "data"
      }
    ], 
    [
      {
        "value": "(member stderr (return (root https://www.npmjs.com/package/proc-output)))"
      }, 
      {
        "value": "data"
      }
    ], 
    [
      {
        "value": "(member stdout (parameter 0 (root https://www.npmjs.com/package/proc-output)))"
      }, 
      {
        "value": "data"
      }
    ], 
    [
      {
        "value": "(member stderr (parameter 0 (root https://www.npmjs.com/package/proc-output)))"
      }, 
      {
        "value": "data"
      }
    ], 
    [
      {
        "value": "(return (member spawn (root https://www.npmjs.com/package/child_process)))"
      }, 
      {
        "value": "error"
      }
    ], 
    [
      {
        "value": "(return (member spawn (root https://www.npmjs.com/package/child_process)))"
      }, 
      {
        "value": "close"
      }
    ], 
    [
      {
        "value": "(return (member on (return (root https://www.npmjs.com/package/proc-output))))"
      }, 
      {
        "value": "error"
      }
    ], 
    [
      {
        "value": "(return (member on (return (root https://www.npmjs.com/package/proc-output))))"
      }, 
      {
        "value": "close"
      }
    ], 
    [
      {
        "value": "(return (member on (parameter 0 (root https://www.npmjs.com/package/proc-output))))"
      }, 
      {
        "value": "error"
      }
    ], 
    [
      {
        "value": "(return (member on (parameter 0 (root https://www.npmjs.com/package/proc-output))))"
      }, 
      {
        "value": "close"
      }
    ], 
    [
      {
        "value": "(member stdout (return (member spawn (root https://www.npmjs.com/package/child_process))))"
      }, 
      {
        "value": "data"
      }
    ], 
    [
      {
        "value": "(member stderr (return (member spawn (root https://www.npmjs.com/package/child_process))))"
      }, 
      {
        "value": "data"
      }
    ], 
    [
      {
        "value": "(return (member on (member stdout (return (root https://www.npmjs.com/package/proc-output)))))"
      }, 
      {
        "value": "data"
      }
    ], 
    [
      {
        "value": "(return (member on (member stderr (return (root https://www.npmjs.com/package/proc-output)))))"
      }, 
      {
        "value": "data"
      }
    ], 
    [
      {
        "value": "(return (member on (member stdout (parameter 0 (root https://www.npmjs.com/package/proc-output)))))"
      }, 
      {
        "value": "data"
      }
    ], 
    [
      {
        "value": "(return (member on (member stderr (parameter 0 (root https://www.npmjs.com/package/proc-output)))))"
      }, 
      {
        "value": "data"
      }
    ], 
    [
      {
        "value": "(return (member on (return (member spawn (root https://www.npmjs.com/package/child_process)))))"
      }, 
      {
        "value": "error"
      }
    ], 
    [
      {
        "value": "(return (member on (return (member spawn (root https://www.npmjs.com/package/child_process)))))"
      }, 
      {
        "value": "close"
      }
    ], 
    [
      {
        "value": "(return (member on (member stdout (return (member spawn (root https://www.npmjs.com/package/child_process))))))"
      }, 
      {
        "value": "data"
      }
    ], 
    [
      {
        "value": "(return (member on (member stderr (return (member spawn (root https://www.npmjs.com/package/child_process))))))"
      }, 
      {
        "value": "data"
      }
    ]
  ], 
  "columns": [
    "p", 
    "col1"
  ]
}