{
  "project": {
    "url": "https://lgtm.com/projects/g/indreklasn/graphql-nodejs-hapi-api", 
    "url-identifier": "g/indreklasn/graphql-nodejs-hapi-api", 
    "id": 1510880348077, 
    "name": "indreklasn/graphql-nodejs-hapi-api"
  }, 
  "data": [
    [
      {
        "value": "(root https://www.npmjs.com/package/process)"
      }, 
      {
        "value": "unHandledRejection"
      }
    ], 
    [
      {
        "value": "(member connection (root https://www.npmjs.com/package/mongoose))"
      }, 
      {
        "value": "open"
      }
    ], 
    [
      {
        "value": "(return (member on (root https://www.npmjs.com/package/process)))"
      }, 
      {
        "value": "unHandledRejection"
      }
    ], 
    [
      {
        "value": "(return (member once (member connection (root https://www.npmjs.com/package/mongoose))))"
      }, 
      {
        "value": "open"
      }
    ]
  ], 
  "columns": [
    "p", 
    "col1"
  ]
}