{
  "project": {
    "url": "https://lgtm.com/projects/g/indutny/vock-server", 
    "url-identifier": "g/indutny/vock-server", 
    "id": 1791950590, 
    "name": "indutny/vock-server"
  }, 
  "data": [
    [
      {
        "value": "(return (member fork (root https://www.npmjs.com/package/cluster)))"
      }, 
      {
        "value": "exit"
      }
    ], 
    [
      {
        "value": "(return (member createSocket (root https://www.npmjs.com/package/dgram)))"
      }, 
      {
        "value": "message"
      }
    ], 
    [
      {
        "value": "(return (member on (return (member fork (root https://www.npmjs.com/package/cluster)))))"
      }, 
      {
        "value": "exit"
      }
    ], 
    [
      {
        "value": "(return (member on (return (member createSocket (root https://www.npmjs.com/package/dgram)))))"
      }, 
      {
        "value": "message"
      }
    ]
  ], 
  "columns": [
    "p", 
    "col1"
  ]
}