{
  "project": {
    "url": "https://lgtm.com/projects/g/ioBroker/ioBroker.repositories", 
    "url-identifier": "g/ioBroker/ioBroker.repositories", 
    "id": 1511917901394, 
    "name": "ioBroker/ioBroker.repositories"
  }, 
  "data": [
    [
      {
        "value": "(return (root https://www.npmjs.com/package/request))"
      }, 
      {
        "value": "error"
      }
    ], 
    [
      {
        "value": "(return (member post (root https://www.npmjs.com/package/request)))"
      }, 
      {
        "value": "error"
      }
    ], 
    [
      {
        "value": "(return (member createCipher (root https://www.npmjs.com/package/crypto)))"
      }, 
      {
        "value": "end"
      }
    ], 
    [
      {
        "value": "(return (member createCipher (root https://www.npmjs.com/package/crypto)))"
      }, 
      {
        "value": "readable"
      }
    ], 
    [
      {
        "value": "(return (member createDecipher (root https://www.npmjs.com/package/crypto)))"
      }, 
      {
        "value": "error"
      }
    ], 
    [
      {
        "value": "(return (member createDecipher (root https://www.npmjs.com/package/crypto)))"
      }, 
      {
        "value": "end"
      }
    ], 
    [
      {
        "value": "(return (member createDecipher (root https://www.npmjs.com/package/crypto)))"
      }, 
      {
        "value": "readable"
      }
    ], 
    [
      {
        "value": "(return (member on (return (root https://www.npmjs.com/package/request))))"
      }, 
      {
        "value": "error"
      }
    ], 
    [
      {
        "value": "(return (member on (return (member post (root https://www.npmjs.com/package/request)))))"
      }, 
      {
        "value": "error"
      }
    ], 
    [
      {
        "value": "(return (member on (return (member createCipher (root https://www.npmjs.com/package/crypto)))))"
      }, 
      {
        "value": "end"
      }
    ], 
    [
      {
        "value": "(return (member on (return (member createCipher (root https://www.npmjs.com/package/crypto)))))"
      }, 
      {
        "value": "readable"
      }
    ], 
    [
      {
        "value": "(return (member on (return (member createDecipher (root https://www.npmjs.com/package/crypto)))))"
      }, 
      {
        "value": "error"
      }
    ], 
    [
      {
        "value": "(return (member on (return (member createDecipher (root https://www.npmjs.com/package/crypto)))))"
      }, 
      {
        "value": "end"
      }
    ], 
    [
      {
        "value": "(return (member on (return (member createDecipher (root https://www.npmjs.com/package/crypto)))))"
      }, 
      {
        "value": "readable"
      }
    ], 
    [
      {
        "value": "(return (member pipe (return (member on (return (root https://www.npmjs.com/package/request))))))"
      }, 
      {
        "value": "close"
      }
    ], 
    [
      {
        "value": "(return (member on (return (member pipe (return (member on (return (root https://www.npmjs.com/package/request))))))))"
      }, 
      {
        "value": "close"
      }
    ]
  ], 
  "columns": [
    "p", 
    "col1"
  ]
}