{
  "project": {
    "url": "https://lgtm.com/projects/g/inaes-tic/mbc-caspa", 
    "url-identifier": "g/inaes-tic/mbc-caspa", 
    "id": 1510841646991, 
    "name": "inaes-tic/mbc-caspa"
  }, 
  "data": [
    [
      {
        "value": "(return (member walk (root https://www.npmjs.com/package/walk)))"
      }, 
      {
        "value": "end"
      }
    ], 
    [
      {
        "value": "(return (member walk (root https://www.npmjs.com/package/walk)))"
      }, 
      {
        "value": "file"
      }
    ], 
    [
      {
        "value": "(return (member spawn (root https://www.npmjs.com/package/child_process)))"
      }, 
      {
        "value": "exit"
      }
    ], 
    [
      {
        "value": "(return (member connect (root https://www.npmjs.com/package/socket.io-client)))"
      }, 
      {
        "value": "connect"
      }
    ], 
    [
      {
        "value": "(return (member connect (root https://www.npmjs.com/package/socket.io-client)))"
      }, 
      {
        "value": "pageview"
      }
    ], 
    [
      {
        "value": "(return (member connect (root https://www.npmjs.com/package/socket.io-client)))"
      }, 
      {
        "value": "medias:moved"
      }
    ], 
    [
      {
        "value": "(return (member listen (return (root https://www.npmjs.com/package/express))))"
      }, 
      {
        "value": "error"
      }
    ], 
    [
      {
        "value": "(member stdout (return (member spawn (root https://www.npmjs.com/package/child_process))))"
      }, 
      {
        "value": "data"
      }
    ], 
    [
      {
        "value": "(return (member on (parameter 0 (member listen (root https://www.npmjs.com/package/backbone.io)))))"
      }, 
      {
        "value": "error"
      }
    ], 
    [
      {
        "value": "(return (member on (return (member walk (root https://www.npmjs.com/package/walk)))))"
      }, 
      {
        "value": "end"
      }
    ], 
    [
      {
        "value": "(return (member on (return (member walk (root https://www.npmjs.com/package/walk)))))"
      }, 
      {
        "value": "file"
      }
    ], 
    [
      {
        "value": "(return (member listen (parameter 0 (member middleware (root https://www.npmjs.com/package/everyauth)))))"
      }, 
      {
        "value": "error"
      }
    ], 
    [
      {
        "value": "(return (member on (return (member spawn (root https://www.npmjs.com/package/child_process)))))"
      }, 
      {
        "value": "exit"
      }
    ], 
    [
      {
        "value": "(return (member on (return (member connect (root https://www.npmjs.com/package/socket.io-client)))))"
      }, 
      {
        "value": "connect"
      }
    ], 
    [
      {
        "value": "(return (member on (return (member connect (root https://www.npmjs.com/package/socket.io-client)))))"
      }, 
      {
        "value": "pageview"
      }
    ], 
    [
      {
        "value": "(return (member on (return (member connect (root https://www.npmjs.com/package/socket.io-client)))))"
      }, 
      {
        "value": "medias:moved"
      }
    ], 
    [
      {
        "value": "(return (member on (return (member listen (return (root https://www.npmjs.com/package/express))))))"
      }, 
      {
        "value": "error"
      }
    ], 
    [
      {
        "value": "(return (member on (member stdout (return (member spawn (root https://www.npmjs.com/package/child_process))))))"
      }, 
      {
        "value": "data"
      }
    ], 
    [
      {
        "value": "(member stdout (return (member on (return (member spawn (root https://www.npmjs.com/package/child_process))))))"
      }, 
      {
        "value": "data"
      }
    ], 
    [
      {
        "value": "(member stderr (return (member on (return (member spawn (root https://www.npmjs.com/package/child_process))))))"
      }, 
      {
        "value": "data"
      }
    ], 
    [
      {
        "value": "(return (member on (return (member on (return (member walk (root https://www.npmjs.com/package/walk)))))))"
      }, 
      {
        "value": "end"
      }
    ], 
    [
      {
        "value": "(return (member on (return (member listen (parameter 0 (member middleware (root https://www.npmjs.com/package/everyauth)))))))"
      }, 
      {
        "value": "error"
      }
    ], 
    [
      {
        "value": "(return (member on (member stdout (return (member on (return (member spawn (root https://www.npmjs.com/package/child_process))))))))"
      }, 
      {
        "value": "data"
      }
    ], 
    [
      {
        "value": "(return (member on (member stderr (return (member on (return (member spawn (root https://www.npmjs.com/package/child_process))))))))"
      }, 
      {
        "value": "data"
      }
    ]
  ], 
  "columns": [
    "p", 
    "col1"
  ]
}