{
  "project": {
    "url": "https://lgtm.com/projects/g/IBM/watson-discovery-food-reviews", 
    "url-identifier": "g/IBM/watson-discovery-food-reviews", 
    "id": 1506263696749, 
    "name": "IBM/watson-discovery-food-reviews"
  }, 
  "data": [
    [
      {
        "value": "(return (member preFileLine (return (member fromFile (return (root https://www.npmjs.com/package/csvtojson))))))"
      }, 
      {
        "value": "data"
      }
    ], 
    [
      {
        "value": "(return (member preFileLine (return (member fromFile (return (root https://www.npmjs.com/package/csvtojson))))))"
      }, 
      {
        "value": "done"
      }
    ], 
    [
      {
        "value": "(return (member on (return (member preFileLine (return (member fromFile (return (root https://www.npmjs.com/package/csvtojson))))))))"
      }, 
      {
        "value": "data"
      }
    ], 
    [
      {
        "value": "(return (member on (return (member preFileLine (return (member fromFile (return (root https://www.npmjs.com/package/csvtojson))))))))"
      }, 
      {
        "value": "done"
      }
    ], 
    [
      {
        "value": "(return (member on (return (member on (return (member preFileLine (return (member fromFile (return (root https://www.npmjs.com/package/csvtojson))))))))))"
      }, 
      {
        "value": "done"
      }
    ]
  ], 
  "columns": [
    "p", 
    "col1"
  ]
}