{
  "project": {
    "url": "https://lgtm.com/projects/g/IonicaBizau/streetpianos-scraper", 
    "url-identifier": "g/IonicaBizau/streetpianos-scraper", 
    "id": 1506720536088, 
    "name": "IonicaBizau/streetpianos-scraper"
  }, 
  "data": [
    [
      {
        "value": "(root https://www.npmjs.com/package/process)"
      }, 
      {
        "value": "unhandledRejection"
      }
    ], 
    [
      {
        "value": "(return (member on (root https://www.npmjs.com/package/process)))"
      }, 
      {
        "value": "unhandledRejection"
      }
    ]
  ], 
  "columns": [
    "p", 
    "col1"
  ]
}