{
  "project": {
    "url": "https://lgtm.com/projects/g/inveniosoftware-contrib/ng2-json-editor", 
    "url-identifier": "g/inveniosoftware-contrib/ng2-json-editor", 
    "id": 1506502638259, 
    "name": "inveniosoftware-contrib/ng2-json-editor"
  }, 
  "data": [
    [
      {
        "value": "(return (member sync (root https://www.npmjs.com/package/gulp-sass)))"
      }, 
      {
        "value": "error"
      }
    ], 
    [
      {
        "value": "(return (member on (return (member sync (root https://www.npmjs.com/package/gulp-sass)))))"
      }, 
      {
        "value": "error"
      }
    ]
  ], 
  "columns": [
    "p", 
    "col1"
  ]
}