{
  "project": {
    "url": "https://lgtm.com/projects/g/jhen0409/redux-dispatch-cli", 
    "url-identifier": "g/jhen0409/redux-dispatch-cli", 
    "id": 1511478643424, 
    "name": "jhen0409/redux-dispatch-cli"
  }, 
  "data": [
    [
      {
        "value": "(return (member connect (root https://www.npmjs.com/package/net)))"
      }, 
      {
        "value": "error"
      }
    ], 
    [
      {
        "value": "(return (member connect (member default (root https://www.npmjs.com/package/net))))"
      }, 
      {
        "value": "error"
      }
    ], 
    [
      {
        "value": "(return (member on (return (member connect (root https://www.npmjs.com/package/net)))))"
      }, 
      {
        "value": "error"
      }
    ], 
    [
      {
        "value": "(return (member on (return (member connect (member default (root https://www.npmjs.com/package/net))))))"
      }, 
      {
        "value": "error"
      }
    ]
  ], 
  "columns": [
    "p", 
    "col1"
  ]
}