{
  "project": {
    "url": "https://lgtm.com/projects/g/johancc/ArtNewsDemo", 
    "url-identifier": "g/johancc/ArtNewsDemo", 
    "id": 1511467957465, 
    "name": "johancc/ArtNewsDemo"
  }, 
  "data": [
    [
      {
        "value": "(return (member createServer (root https://www.npmjs.com/package/net)))"
      }, 
      {
        "value": "error"
      }
    ], 
    [
      {
        "value": "(return (member createServer (root https://www.npmjs.com/package/net)))"
      }, 
      {
        "value": "close"
      }
    ], 
    [
      {
        "value": "(return (member createServer (root https://www.npmjs.com/package/net)))"
      }, 
      {
        "value": "listening"
      }
    ], 
    [
      {
        "value": "(return (member once (return (member createServer (root https://www.npmjs.com/package/net)))))"
      }, 
      {
        "value": "error"
      }
    ], 
    [
      {
        "value": "(return (member once (return (member createServer (root https://www.npmjs.com/package/net)))))"
      }, 
      {
        "value": "close"
      }
    ], 
    [
      {
        "value": "(return (member once (return (member createServer (root https://www.npmjs.com/package/net)))))"
      }, 
      {
        "value": "listening"
      }
    ]
  ], 
  "columns": [
    "p", 
    "col1"
  ]
}