{
  "project": {
    "url": "https://lgtm.com/projects/g/jeff-1amstudios/c64-slack-client", 
    "url-identifier": "g/jeff-1amstudios/c64-slack-client", 
    "id": 1506585427729, 
    "name": "jeff-1amstudios/c64-slack-client"
  }, 
  "data": [
    [
      {
        "value": "(instance (root https://www.npmjs.com/package/serialport))"
      }, 
      {
        "value": "data"
      }
    ], 
    [
      {
        "value": "(instance (root https://www.npmjs.com/package/serialport))"
      }, 
      {
        "value": "open"
      }
    ], 
    [
      {
        "value": "(return (root https://www.npmjs.com/package/serialport))"
      }, 
      {
        "value": "data"
      }
    ], 
    [
      {
        "value": "(return (root https://www.npmjs.com/package/serialport))"
      }, 
      {
        "value": "open"
      }
    ], 
    [
      {
        "value": "(member stdin (root https://www.npmjs.com/package/process))"
      }, 
      {
        "value": "data"
      }
    ], 
    [
      {
        "value": "(member stdin (root https://www.npmjs.com/package/process))"
      }, 
      {
        "value": "end"
      }
    ], 
    [
      {
        "value": "(member stdin (root https://www.npmjs.com/package/process))"
      }, 
      {
        "value": "close"
      }
    ], 
    [
      {
        "value": "(member stdout (root https://www.npmjs.com/package/process))"
      }, 
      {
        "value": "error"
      }
    ], 
    [
      {
        "value": "(return (member on (instance (root https://www.npmjs.com/package/serialport))))"
      }, 
      {
        "value": "data"
      }
    ], 
    [
      {
        "value": "(return (member on (instance (root https://www.npmjs.com/package/serialport))))"
      }, 
      {
        "value": "open"
      }
    ], 
    [
      {
        "value": "(return (member on (return (root https://www.npmjs.com/package/serialport))))"
      }, 
      {
        "value": "data"
      }
    ], 
    [
      {
        "value": "(return (member on (return (root https://www.npmjs.com/package/serialport))))"
      }, 
      {
        "value": "open"
      }
    ], 
    [
      {
        "value": "(return (member on (member stdin (root https://www.npmjs.com/package/process))))"
      }, 
      {
        "value": "data"
      }
    ], 
    [
      {
        "value": "(return (member on (member stdin (root https://www.npmjs.com/package/process))))"
      }, 
      {
        "value": "end"
      }
    ], 
    [
      {
        "value": "(return (member on (member stdin (root https://www.npmjs.com/package/process))))"
      }, 
      {
        "value": "close"
      }
    ], 
    [
      {
        "value": "(return (member on (member stdout (root https://www.npmjs.com/package/process))))"
      }, 
      {
        "value": "error"
      }
    ]
  ], 
  "columns": [
    "p", 
    "col1"
  ]
}