{
  "project": {
    "url": "https://lgtm.com/projects/g/Jahia/jahia", 
    "url-identifier": "g/Jahia/jahia", 
    "id": 1511246341718, 
    "name": "Jahia/jahia"
  }, 
  "data": [
    [
      {
        "value": "(return (root https://www.npmjs.com/package/gulp-sass))"
      }, 
      {
        "value": "error"
      }
    ], 
    [
      {
        "value": "(return (member on (return (root https://www.npmjs.com/package/gulp-sass))))"
      }, 
      {
        "value": "error"
      }
    ]
  ], 
  "columns": [
    "p", 
    "col1"
  ]
}