{
  "project": {
    "url": "https://lgtm.com/projects/g/JosipReh/react-graphql-exercise", 
    "url-identifier": "g/JosipReh/react-graphql-exercise", 
    "id": 1506690996362, 
    "name": "JosipReh/react-graphql-exercise"
  }, 
  "data": [
    [
      {
        "value": "(member connection (root https://www.npmjs.com/package/mongoose))"
      }, 
      {
        "value": "error"
      }
    ], 
    [
      {
        "value": "(member connection (root https://www.npmjs.com/package/mongoose))"
      }, 
      {
        "value": "open"
      }
    ], 
    [
      {
        "value": "(return (member once (member connection (root https://www.npmjs.com/package/mongoose))))"
      }, 
      {
        "value": "error"
      }
    ], 
    [
      {
        "value": "(return (member once (member connection (root https://www.npmjs.com/package/mongoose))))"
      }, 
      {
        "value": "open"
      }
    ], 
    [
      {
        "value": "(return (member on (return (member once (member connection (root https://www.npmjs.com/package/mongoose))))))"
      }, 
      {
        "value": "error"
      }
    ]
  ], 
  "columns": [
    "p", 
    "col1"
  ]
}