{
  "project": {
    "url": "https://lgtm.com/projects/g/jessevdk/webgl-play", 
    "url-identifier": "g/jessevdk/webgl-play", 
    "id": 1789980491, 
    "name": "jessevdk/webgl-play"
  }, 
  "data": [
    [
      {
        "value": "(return (root https://www.npmjs.com/package/jsdoc-parse))"
      }, 
      {
        "value": "end"
      }
    ], 
    [
      {
        "value": "(member stdin (root https://www.npmjs.com/package/process))"
      }, 
      {
        "value": "data"
      }
    ], 
    [
      {
        "value": "(member stdin (root https://www.npmjs.com/package/process))"
      }, 
      {
        "value": "end"
      }
    ], 
    [
      {
        "value": "(return (member on (return (root https://www.npmjs.com/package/jsdoc-parse))))"
      }, 
      {
        "value": "end"
      }
    ], 
    [
      {
        "value": "(return (member on (member stdin (root https://www.npmjs.com/package/process))))"
      }, 
      {
        "value": "data"
      }
    ], 
    [
      {
        "value": "(return (member on (member stdin (root https://www.npmjs.com/package/process))))"
      }, 
      {
        "value": "end"
      }
    ]
  ], 
  "columns": [
    "p", 
    "col1"
  ]
}