{
  "project": {
    "url": "https://lgtm.com/projects/g/jculvey/roboto", 
    "url-identifier": "g/jculvey/roboto", 
    "id": 1800000597, 
    "name": "jculvey/roboto"
  }, 
  "data": [
    [
      {
        "value": "(instance (parameter 0 (member inherits (root https://www.npmjs.com/package/util))))"
      }, 
      {
        "value": "next"
      }
    ], 
    [
      {
        "value": "(instance (parameter 0 (member inherits (root https://www.npmjs.com/package/util))))"
      }, 
      {
        "value": "start"
      }
    ], 
    [
      {
        "value": "(instance (parameter 0 (member inherits (root https://www.npmjs.com/package/util))))"
      }, 
      {
        "value": "item"
      }
    ], 
    [
      {
        "value": "(instance (parameter 0 (member inherits (root https://www.npmjs.com/package/util))))"
      }, 
      {
        "value": "finish"
      }
    ], 
    [
      {
        "value": "(instance (parameter 0 (member inherits (root https://www.npmjs.com/package/util))))"
      }, 
      {
        "value": "httpError"
      }
    ], 
    [
      {
        "value": "(return (member on (parameter 2 (member each (root https://www.npmjs.com/package/underscore)))))"
      }, 
      {
        "value": "next"
      }
    ], 
    [
      {
        "value": "(return (member on (parameter 2 (member each (root https://www.npmjs.com/package/underscore)))))"
      }, 
      {
        "value": "start"
      }
    ], 
    [
      {
        "value": "(return (member on (instance (parameter 0 (member inherits (root https://www.npmjs.com/package/util))))))"
      }, 
      {
        "value": "next"
      }
    ], 
    [
      {
        "value": "(return (member on (instance (parameter 0 (member inherits (root https://www.npmjs.com/package/util))))))"
      }, 
      {
        "value": "start"
      }
    ], 
    [
      {
        "value": "(return (member on (instance (parameter 0 (member inherits (root https://www.npmjs.com/package/util))))))"
      }, 
      {
        "value": "item"
      }
    ], 
    [
      {
        "value": "(return (member on (instance (parameter 0 (member inherits (root https://www.npmjs.com/package/util))))))"
      }, 
      {
        "value": "finish"
      }
    ], 
    [
      {
        "value": "(return (member on (instance (parameter 0 (member inherits (root https://www.npmjs.com/package/util))))))"
      }, 
      {
        "value": "httpError"
      }
    ], 
    [
      {
        "value": "(return (member on (parameter 0 (member call (member EventEmitter (root https://www.npmjs.com/package/events))))))"
      }, 
      {
        "value": "next"
      }
    ], 
    [
      {
        "value": "(return (member on (parameter 0 (member call (member EventEmitter (root https://www.npmjs.com/package/events))))))"
      }, 
      {
        "value": "start"
      }
    ], 
    [
      {
        "value": "(return (member once (instance (parameter 0 (member inherits (root https://www.npmjs.com/package/util))))))"
      }, 
      {
        "value": "finish"
      }
    ], 
    [
      {
        "value": "(return (member on (parameter 0 (member call (parameter 1 (member inherits (root https://www.npmjs.com/package/util)))))))"
      }, 
      {
        "value": "next"
      }
    ], 
    [
      {
        "value": "(return (member on (parameter 0 (member call (parameter 1 (member inherits (root https://www.npmjs.com/package/util)))))))"
      }, 
      {
        "value": "start"
      }
    ]
  ], 
  "columns": [
    "p", 
    "col1"
  ]
}