{
  "project": {
    "url": "https://lgtm.com/projects/g/jr-codes/front-end-boilerplate", 
    "url-identifier": "g/jr-codes/front-end-boilerplate", 
    "id": 1511732338703, 
    "name": "jr-codes/front-end-boilerplate"
  }, 
  "data": [
    [
      {
        "value": "(return (root https://www.npmjs.com/package/watchify))"
      }, 
      {
        "value": "log"
      }
    ], 
    [
      {
        "value": "(return (root https://www.npmjs.com/package/watchify))"
      }, 
      {
        "value": "update"
      }
    ], 
    [
      {
        "value": "(return (member watch (root https://www.npmjs.com/package/gulp)))"
      }, 
      {
        "value": "change"
      }
    ], 
    [
      {
        "value": "(return (member on (return (root https://www.npmjs.com/package/watchify))))"
      }, 
      {
        "value": "log"
      }
    ], 
    [
      {
        "value": "(return (member on (return (root https://www.npmjs.com/package/watchify))))"
      }, 
      {
        "value": "update"
      }
    ], 
    [
      {
        "value": "(return (member on (return (member watch (root https://www.npmjs.com/package/gulp)))))"
      }, 
      {
        "value": "change"
      }
    ], 
    [
      {
        "value": "(return (member pipe (return (member pipe (return (member src (root https://www.npmjs.com/package/gulp)))))))"
      }, 
      {
        "value": "error"
      }
    ], 
    [
      {
        "value": "(return (member on (return (member pipe (return (member pipe (return (member src (root https://www.npmjs.com/package/gulp)))))))))"
      }, 
      {
        "value": "error"
      }
    ]
  ], 
  "columns": [
    "p", 
    "col1"
  ]
}