{
  "project": {
    "url": "https://lgtm.com/projects/g/JamieMason/astexplorer.app", 
    "url-identifier": "g/JamieMason/astexplorer.app", 
    "id": 1511953067136, 
    "name": "JamieMason/astexplorer.app"
  }, 
  "data": [
    [
      {
        "value": "(member app (root https://www.npmjs.com/package/electron))"
      }, 
      {
        "value": "ready"
      }
    ], 
    [
      {
        "value": "(member app (root https://www.npmjs.com/package/electron))"
      }, 
      {
        "value": "will-quit"
      }
    ], 
    [
      {
        "value": "(member app (root https://www.npmjs.com/package/electron))"
      }, 
      {
        "value": "window-all-closed"
      }
    ], 
    [
      {
        "value": "(instance (member BrowserWindow (root https://www.npmjs.com/package/electron)))"
      }, 
      {
        "value": "closed"
      }
    ], 
    [
      {
        "value": "(return (member BrowserWindow (root https://www.npmjs.com/package/electron)))"
      }, 
      {
        "value": "closed"
      }
    ], 
    [
      {
        "value": "(return (member watch (root https://www.npmjs.com/package/chokidar)))"
      }, 
      {
        "value": "change"
      }
    ], 
    [
      {
        "value": "(member webContents (instance (member BrowserWindow (root https://www.npmjs.com/package/electron))))"
      }, 
      {
        "value": "did-finish-load"
      }
    ], 
    [
      {
        "value": "(member webContents (return (member BrowserWindow (root https://www.npmjs.com/package/electron))))"
      }, 
      {
        "value": "did-finish-load"
      }
    ], 
    [
      {
        "value": "(return (member on (member app (root https://www.npmjs.com/package/electron))))"
      }, 
      {
        "value": "ready"
      }
    ], 
    [
      {
        "value": "(return (member on (member app (root https://www.npmjs.com/package/electron))))"
      }, 
      {
        "value": "will-quit"
      }
    ], 
    [
      {
        "value": "(return (member on (member app (root https://www.npmjs.com/package/electron))))"
      }, 
      {
        "value": "window-all-closed"
      }
    ], 
    [
      {
        "value": "(return (member once (instance (member BrowserWindow (root https://www.npmjs.com/package/electron)))))"
      }, 
      {
        "value": "closed"
      }
    ], 
    [
      {
        "value": "(return (member once (return (member BrowserWindow (root https://www.npmjs.com/package/electron)))))"
      }, 
      {
        "value": "closed"
      }
    ], 
    [
      {
        "value": "(return (member on (return (member watch (root https://www.npmjs.com/package/chokidar)))))"
      }, 
      {
        "value": "change"
      }
    ], 
    [
      {
        "value": "(return (member once (member webContents (instance (member BrowserWindow (root https://www.npmjs.com/package/electron))))))"
      }, 
      {
        "value": "did-finish-load"
      }
    ], 
    [
      {
        "value": "(return (member once (member webContents (return (member BrowserWindow (root https://www.npmjs.com/package/electron))))))"
      }, 
      {
        "value": "did-finish-load"
      }
    ]
  ], 
  "columns": [
    "p", 
    "col1"
  ]
}