{
  "project": {
    "url": "https://lgtm.com/projects/g/jspm/npm", 
    "url-identifier": "g/jspm/npm", 
    "id": 1506679787425, 
    "name": "jspm/npm"
  }, 
  "data": [
    [
      {
        "value": "(instance (member EventEmitter (root https://www.npmjs.com/package/events)))"
      }, 
      {
        "value": "customEvent"
      }
    ], 
    [
      {
        "value": "(return (member EventEmitter (root https://www.npmjs.com/package/events)))"
      }, 
      {
        "value": "customEvent"
      }
    ], 
    [
      {
        "value": "(return (member on (instance (member EventEmitter (root https://www.npmjs.com/package/events)))))"
      }, 
      {
        "value": "customEvent"
      }
    ], 
    [
      {
        "value": "(return (member on (return (member EventEmitter (root https://www.npmjs.com/package/events)))))"
      }, 
      {
        "value": "customEvent"
      }
    ]
  ], 
  "columns": [
    "p", 
    "col1"
  ]
}