{
  "project": {
    "url": "https://lgtm.com/projects/g/JoshuaKGoldberg/TSLint.MSBuild", 
    "url-identifier": "g/JoshuaKGoldberg/TSLint.MSBuild", 
    "id": 1511507808484, 
    "name": "JoshuaKGoldberg/TSLint.MSBuild"
  }, 
  "data": [
    [
      {
        "value": "(return (member pipe (return (member get (root https://www.npmjs.com/package/request)))))"
      }, 
      {
        "value": "close"
      }
    ], 
    [
      {
        "value": "(return (member on (return (member pipe (return (member get (root https://www.npmjs.com/package/request)))))))"
      }, 
      {
        "value": "close"
      }
    ]
  ], 
  "columns": [
    "p", 
    "col1"
  ]
}