{
  "project": {
    "url": "https://lgtm.com/projects/g/joshbuddy/sherpa", 
    "url-identifier": "g/joshbuddy/sherpa", 
    "id": 1506704738886, 
    "name": "joshbuddy/sherpa"
  }, 
  "data": [
    [
      {
        "value": "(root https://www.npmjs.com/package/process)"
      }, 
      {
        "value": "exit"
      }
    ], 
    [
      {
        "value": "(root https://www.npmjs.com/package/process)"
      }, 
      {
        "value": "uncaughtException"
      }
    ], 
    [
      {
        "value": "(return (member addListener (root https://www.npmjs.com/package/process)))"
      }, 
      {
        "value": "exit"
      }
    ], 
    [
      {
        "value": "(return (member addListener (root https://www.npmjs.com/package/process)))"
      }, 
      {
        "value": "uncaughtException"
      }
    ]
  ], 
  "columns": [
    "p", 
    "col1"
  ]
}