{
  "project": {
    "url": "https://lgtm.com/projects/g/jaredpalmer/tsdx", 
    "url-identifier": "g/jaredpalmer/tsdx", 
    "id": 1510713216668, 
    "name": "jaredpalmer/tsdx"
  }, 
  "data": [
    [
      {
        "value": "(return (member watch (root https://www.npmjs.com/package/rollup)))"
      }, 
      {
        "value": "event"
      }
    ], 
    [
      {
        "value": "(return (member on (return (member watch (root https://www.npmjs.com/package/rollup)))))"
      }, 
      {
        "value": "event"
      }
    ]
  ], 
  "columns": [
    "p", 
    "col1"
  ]
}