{
  "project": {
    "url": "https://lgtm.com/projects/g/js-data/js-data", 
    "url-identifier": "g/js-data/js-data", 
    "id": 118299514, 
    "name": "js-data/js-data"
  }, 
  "data": [
    [
      {
        "value": "(return (member on (parameter 0 (member equal (member assert (root https://www.npmjs.com/package/chai))))))"
      }, 
      {
        "value": "change"
      }
    ], 
    [
      {
        "value": "(return (member on (parameter 1 (member strictEqual (member assert (root https://www.npmjs.com/package/chai))))))"
      }, 
      {
        "value": "change"
      }
    ], 
    [
      {
        "value": "(return (member on (parameter 1 (member strictEqual (member assert (root https://www.npmjs.com/package/chai))))))"
      }, 
      {
        "value": "change:bar"
      }
    ]
  ], 
  "columns": [
    "p", 
    "col1"
  ]
}