{
  "project": {
    "url": "https://lgtm.com/projects/g/kmalakoff/backbone-articulation", 
    "url-identifier": "g/kmalakoff/backbone-articulation", 
    "id": 1511480534462, 
    "name": "kmalakoff/backbone-articulation"
  }, 
  "data": [
    [
      {
        "value": "(member collection (parameter 1 (member constructor (parameter 0 (member extend (member Model (root https://www.npmjs.com/package/backbone)))))))"
      }, 
      {
        "value": "relational:add"
      }
    ], 
    [
      {
        "value": "(return (member on (member collection (parameter 0 (member apply (member Model (root https://www.npmjs.com/package/backbone)))))))"
      }, 
      {
        "value": "relational:add"
      }
    ], 
    [
      {
        "value": "(return (member on (member collection (parameter 1 (member constructor (parameter 0 (member extend (member Model (root https://www.npmjs.com/package/backbone)))))))))"
      }, 
      {
        "value": "relational:add"
      }
    ], 
    [
      {
        "value": "(return (member on (member collection (instance (member constructor (parameter 0 (member extend (member Model (root https://www.npmjs.com/package/backbone)))))))))"
      }, 
      {
        "value": "relational:add"
      }
    ]
  ], 
  "columns": [
    "p", 
    "col1"
  ]
}