{
  "project": {
    "url": "https://lgtm.com/projects/g/koopjs/koop-core", 
    "url-identifier": "g/koopjs/koop-core", 
    "id": 1511528054937, 
    "name": "koopjs/koop-core"
  }, 
  "data": [
    [
      {
        "value": "(member server (instance (parameter 0 (member inherits (root https://www.npmjs.com/package/util)))))"
      }, 
      {
        "value": "mount"
      }
    ], 
    [
      {
        "value": "(return (member on (member server (instance (parameter 0 (member inherits (root https://www.npmjs.com/package/util)))))))"
      }, 
      {
        "value": "mount"
      }
    ]
  ], 
  "columns": [
    "p", 
    "col1"
  ]
}