{
  "project": {
    "url": "https://lgtm.com/projects/g/kaushiknishchay/MovieShowcaseSite-NodeJs-ReactJs", 
    "url-identifier": "g/kaushiknishchay/MovieShowcaseSite-NodeJs-ReactJs", 
    "id": 1510846857200, 
    "name": "kaushiknishchay/MovieShowcaseSite-NodeJs-ReactJs"
  }, 
  "data": [
    [
      {
        "value": "(member connection (root https://www.npmjs.com/package/mongoose))"
      }, 
      {
        "value": "error"
      }
    ], 
    [
      {
        "value": "(member connection (root https://www.npmjs.com/package/mongoose))"
      }, 
      {
        "value": "open"
      }
    ], 
    [
      {
        "value": "(return (member on (member connection (root https://www.npmjs.com/package/mongoose))))"
      }, 
      {
        "value": "error"
      }
    ], 
    [
      {
        "value": "(return (member on (member connection (root https://www.npmjs.com/package/mongoose))))"
      }, 
      {
        "value": "open"
      }
    ], 
    [
      {
        "value": "(return (member once (return (member on (member connection (root https://www.npmjs.com/package/mongoose))))))"
      }, 
      {
        "value": "open"
      }
    ]
  ], 
  "columns": [
    "p", 
    "col1"
  ]
}