{
  "project": {
    "url": "https://lgtm.com/projects/g/kadirahq/react-simple-di", 
    "url-identifier": "g/kadirahq/react-simple-di", 
    "id": 1511498612878, 
    "name": "kadirahq/react-simple-di"
  }, 
  "data": [
    [
      {
        "value": "(root https://www.npmjs.com/package/process)"
      }, 
      {
        "value": "unhandledRejection"
      }
    ], 
    [
      {
        "value": "(return (member on (root https://www.npmjs.com/package/process)))"
      }, 
      {
        "value": "unhandledRejection"
      }
    ]
  ], 
  "columns": [
    "p", 
    "col1"
  ]
}