{
  "project": {
    "url": "https://lgtm.com/projects/g/ludohenin/gulp-inline-ng2-styles", 
    "url-identifier": "g/ludohenin/gulp-inline-ng2-styles", 
    "id": 1511540937336, 
    "name": "ludohenin/gulp-inline-ng2-styles"
  }, 
  "data": [
    [
      {
        "value": "(return (member obj (root https://www.npmjs.com/package/through2)))"
      }, 
      {
        "value": "data"
      }
    ], 
    [
      {
        "value": "(return (member once (return (member obj (root https://www.npmjs.com/package/through2)))))"
      }, 
      {
        "value": "data"
      }
    ]
  ], 
  "columns": [
    "p", 
    "col1"
  ]
}