{
  "project": {
    "url": "https://lgtm.com/projects/g/lukeed/taskr", 
    "url-identifier": "g/lukeed/taskr", 
    "id": 117366375, 
    "name": "lukeed/taskr"
  }, 
  "data": [
    [
      {
        "value": "(return (member watch (root https://www.npmjs.com/package/chokidar)))"
      }, 
      {
        "value": "error"
      }
    ], 
    [
      {
        "value": "(return (member watch (root https://www.npmjs.com/package/chokidar)))"
      }, 
      {
        "value": "all"
      }
    ], 
    [
      {
        "value": "(return (member on (return (member watch (root https://www.npmjs.com/package/chokidar)))))"
      }, 
      {
        "value": "error"
      }
    ], 
    [
      {
        "value": "(return (member on (return (member watch (root https://www.npmjs.com/package/chokidar)))))"
      }, 
      {
        "value": "all"
      }
    ], 
    [
      {
        "value": "(return (member on (return (member on (return (member watch (root https://www.npmjs.com/package/chokidar)))))))"
      }, 
      {
        "value": "all"
      }
    ]
  ], 
  "columns": [
    "p", 
    "col1"
  ]
}