{
  "project": {
    "url": "https://lgtm.com/projects/g/Lulzx/fluffy-memory", 
    "url-identifier": "g/Lulzx/fluffy-memory", 
    "id": 1508573336051, 
    "name": "Lulzx/fluffy-memory"
  }, 
  "data": [
    [
      {
        "value": "(instance (root https://www.npmjs.com/package/node-telegram-bot-api))"
      }, 
      {
        "value": "message"
      }
    ], 
    [
      {
        "value": "(instance (root https://www.npmjs.com/package/node-telegram-bot-api))"
      }, 
      {
        "value": "inline_query"
      }
    ], 
    [
      {
        "value": "(return (root https://www.npmjs.com/package/node-telegram-bot-api))"
      }, 
      {
        "value": "message"
      }
    ], 
    [
      {
        "value": "(return (root https://www.npmjs.com/package/node-telegram-bot-api))"
      }, 
      {
        "value": "inline_query"
      }
    ], 
    [
      {
        "value": "(instance (member default (root https://www.npmjs.com/package/node-telegram-bot-api)))"
      }, 
      {
        "value": "message"
      }
    ], 
    [
      {
        "value": "(instance (member default (root https://www.npmjs.com/package/node-telegram-bot-api)))"
      }, 
      {
        "value": "inline_query"
      }
    ], 
    [
      {
        "value": "(return (member default (root https://www.npmjs.com/package/node-telegram-bot-api)))"
      }, 
      {
        "value": "message"
      }
    ], 
    [
      {
        "value": "(return (member default (root https://www.npmjs.com/package/node-telegram-bot-api)))"
      }, 
      {
        "value": "inline_query"
      }
    ], 
    [
      {
        "value": "(return (member on (instance (root https://www.npmjs.com/package/node-telegram-bot-api))))"
      }, 
      {
        "value": "message"
      }
    ], 
    [
      {
        "value": "(return (member on (instance (root https://www.npmjs.com/package/node-telegram-bot-api))))"
      }, 
      {
        "value": "inline_query"
      }
    ], 
    [
      {
        "value": "(return (member on (return (root https://www.npmjs.com/package/node-telegram-bot-api))))"
      }, 
      {
        "value": "message"
      }
    ], 
    [
      {
        "value": "(return (member on (return (root https://www.npmjs.com/package/node-telegram-bot-api))))"
      }, 
      {
        "value": "inline_query"
      }
    ], 
    [
      {
        "value": "(return (member on (instance (member default (root https://www.npmjs.com/package/node-telegram-bot-api)))))"
      }, 
      {
        "value": "message"
      }
    ], 
    [
      {
        "value": "(return (member on (instance (member default (root https://www.npmjs.com/package/node-telegram-bot-api)))))"
      }, 
      {
        "value": "inline_query"
      }
    ], 
    [
      {
        "value": "(return (member on (return (member default (root https://www.npmjs.com/package/node-telegram-bot-api)))))"
      }, 
      {
        "value": "message"
      }
    ], 
    [
      {
        "value": "(return (member on (return (member default (root https://www.npmjs.com/package/node-telegram-bot-api)))))"
      }, 
      {
        "value": "inline_query"
      }
    ]
  ], 
  "columns": [
    "p", 
    "col1"
  ]
}