{
  "project": {
    "url": "https://lgtm.com/projects/g/lanzhsh/react-vue-koa", 
    "url-identifier": "g/lanzhsh/react-vue-koa", 
    "id": 1510919186104, 
    "name": "lanzhsh/react-vue-koa"
  }, 
  "data": [
    [
      {
        "value": "(root https://www.npmjs.com/package/process)"
      }, 
      {
        "value": "unhandledRejection"
      }
    ], 
    [
      {
        "value": "(return (member on (root https://www.npmjs.com/package/process)))"
      }, 
      {
        "value": "unhandledRejection"
      }
    ], 
    [
      {
        "value": "(return (member createWriteStream (root https://www.npmjs.com/package/fs)))"
      }, 
      {
        "value": "finish"
      }
    ], 
    [
      {
        "value": "(return (member createInterface (root https://www.npmjs.com/package/readline)))"
      }, 
      {
        "value": "close"
      }
    ], 
    [
      {
        "value": "(return (member createInterface (root https://www.npmjs.com/package/readline)))"
      }, 
      {
        "value": "line"
      }
    ], 
    [
      {
        "value": "(return (member on (return (member createWriteStream (root https://www.npmjs.com/package/fs)))))"
      }, 
      {
        "value": "finish"
      }
    ], 
    [
      {
        "value": "(return (member on (return (member createInterface (root https://www.npmjs.com/package/readline)))))"
      }, 
      {
        "value": "close"
      }
    ], 
    [
      {
        "value": "(return (member on (return (member createInterface (root https://www.npmjs.com/package/readline)))))"
      }, 
      {
        "value": "line"
      }
    ], 
    [
      {
        "value": "(return (member add (return (member add (instance (member Suite (root https://www.npmjs.com/package/benchmark)))))))"
      }, 
      {
        "value": "complete"
      }
    ], 
    [
      {
        "value": "(return (member add (return (member add (instance (member Suite (root https://www.npmjs.com/package/benchmark)))))))"
      }, 
      {
        "value": "cycle"
      }
    ], 
    [
      {
        "value": "(return (member add (return (member add (return (member Suite (root https://www.npmjs.com/package/benchmark)))))))"
      }, 
      {
        "value": "complete"
      }
    ], 
    [
      {
        "value": "(return (member add (return (member add (return (member Suite (root https://www.npmjs.com/package/benchmark)))))))"
      }, 
      {
        "value": "cycle"
      }
    ], 
    [
      {
        "value": "(return (member on (return (member add (return (member add (instance (member Suite (root https://www.npmjs.com/package/benchmark)))))))))"
      }, 
      {
        "value": "complete"
      }
    ], 
    [
      {
        "value": "(return (member on (return (member add (return (member add (instance (member Suite (root https://www.npmjs.com/package/benchmark)))))))))"
      }, 
      {
        "value": "cycle"
      }
    ], 
    [
      {
        "value": "(return (member on (return (member add (return (member add (return (member Suite (root https://www.npmjs.com/package/benchmark)))))))))"
      }, 
      {
        "value": "complete"
      }
    ], 
    [
      {
        "value": "(return (member on (return (member add (return (member add (return (member Suite (root https://www.npmjs.com/package/benchmark)))))))))"
      }, 
      {
        "value": "cycle"
      }
    ]
  ], 
  "columns": [
    "p", 
    "col1"
  ]
}