{
  "project": {
    "url": "https://lgtm.com/projects/g/lmorchard/sparkle-bot", 
    "url-identifier": "g/lmorchard/sparkle-bot", 
    "id": 1506677757340, 
    "name": "lmorchard/sparkle-bot"
  }, 
  "data": [
    [
      {
        "value": "(instance (member Server (root https://www.npmjs.com/package/ws)))"
      }, 
      {
        "value": "connection"
      }
    ], 
    [
      {
        "value": "(return (member client (root https://www.npmjs.com/package/twitch-js)))"
      }, 
      {
        "value": "chat"
      }
    ], 
    [
      {
        "value": "(return (member Server (root https://www.npmjs.com/package/ws)))"
      }, 
      {
        "value": "connection"
      }
    ], 
    [
      {
        "value": "(return (member on (instance (member Server (root https://www.npmjs.com/package/ws)))))"
      }, 
      {
        "value": "connection"
      }
    ], 
    [
      {
        "value": "(return (member on (return (member client (root https://www.npmjs.com/package/twitch-js)))))"
      }, 
      {
        "value": "chat"
      }
    ], 
    [
      {
        "value": "(return (member on (return (member Server (root https://www.npmjs.com/package/ws)))))"
      }, 
      {
        "value": "connection"
      }
    ], 
    [
      {
        "value": "(parameter 0 (parameter 1 (member on (instance (member Server (root https://www.npmjs.com/package/ws))))))"
      }, 
      {
        "value": "message"
      }
    ], 
    [
      {
        "value": "(parameter 0 (parameter 1 (member on (return (member Server (root https://www.npmjs.com/package/ws))))))"
      }, 
      {
        "value": "message"
      }
    ], 
    [
      {
        "value": "(return (member on (parameter 0 (parameter 1 (member on (instance (member Server (root https://www.npmjs.com/package/ws))))))))"
      }, 
      {
        "value": "message"
      }
    ], 
    [
      {
        "value": "(return (member on (parameter 0 (parameter 1 (member on (return (member Server (root https://www.npmjs.com/package/ws))))))))"
      }, 
      {
        "value": "message"
      }
    ]
  ], 
  "columns": [
    "p", 
    "col1"
  ]
}