{
  "project": {
    "url": "https://lgtm.com/projects/g/luin/CodeGame", 
    "url-identifier": "g/luin/CodeGame", 
    "id": 106629858, 
    "name": "luin/CodeGame"
  }, 
  "data": [
    [
      {
        "value": "(return (root https://www.npmjs.com/package/codemirror))"
      }, 
      {
        "value": "change"
      }
    ], 
    [
      {
        "value": "(return (member on (return (root https://www.npmjs.com/package/codemirror))))"
      }, 
      {
        "value": "change"
      }
    ]
  ], 
  "columns": [
    "p", 
    "col1"
  ]
}