{
  "project": {
    "url": "https://lgtm.com/projects/g/Medium/matador", 
    "url-identifier": "g/Medium/matador", 
    "id": 113382653, 
    "name": "Medium/matador"
  }, 
  "data": [
    [
      {
        "value": "(return (root https://www.npmjs.com/package/connect))"
      }, 
      {
        "value": "createHelper"
      }
    ], 
    [
      {
        "value": "(return (root https://www.npmjs.com/package/connect))"
      }, 
      {
        "value": "afterBoot"
      }
    ], 
    [
      {
        "value": "(return (member Server (root https://www.npmjs.com/package/http)))"
      }, 
      {
        "value": "listening"
      }
    ], 
    [
      {
        "value": "(return (member request (root https://www.npmjs.com/package/http)))"
      }, 
      {
        "value": "response"
      }
    ], 
    [
      {
        "value": "(return (member on (return (root https://www.npmjs.com/package/connect))))"
      }, 
      {
        "value": "createHelper"
      }
    ], 
    [
      {
        "value": "(return (member on (return (root https://www.npmjs.com/package/connect))))"
      }, 
      {
        "value": "afterBoot"
      }
    ], 
    [
      {
        "value": "(return (member on (return (member request (root https://www.npmjs.com/package/http)))))"
      }, 
      {
        "value": "response"
      }
    ], 
    [
      {
        "value": "(return (member on (return (member Server (root https://www.npmjs.com/package/http)))))"
      }, 
      {
        "value": "listening"
      }
    ], 
    [
      {
        "value": "(parameter 0 (parameter 1 (member on (return (member request (root https://www.npmjs.com/package/http))))))"
      }, 
      {
        "value": "data"
      }
    ], 
    [
      {
        "value": "(parameter 0 (parameter 1 (member on (return (member request (root https://www.npmjs.com/package/http))))))"
      }, 
      {
        "value": "end"
      }
    ], 
    [
      {
        "value": "(return (member on (parameter 0 (parameter 1 (member on (return (member request (root https://www.npmjs.com/package/http))))))))"
      }, 
      {
        "value": "data"
      }
    ], 
    [
      {
        "value": "(return (member on (parameter 0 (parameter 1 (member on (return (member request (root https://www.npmjs.com/package/http))))))))"
      }, 
      {
        "value": "end"
      }
    ]
  ], 
  "columns": [
    "p", 
    "col1"
  ]
}