{
  "project": {
    "url": "https://lgtm.com/projects/g/mikeal/node.couchapp.js", 
    "url-identifier": "g/mikeal/node.couchapp.js", 
    "id": 89710496, 
    "name": "mikeal/node.couchapp.js"
  }, 
  "data": [
    [
      {
        "value": "(root https://www.npmjs.com/package/process)"
      }, 
      {
        "value": "SIGINT"
      }
    ], 
    [
      {
        "value": "(root https://www.npmjs.com/package/process)"
      }, 
      {
        "value": "exit"
      }
    ], 
    [
      {
        "value": "(return (member on (root https://www.npmjs.com/package/process)))"
      }, 
      {
        "value": "SIGINT"
      }
    ], 
    [
      {
        "value": "(return (member on (root https://www.npmjs.com/package/process)))"
      }, 
      {
        "value": "exit"
      }
    ], 
    [
      {
        "value": "(parameter 0 (parameter 2 (member createMonitor (root https://www.npmjs.com/package/watch))))"
      }, 
      {
        "value": "changed"
      }
    ], 
    [
      {
        "value": "(parameter 0 (parameter 2 (member createMonitor (root https://www.npmjs.com/package/watch))))"
      }, 
      {
        "value": "removed"
      }
    ], 
    [
      {
        "value": "(parameter 0 (parameter 2 (member createMonitor (root https://www.npmjs.com/package/watch))))"
      }, 
      {
        "value": "created"
      }
    ], 
    [
      {
        "value": "(return (member pipe (return (member createReadStream (root https://www.npmjs.com/package/fs)))))"
      }, 
      {
        "value": "error"
      }
    ], 
    [
      {
        "value": "(return (member on (parameter 0 (parameter 2 (member createMonitor (root https://www.npmjs.com/package/watch))))))"
      }, 
      {
        "value": "changed"
      }
    ], 
    [
      {
        "value": "(return (member on (parameter 0 (parameter 2 (member createMonitor (root https://www.npmjs.com/package/watch))))))"
      }, 
      {
        "value": "removed"
      }
    ], 
    [
      {
        "value": "(return (member on (parameter 0 (parameter 2 (member createMonitor (root https://www.npmjs.com/package/watch))))))"
      }, 
      {
        "value": "created"
      }
    ], 
    [
      {
        "value": "(return (member on (return (member pipe (return (member createReadStream (root https://www.npmjs.com/package/fs)))))))"
      }, 
      {
        "value": "error"
      }
    ]
  ], 
  "columns": [
    "p", 
    "col1"
  ]
}