{
  "project": {
    "url": "https://lgtm.com/projects/g/moajs/moa2", 
    "url-identifier": "g/moajs/moa2", 
    "id": 1794551027, 
    "name": "moajs/moa2"
  }, 
  "data": [
    [
      {
        "value": "(instance (root https://www.npmjs.com/package/koa))"
      }, 
      {
        "value": "error"
      }
    ], 
    [
      {
        "value": "(return (root https://www.npmjs.com/package/koa))"
      }, 
      {
        "value": "error"
      }
    ], 
    [
      {
        "value": "(return (member on (parameter 0 (root https://www.npmjs.com/package/mount-koa-routes))))"
      }, 
      {
        "value": "error"
      }
    ], 
    [
      {
        "value": "(return (member on (instance (root https://www.npmjs.com/package/koa))))"
      }, 
      {
        "value": "error"
      }
    ], 
    [
      {
        "value": "(return (member on (return (root https://www.npmjs.com/package/koa))))"
      }, 
      {
        "value": "error"
      }
    ]
  ], 
  "columns": [
    "p", 
    "col1"
  ]
}