{
  "project": {
    "url": "https://lgtm.com/projects/g/moscajs/aedes-protocol-decoder", 
    "url-identifier": "g/moscajs/aedes-protocol-decoder", 
    "id": 1511880549164, 
    "name": "moscajs/aedes-protocol-decoder"
  }, 
  "data": [
    [
      {
        "value": "(return (root https://www.npmjs.com/package/aedes))"
      }, 
      {
        "value": "unsubscribe"
      }
    ], 
    [
      {
        "value": "(return (root https://www.npmjs.com/package/aedes))"
      }, 
      {
        "value": "subscribe"
      }
    ], 
    [
      {
        "value": "(return (root https://www.npmjs.com/package/aedes))"
      }, 
      {
        "value": "client"
      }
    ], 
    [
      {
        "value": "(return (root https://www.npmjs.com/package/aedes))"
      }, 
      {
        "value": "publish"
      }
    ], 
    [
      {
        "value": "(return (root https://www.npmjs.com/package/aedes))"
      }, 
      {
        "value": "clientDisconnect"
      }
    ], 
    [
      {
        "value": "(return (member createServer (root https://www.npmjs.com/package/net)))"
      }, 
      {
        "value": "connection"
      }
    ], 
    [
      {
        "value": "(return (member connect (root https://www.npmjs.com/package/net)))"
      }, 
      {
        "value": "timeout"
      }
    ], 
    [
      {
        "value": "(return (member createConnection (root https://www.npmjs.com/package/net)))"
      }, 
      {
        "value": "timeout"
      }
    ], 
    [
      {
        "value": "(return (member on (return (root https://www.npmjs.com/package/aedes))))"
      }, 
      {
        "value": "unsubscribe"
      }
    ], 
    [
      {
        "value": "(return (member on (return (root https://www.npmjs.com/package/aedes))))"
      }, 
      {
        "value": "subscribe"
      }
    ], 
    [
      {
        "value": "(return (member on (return (root https://www.npmjs.com/package/aedes))))"
      }, 
      {
        "value": "client"
      }
    ], 
    [
      {
        "value": "(return (member on (return (root https://www.npmjs.com/package/aedes))))"
      }, 
      {
        "value": "publish"
      }
    ], 
    [
      {
        "value": "(return (member on (return (root https://www.npmjs.com/package/aedes))))"
      }, 
      {
        "value": "clientDisconnect"
      }
    ], 
    [
      {
        "value": "(return (member on (return (member createServer (root https://www.npmjs.com/package/net)))))"
      }, 
      {
        "value": "connection"
      }
    ], 
    [
      {
        "value": "(return (member on (return (member connect (root https://www.npmjs.com/package/net)))))"
      }, 
      {
        "value": "timeout"
      }
    ], 
    [
      {
        "value": "(return (member on (return (member createConnection (root https://www.npmjs.com/package/net)))))"
      }, 
      {
        "value": "timeout"
      }
    ], 
    [
      {
        "value": "(parameter 0 (parameter 1 (member on (return (member createServer (root https://www.npmjs.com/package/net))))))"
      }, 
      {
        "value": "data"
      }
    ], 
    [
      {
        "value": "(parameter 0 (parameter 1 (member on (return (member createServer (root https://www.npmjs.com/package/net))))))"
      }, 
      {
        "value": "end"
      }
    ], 
    [
      {
        "value": "(return (member on (parameter 0 (parameter 1 (member on (return (member createServer (root https://www.npmjs.com/package/net))))))))"
      }, 
      {
        "value": "data"
      }
    ], 
    [
      {
        "value": "(return (member on (parameter 0 (parameter 1 (member on (return (member createServer (root https://www.npmjs.com/package/net))))))))"
      }, 
      {
        "value": "end"
      }
    ]
  ], 
  "columns": [
    "p", 
    "col1"
  ]
}