{
  "project": {
    "url": "https://lgtm.com/projects/g/mateja176/jwt-demo", 
    "url-identifier": "g/mateja176/jwt-demo", 
    "id": 1511620631324, 
    "name": "mateja176/jwt-demo"
  }, 
  "data": [
    [
      {
        "value": "(parameter 0 (parameter 1 (member get (return (root https://www.npmjs.com/package/express)))))"
      }, 
      {
        "value": "close"
      }
    ], 
    [
      {
        "value": "(return (member on (parameter 0 (parameter 1 (member get (return (root https://www.npmjs.com/package/express)))))))"
      }, 
      {
        "value": "close"
      }
    ]
  ], 
  "columns": [
    "p", 
    "col1"
  ]
}