{
  "project": {
    "url": "https://lgtm.com/projects/g/mhartington/Ionic-Chat", 
    "url-identifier": "g/mhartington/Ionic-Chat", 
    "id": 1792970227, 
    "name": "mhartington/Ionic-Chat"
  }, 
  "data": [
    [
      {
        "value": "(return (member install (member commands (root https://www.npmjs.com/package/bower))))"
      }, 
      {
        "value": "log"
      }
    ], 
    [
      {
        "value": "(return (member on (return (member install (member commands (root https://www.npmjs.com/package/bower))))))"
      }, 
      {
        "value": "log"
      }
    ]
  ], 
  "columns": [
    "p", 
    "col1"
  ]
}