{
  "project": {
    "url": "https://lgtm.com/projects/g/microsoft/vscode-extension-telemetry", 
    "url-identifier": "g/microsoft/vscode-extension-telemetry", 
    "id": 1506260407792, 
    "name": "microsoft/vscode-extension-telemetry"
  }, 
  "data": [
    [
      {
        "value": "(return (member createWriteStream (root https://www.npmjs.com/package/fs)))"
      }, 
      {
        "value": "finish"
      }
    ], 
    [
      {
        "value": "(member logStream (instance (member default (root https://www.npmjs.com/package/vscode-extension-telemetry))))"
      }, 
      {
        "value": "finish"
      }
    ], 
    [
      {
        "value": "(return (member on (return (member createWriteStream (root https://www.npmjs.com/package/fs)))))"
      }, 
      {
        "value": "finish"
      }
    ], 
    [
      {
        "value": "(member logStream (instance (member dispose (instance (member default (root https://www.npmjs.com/package/vscode-extension-telemetry))))))"
      }, 
      {
        "value": "finish"
      }
    ], 
    [
      {
        "value": "(member logStream (instance (member updateUserOptIn (instance (member default (root https://www.npmjs.com/package/vscode-extension-telemetry))))))"
      }, 
      {
        "value": "finish"
      }
    ], 
    [
      {
        "value": "(return (member on (member logStream (instance (member default (root https://www.npmjs.com/package/vscode-extension-telemetry))))))"
      }, 
      {
        "value": "finish"
      }
    ], 
    [
      {
        "value": "(return (member on (member logStream (instance (member dispose (instance (member default (root https://www.npmjs.com/package/vscode-extension-telemetry))))))))"
      }, 
      {
        "value": "finish"
      }
    ], 
    [
      {
        "value": "(return (member on (member logStream (instance (member updateUserOptIn (instance (member default (root https://www.npmjs.com/package/vscode-extension-telemetry))))))))"
      }, 
      {
        "value": "finish"
      }
    ]
  ], 
  "columns": [
    "p", 
    "col1"
  ]
}