{
  "project": {
    "url": "https://lgtm.com/projects/g/node-weixin/node-weixin-util", 
    "url-identifier": "g/node-weixin/node-weixin-util", 
    "id": 45210015, 
    "name": "node-weixin/node-weixin-util"
  }, 
  "data": [
    [
      {
        "value": "(return (member pipe (return (member pipe (return (member src (root https://www.npmjs.com/package/gulp)))))))"
      }, 
      {
        "value": "error"
      }
    ], 
    [
      {
        "value": "(return (member on (return (member pipe (return (member pipe (return (member src (root https://www.npmjs.com/package/gulp)))))))))"
      }, 
      {
        "value": "error"
      }
    ]
  ], 
  "columns": [
    "p", 
    "col1"
  ]
}