{
  "project": {
    "url": "https://lgtm.com/projects/g/nhardy/web-scaffold", 
    "url-identifier": "g/nhardy/web-scaffold", 
    "id": 1506599367732, 
    "name": "nhardy/web-scaffold"
  }, 
  "data": [
    [
      {
        "value": "(return (root https://www.npmjs.com/package/archiver))"
      }, 
      {
        "value": "error"
      }
    ], 
    [
      {
        "value": "(return (root https://www.npmjs.com/package/nodemon))"
      }, 
      {
        "value": "start"
      }
    ], 
    [
      {
        "value": "(return (root https://www.npmjs.com/package/nodemon))"
      }, 
      {
        "value": "exit"
      }
    ], 
    [
      {
        "value": "(return (member default (root https://www.npmjs.com/package/archiver)))"
      }, 
      {
        "value": "error"
      }
    ], 
    [
      {
        "value": "(return (member default (root https://www.npmjs.com/package/nodemon)))"
      }, 
      {
        "value": "start"
      }
    ], 
    [
      {
        "value": "(return (member default (root https://www.npmjs.com/package/nodemon)))"
      }, 
      {
        "value": "exit"
      }
    ], 
    [
      {
        "value": "(return (member createWriteStream (root https://www.npmjs.com/package/fs)))"
      }, 
      {
        "value": "close"
      }
    ], 
    [
      {
        "value": "(return (member on (return (root https://www.npmjs.com/package/archiver))))"
      }, 
      {
        "value": "error"
      }
    ], 
    [
      {
        "value": "(return (member on (return (root https://www.npmjs.com/package/nodemon))))"
      }, 
      {
        "value": "start"
      }
    ], 
    [
      {
        "value": "(return (member on (return (root https://www.npmjs.com/package/nodemon))))"
      }, 
      {
        "value": "exit"
      }
    ], 
    [
      {
        "value": "(return (member createWriteStream (member default (root https://www.npmjs.com/package/fs))))"
      }, 
      {
        "value": "close"
      }
    ], 
    [
      {
        "value": "(return (member on (return (member default (root https://www.npmjs.com/package/archiver)))))"
      }, 
      {
        "value": "error"
      }
    ], 
    [
      {
        "value": "(return (member on (return (member default (root https://www.npmjs.com/package/nodemon)))))"
      }, 
      {
        "value": "start"
      }
    ], 
    [
      {
        "value": "(return (member on (return (member default (root https://www.npmjs.com/package/nodemon)))))"
      }, 
      {
        "value": "exit"
      }
    ], 
    [
      {
        "value": "(return (member on (return (member createWriteStream (root https://www.npmjs.com/package/fs)))))"
      }, 
      {
        "value": "close"
      }
    ], 
    [
      {
        "value": "(return (member on (parameter 0 (member pipe (return (root https://www.npmjs.com/package/archiver))))))"
      }, 
      {
        "value": "close"
      }
    ], 
    [
      {
        "value": "(return (member once (return (member on (return (root https://www.npmjs.com/package/nodemon))))))"
      }, 
      {
        "value": "exit"
      }
    ], 
    [
      {
        "value": "(return (member on (return (member createWriteStream (member default (root https://www.npmjs.com/package/fs))))))"
      }, 
      {
        "value": "close"
      }
    ], 
    [
      {
        "value": "(return (member on (parameter 0 (member pipe (return (member default (root https://www.npmjs.com/package/archiver)))))))"
      }, 
      {
        "value": "close"
      }
    ], 
    [
      {
        "value": "(return (member once (return (member on (return (member default (root https://www.npmjs.com/package/nodemon)))))))"
      }, 
      {
        "value": "exit"
      }
    ]
  ], 
  "columns": [
    "p", 
    "col1"
  ]
}