{
  "project": {
    "url": "https://lgtm.com/projects/g/nickdesaulniers/node-nanomsg", 
    "url-identifier": "g/nickdesaulniers/node-nanomsg", 
    "id": 115887669, 
    "name": "nickdesaulniers/node-nanomsg"
  }, 
  "data": [
    [
      {
        "value": "(instance (member Socket (root https://www.npmjs.com/package/nanomsg)))"
      }, 
      {
        "value": "data"
      }
    ], 
    [
      {
        "value": "(instance (member Socket (root https://www.npmjs.com/package/nanomsg)))"
      }, 
      {
        "value": "error"
      }
    ], 
    [
      {
        "value": "(instance (member Socket (root https://www.npmjs.com/package/nanomsg)))"
      }, 
      {
        "value": "close"
      }
    ], 
    [
      {
        "value": "(instance (parameter 0 (member inherits (root https://www.npmjs.com/package/util))))"
      }, 
      {
        "value": "data"
      }
    ], 
    [
      {
        "value": "(instance (parameter 0 (member inherits (root https://www.npmjs.com/package/util))))"
      }, 
      {
        "value": "error"
      }
    ], 
    [
      {
        "value": "(instance (parameter 0 (member inherits (root https://www.npmjs.com/package/util))))"
      }, 
      {
        "value": "destroy"
      }
    ], 
    [
      {
        "value": "(instance (parameter 0 (member inherits (root https://www.npmjs.com/package/util))))"
      }, 
      {
        "value": "close"
      }
    ], 
    [
      {
        "value": "(return (member on (instance (member Socket (root https://www.npmjs.com/package/nanomsg)))))"
      }, 
      {
        "value": "data"
      }
    ], 
    [
      {
        "value": "(return (member on (instance (member Socket (root https://www.npmjs.com/package/nanomsg)))))"
      }, 
      {
        "value": "error"
      }
    ], 
    [
      {
        "value": "(return (member on (instance (member Socket (root https://www.npmjs.com/package/nanomsg)))))"
      }, 
      {
        "value": "close"
      }
    ], 
    [
      {
        "value": "(return (member on (instance (parameter 0 (member inherits (root https://www.npmjs.com/package/util))))))"
      }, 
      {
        "value": "data"
      }
    ], 
    [
      {
        "value": "(return (member on (instance (parameter 0 (member inherits (root https://www.npmjs.com/package/util))))))"
      }, 
      {
        "value": "error"
      }
    ], 
    [
      {
        "value": "(return (member on (instance (parameter 0 (member inherits (root https://www.npmjs.com/package/util))))))"
      }, 
      {
        "value": "destroy"
      }
    ], 
    [
      {
        "value": "(return (member on (instance (parameter 0 (member inherits (root https://www.npmjs.com/package/util))))))"
      }, 
      {
        "value": "close"
      }
    ], 
    [
      {
        "value": "(return (member on (parameter 0 (member pipe (return (member pipe (instance (member Socket (root https://www.npmjs.com/package/nanomsg)))))))))"
      }, 
      {
        "value": "destroy"
      }
    ], 
    [
      {
        "value": "(return (member on (parameter 0 (member pipe (return (member pipe (instance (parameter 0 (member inherits (root https://www.npmjs.com/package/util))))))))))"
      }, 
      {
        "value": "destroy"
      }
    ]
  ], 
  "columns": [
    "p", 
    "col1"
  ]
}