{
  "project": {
    "url": "https://lgtm.com/projects/g/nodejs/node-addon-api", 
    "url-identifier": "g/nodejs/node-addon-api", 
    "id": 1511505987204, 
    "name": "nodejs/node-addon-api"
  }, 
  "data": [
    [
      {
        "value": "(root https://www.npmjs.com/package/process)"
      }, 
      {
        "value": "exit"
      }
    ], 
    [
      {
        "value": "(instance (member Suite (root https://www.npmjs.com/package/benchmark)))"
      }, 
      {
        "value": "cycle"
      }
    ], 
    [
      {
        "value": "(return (member Suite (root https://www.npmjs.com/package/benchmark)))"
      }, 
      {
        "value": "cycle"
      }
    ], 
    [
      {
        "value": "(return (member on (root https://www.npmjs.com/package/process)))"
      }, 
      {
        "value": "exit"
      }
    ], 
    [
      {
        "value": "(return (member spawn (root https://www.npmjs.com/package/child_process)))"
      }, 
      {
        "value": "error"
      }
    ], 
    [
      {
        "value": "(return (member spawn (root https://www.npmjs.com/package/child_process)))"
      }, 
      {
        "value": "close"
      }
    ], 
    [
      {
        "value": "(return (member createInterface (root https://www.npmjs.com/package/readline)))"
      }, 
      {
        "value": "close"
      }
    ], 
    [
      {
        "value": "(return (member createInterface (root https://www.npmjs.com/package/readline)))"
      }, 
      {
        "value": "line"
      }
    ], 
    [
      {
        "value": "(member stdout (return (member spawn (root https://www.npmjs.com/package/child_process))))"
      }, 
      {
        "value": "data"
      }
    ], 
    [
      {
        "value": "(return (member on (instance (member Suite (root https://www.npmjs.com/package/benchmark)))))"
      }, 
      {
        "value": "cycle"
      }
    ], 
    [
      {
        "value": "(return (member on (return (member Suite (root https://www.npmjs.com/package/benchmark)))))"
      }, 
      {
        "value": "cycle"
      }
    ], 
    [
      {
        "value": "(return (member on (return (member spawn (root https://www.npmjs.com/package/child_process)))))"
      }, 
      {
        "value": "error"
      }
    ], 
    [
      {
        "value": "(return (member on (return (member spawn (root https://www.npmjs.com/package/child_process)))))"
      }, 
      {
        "value": "close"
      }
    ], 
    [
      {
        "value": "(return (member on (return (member createInterface (root https://www.npmjs.com/package/readline)))))"
      }, 
      {
        "value": "close"
      }
    ], 
    [
      {
        "value": "(return (member on (return (member createInterface (root https://www.npmjs.com/package/readline)))))"
      }, 
      {
        "value": "line"
      }
    ], 
    [
      {
        "value": "(return (member on (member stdout (return (member spawn (root https://www.npmjs.com/package/child_process))))))"
      }, 
      {
        "value": "data"
      }
    ], 
    [
      {
        "value": "(return (member on (return (member on (return (member createInterface (root https://www.npmjs.com/package/readline)))))))"
      }, 
      {
        "value": "close"
      }
    ]
  ], 
  "columns": [
    "p", 
    "col1"
  ]
}