{
  "project": {
    "url": "https://lgtm.com/projects/g/nlp-compromise/de-compromise", 
    "url-identifier": "g/nlp-compromise/de-compromise", 
    "id": 1511530501825, 
    "name": "nlp-compromise/de-compromise"
  }, 
  "data": [
    [
      {
        "value": "(instance (parameter 2 (root https://www.npmjs.com/package/gaze)))"
      }, 
      {
        "value": "all"
      }
    ], 
    [
      {
        "value": "(instance (parameter 2 (root https://www.npmjs.com/package/gaze)))"
      }, 
      {
        "value": "added"
      }
    ], 
    [
      {
        "value": "(return (member on (instance (parameter 2 (root https://www.npmjs.com/package/gaze)))))"
      }, 
      {
        "value": "all"
      }
    ], 
    [
      {
        "value": "(return (member on (instance (parameter 2 (root https://www.npmjs.com/package/gaze)))))"
      }, 
      {
        "value": "added"
      }
    ]
  ], 
  "columns": [
    "p", 
    "col1"
  ]
}