{
  "project": {
    "url": "https://lgtm.com/projects/g/nhsuk/connecting-to-services-design", 
    "url-identifier": "g/nhsuk/connecting-to-services-design", 
    "id": 1508358006039, 
    "name": "nhsuk/connecting-to-services-design"
  }, 
  "data": [
    [
      {
        "value": "(root https://www.npmjs.com/package/process)"
      }, 
      {
        "value": "SIGINT"
      }
    ], 
    [
      {
        "value": "(return (member on (root https://www.npmjs.com/package/process)))"
      }, 
      {
        "value": "SIGINT"
      }
    ]
  ], 
  "columns": [
    "p", 
    "col1"
  ]
}