{
  "project": {
    "url": "https://lgtm.com/projects/g/npm/redsess", 
    "url-identifier": "g/npm/redsess", 
    "id": 1765844177, 
    "name": "npm/redsess"
  }, 
  "data": [
    [
      {
        "value": "(return (member createClient (root https://www.npmjs.com/package/redis)))"
      }, 
      {
        "value": "end"
      }
    ], 
    [
      {
        "value": "(return (member spawn (root https://www.npmjs.com/package/child_process)))"
      }, 
      {
        "value": "exit"
      }
    ], 
    [
      {
        "value": "(member stdout (return (member spawn (root https://www.npmjs.com/package/child_process))))"
      }, 
      {
        "value": "data"
      }
    ], 
    [
      {
        "value": "(return (member once (return (member createClient (root https://www.npmjs.com/package/redis)))))"
      }, 
      {
        "value": "end"
      }
    ], 
    [
      {
        "value": "(return (member on (return (member spawn (root https://www.npmjs.com/package/child_process)))))"
      }, 
      {
        "value": "exit"
      }
    ], 
    [
      {
        "value": "(return (member once (member stdout (return (member spawn (root https://www.npmjs.com/package/child_process))))))"
      }, 
      {
        "value": "data"
      }
    ], 
    [
      {
        "value": "(member stdout (parameter 0 (member ok (parameter 0 (parameter 1 (member test (root https://www.npmjs.com/package/tap)))))))"
      }, 
      {
        "value": "data"
      }
    ], 
    [
      {
        "value": "(return (member on (parameter 0 (member ok (parameter 0 (parameter 1 (member test (root https://www.npmjs.com/package/tap))))))))"
      }, 
      {
        "value": "exit"
      }
    ], 
    [
      {
        "value": "(return (member once (member stdout (parameter 0 (member ok (parameter 0 (parameter 1 (member test (root https://www.npmjs.com/package/tap)))))))))"
      }, 
      {
        "value": "data"
      }
    ], 
    [
      {
        "value": "(member stdout (parameter 0 (member ok (parameter 0 (member bind (member end (parameter 0 (parameter 1 (member test (root https://www.npmjs.com/package/tap))))))))))"
      }, 
      {
        "value": "data"
      }
    ]
  ], 
  "columns": [
    "p", 
    "col1"
  ]
}