{
  "project": {
    "url": "https://lgtm.com/projects/g/OSBI/node-telemetry", 
    "url-identifier": "g/OSBI/node-telemetry", 
    "id": 1511556995992, 
    "name": "OSBI/node-telemetry"
  }, 
  "data": [
    [
      {
        "value": "(root https://www.npmjs.com/package/process)"
      }, 
      {
        "value": "message"
      }
    ], 
    [
      {
        "value": "(root https://www.npmjs.com/package/process)"
      }, 
      {
        "value": "SIGTERM"
      }
    ], 
    [
      {
        "value": "(root https://www.npmjs.com/package/process)"
      }, 
      {
        "value": "SIGUSR2"
      }
    ], 
    [
      {
        "value": "(root https://www.npmjs.com/package/cluster)"
      }, 
      {
        "value": "death"
      }
    ], 
    [
      {
        "value": "(return (member on (root https://www.npmjs.com/package/cluster)))"
      }, 
      {
        "value": "death"
      }
    ], 
    [
      {
        "value": "(return (member on (root https://www.npmjs.com/package/process)))"
      }, 
      {
        "value": "message"
      }
    ], 
    [
      {
        "value": "(return (member on (root https://www.npmjs.com/package/process)))"
      }, 
      {
        "value": "SIGTERM"
      }
    ], 
    [
      {
        "value": "(return (member on (root https://www.npmjs.com/package/process)))"
      }, 
      {
        "value": "SIGUSR2"
      }
    ], 
    [
      {
        "value": "(return (member createWriteStream (root https://www.npmjs.com/package/fs)))"
      }, 
      {
        "value": "close"
      }
    ], 
    [
      {
        "value": "(return (member listen (return (root https://www.npmjs.com/package/express))))"
      }, 
      {
        "value": "close"
      }
    ], 
    [
      {
        "value": "(return (member put (return (member createClient (root https://www.npmjs.com/package/knox)))))"
      }, 
      {
        "value": "error"
      }
    ], 
    [
      {
        "value": "(return (member put (return (member createClient (root https://www.npmjs.com/package/knox)))))"
      }, 
      {
        "value": "response"
      }
    ], 
    [
      {
        "value": "(return (member on (return (member createWriteStream (root https://www.npmjs.com/package/fs)))))"
      }, 
      {
        "value": "close"
      }
    ], 
    [
      {
        "value": "(return (member on (return (member listen (return (root https://www.npmjs.com/package/express))))))"
      }, 
      {
        "value": "close"
      }
    ], 
    [
      {
        "value": "(return (member on (return (member put (return (member createClient (root https://www.npmjs.com/package/knox)))))))"
      }, 
      {
        "value": "error"
      }
    ], 
    [
      {
        "value": "(return (member on (return (member put (return (member createClient (root https://www.npmjs.com/package/knox)))))))"
      }, 
      {
        "value": "response"
      }
    ]
  ], 
  "columns": [
    "p", 
    "col1"
  ]
}