{
  "project": {
    "url": "https://lgtm.com/projects/g/OmniSharp/generator-csharp", 
    "url-identifier": "g/OmniSharp/generator-csharp", 
    "id": 1804074627, 
    "name": "OmniSharp/generator-csharp"
  }, 
  "data": [
    [
      {
        "value": "(return (member withPrompt (return (member withOptions (return (member inDir (return (member run (member test (root https://www.npmjs.com/package/yeoman-generator))))))))))"
      }, 
      {
        "value": "end"
      }
    ]
  ], 
  "columns": [
    "p", 
    "col1"
  ]
}