{
  "project": {
    "url": "https://lgtm.com/projects/g/opsmezzo/conservatory-api", 
    "url-identifier": "g/opsmezzo/conservatory-api", 
    "id": 1765908965, 
    "name": "opsmezzo/conservatory-api"
  }, 
  "data": [
    [
      {
        "value": "(return (root https://www.npmjs.com/package/request))"
      }, 
      {
        "value": "response"
      }
    ], 
    [
      {
        "value": "(return (member on (return (root https://www.npmjs.com/package/request))))"
      }, 
      {
        "value": "response"
      }
    ]
  ], 
  "columns": [
    "p", 
    "col1"
  ]
}