{
  "project": {
    "url": "https://lgtm.com/projects/g/OnsenUI/onsen-css-components", 
    "url-identifier": "g/OnsenUI/onsen-css-components", 
    "id": 1792452129, 
    "name": "OnsenUI/onsen-css-components"
  }, 
  "data": [
    [
      {
        "value": "(return (member merge (root https://www.npmjs.com/package/event-stream)))"
      }, 
      {
        "value": "end"
      }
    ], 
    [
      {
        "value": "(return (member createServer (root https://www.npmjs.com/package/http)))"
      }, 
      {
        "value": "error"
      }
    ], 
    [
      {
        "value": "(parameter 0 (parameter 0 (member createServer (root https://www.npmjs.com/package/http))))"
      }, 
      {
        "value": "end"
      }
    ], 
    [
      {
        "value": "(return (member pipe (return (member src (root https://www.npmjs.com/package/gulp)))))"
      }, 
      {
        "value": "end"
      }
    ], 
    [
      {
        "value": "(return (member on (return (member merge (root https://www.npmjs.com/package/event-stream)))))"
      }, 
      {
        "value": "end"
      }
    ], 
    [
      {
        "value": "(parameter 0 (parameter 0 (member use (return (root https://www.npmjs.com/package/express)))))"
      }, 
      {
        "value": "data"
      }
    ], 
    [
      {
        "value": "(parameter 0 (parameter 0 (member use (return (root https://www.npmjs.com/package/express)))))"
      }, 
      {
        "value": "end"
      }
    ], 
    [
      {
        "value": "(return (member addListener (return (member createServer (root https://www.npmjs.com/package/http)))))"
      }, 
      {
        "value": "error"
      }
    ], 
    [
      {
        "value": "(return (member addListener (parameter 0 (parameter 0 (member createServer (root https://www.npmjs.com/package/http))))))"
      }, 
      {
        "value": "end"
      }
    ], 
    [
      {
        "value": "(return (member addListener (parameter 0 (member serve (instance (member Server (root https://www.npmjs.com/package/node-static)))))))"
      }, 
      {
        "value": "end"
      }
    ], 
    [
      {
        "value": "(return (member addListener (parameter 0 (member serve (return (member Server (root https://www.npmjs.com/package/node-static)))))))"
      }, 
      {
        "value": "end"
      }
    ], 
    [
      {
        "value": "(return (member on (return (member pipe (return (member src (root https://www.npmjs.com/package/gulp)))))))"
      }, 
      {
        "value": "end"
      }
    ], 
    [
      {
        "value": "(return (member on (parameter 0 (parameter 0 (member use (return (root https://www.npmjs.com/package/express)))))))"
      }, 
      {
        "value": "data"
      }
    ], 
    [
      {
        "value": "(return (member on (parameter 0 (parameter 0 (member use (return (root https://www.npmjs.com/package/express)))))))"
      }, 
      {
        "value": "end"
      }
    ]
  ], 
  "columns": [
    "p", 
    "col1"
  ]
}