{
  "project": {
    "url": "https://lgtm.com/projects/g/opendatateam/udata", 
    "url-identifier": "g/opendatateam/udata", 
    "id": 1506696766530, 
    "name": "opendatateam/udata"
  }, 
  "data": [
    [
      {
        "value": "(parameter 1 (member onEachFeature (parameter 1 (member geoJson (root https://www.npmjs.com/package/leaflet)))))"
      }, 
      {
        "value": "mouseout"
      }
    ], 
    [
      {
        "value": "(parameter 1 (member onEachFeature (parameter 1 (member geoJson (root https://www.npmjs.com/package/leaflet)))))"
      }, 
      {
        "value": "mouseover"
      }
    ], 
    [
      {
        "value": "(parameter 1 (member onEachFeature (member methods (parameter 0 (root https://www.npmjs.com/package/vue)))))"
      }, 
      {
        "value": "mouseout"
      }
    ], 
    [
      {
        "value": "(parameter 1 (member onEachFeature (member methods (parameter 0 (root https://www.npmjs.com/package/vue)))))"
      }, 
      {
        "value": "mouseover"
      }
    ], 
    [
      {
        "value": "(parameter 1 (member onEachFeature (member methods (parameter 0 (member default (root https://www.npmjs.com/package/vue))))))"
      }, 
      {
        "value": "mouseout"
      }
    ], 
    [
      {
        "value": "(parameter 1 (member onEachFeature (member methods (parameter 0 (member default (root https://www.npmjs.com/package/vue))))))"
      }, 
      {
        "value": "mouseover"
      }
    ], 
    [
      {
        "value": "(parameter 1 (member onEachFeature (parameter 1 (member geoJson (member default (root https://www.npmjs.com/package/leaflet))))))"
      }, 
      {
        "value": "mouseout"
      }
    ], 
    [
      {
        "value": "(parameter 1 (member onEachFeature (parameter 1 (member geoJson (member default (root https://www.npmjs.com/package/leaflet))))))"
      }, 
      {
        "value": "mouseover"
      }
    ], 
    [
      {
        "value": "(return (member on (parameter 1 (member onEachFeature (parameter 1 (member geoJson (root https://www.npmjs.com/package/leaflet)))))))"
      }, 
      {
        "value": "mouseout"
      }
    ], 
    [
      {
        "value": "(return (member on (parameter 1 (member onEachFeature (parameter 1 (member geoJson (root https://www.npmjs.com/package/leaflet)))))))"
      }, 
      {
        "value": "mouseover"
      }
    ], 
    [
      {
        "value": "(return (member on (parameter 1 (member onEachFeature (member methods (parameter 0 (root https://www.npmjs.com/package/vue)))))))"
      }, 
      {
        "value": "mouseout"
      }
    ], 
    [
      {
        "value": "(return (member on (parameter 1 (member onEachFeature (member methods (parameter 0 (root https://www.npmjs.com/package/vue)))))))"
      }, 
      {
        "value": "mouseover"
      }
    ], 
    [
      {
        "value": "(return (member on (parameter 1 (member onEachFeature (member methods (parameter 0 (member default (root https://www.npmjs.com/package/vue))))))))"
      }, 
      {
        "value": "mouseout"
      }
    ], 
    [
      {
        "value": "(return (member on (parameter 1 (member onEachFeature (member methods (parameter 0 (member default (root https://www.npmjs.com/package/vue))))))))"
      }, 
      {
        "value": "mouseover"
      }
    ], 
    [
      {
        "value": "(return (member on (parameter 1 (member onEachFeature (parameter 1 (member geoJson (member default (root https://www.npmjs.com/package/leaflet))))))))"
      }, 
      {
        "value": "mouseout"
      }
    ], 
    [
      {
        "value": "(return (member on (parameter 1 (member onEachFeature (parameter 1 (member geoJson (member default (root https://www.npmjs.com/package/leaflet))))))))"
      }, 
      {
        "value": "mouseover"
      }
    ]
  ], 
  "columns": [
    "p", 
    "col1"
  ]
}