{
  "project": {
    "url": "https://lgtm.com/projects/g/owais/webpack-bundle-tracker", 
    "url-identifier": "g/owais/webpack-bundle-tracker", 
    "id": 1796570095, 
    "name": "owais/webpack-bundle-tracker"
  }, 
  "data": [
    [
      {
        "value": "(root https://www.npmjs.com/package/process)"
      }, 
      {
        "value": "unhandledRejection"
      }
    ], 
    [
      {
        "value": "(return (member on (root https://www.npmjs.com/package/process)))"
      }, 
      {
        "value": "unhandledRejection"
      }
    ]
  ], 
  "columns": [
    "p", 
    "col1"
  ]
}