{
  "project": {
    "url": "https://lgtm.com/projects/g/paypal/gnomon", 
    "url-identifier": "g/paypal/gnomon", 
    "id": 110501162, 
    "name": "paypal/gnomon"
  }, 
  "data": [
    [
      {
        "value": "(member stdout (root https://www.npmjs.com/package/process))"
      }, 
      {
        "value": "error"
      }
    ], 
    [
      {
        "value": "(return (member on (member stdout (root https://www.npmjs.com/package/process))))"
      }, 
      {
        "value": "error"
      }
    ]
  ], 
  "columns": [
    "p", 
    "col1"
  ]
}