{
  "project": {
    "url": "https://lgtm.com/projects/g/panthershark/memory-stream", 
    "url-identifier": "g/panthershark/memory-stream", 
    "id": 1769416698, 
    "name": "panthershark/memory-stream"
  }, 
  "data": [
    [
      {
        "value": "(instance (parameter 0 (member inherits (root https://www.npmjs.com/package/util))))"
      }, 
      {
        "value": "finish"
      }
    ], 
    [
      {
        "value": "(return (member on (instance (parameter 0 (member inherits (root https://www.npmjs.com/package/util))))))"
      }, 
      {
        "value": "finish"
      }
    ], 
    [
      {
        "value": "(return (member on (parameter 0 (member pipe (return (member createReadStream (root https://www.npmjs.com/package/fs)))))))"
      }, 
      {
        "value": "finish"
      }
    ]
  ], 
  "columns": [
    "p", 
    "col1"
  ]
}