{
  "project": {
    "url": "https://lgtm.com/projects/g/petruisfan/node-supervisor", 
    "url-identifier": "g/petruisfan/node-supervisor", 
    "id": 6950001, 
    "name": "petruisfan/node-supervisor"
  }, 
  "data": [
    [
      {
        "value": "(root https://www.npmjs.com/package/process)"
      }, 
      {
        "value": "exit"
      }
    ], 
    [
      {
        "value": "(member stdin (root https://www.npmjs.com/package/process))"
      }, 
      {
        "value": "readable"
      }
    ], 
    [
      {
        "value": "(member stdout (member child (root https://www.npmjs.com/package/supervisor)))"
      }, 
      {
        "value": "data"
      }
    ], 
    [
      {
        "value": "(member stderr (member child (root https://www.npmjs.com/package/supervisor)))"
      }, 
      {
        "value": "data"
      }
    ], 
    [
      {
        "value": "(return (member on (root https://www.npmjs.com/package/process)))"
      }, 
      {
        "value": "exit"
      }
    ], 
    [
      {
        "value": "(return (member spawn (root https://www.npmjs.com/package/child_process)))"
      }, 
      {
        "value": "error"
      }
    ], 
    [
      {
        "value": "(return (member spawn (root https://www.npmjs.com/package/child_process)))"
      }, 
      {
        "value": "exit"
      }
    ], 
    [
      {
        "value": "(return (member on (member child (root https://www.npmjs.com/package/supervisor))))"
      }, 
      {
        "value": "error"
      }
    ], 
    [
      {
        "value": "(return (member addListener (member child (root https://www.npmjs.com/package/supervisor))))"
      }, 
      {
        "value": "exit"
      }
    ], 
    [
      {
        "value": "(member stdout (return (member spawn (root https://www.npmjs.com/package/child_process))))"
      }, 
      {
        "value": "data"
      }
    ], 
    [
      {
        "value": "(member stderr (return (member spawn (root https://www.npmjs.com/package/child_process))))"
      }, 
      {
        "value": "data"
      }
    ], 
    [
      {
        "value": "(return (member on (member stdin (root https://www.npmjs.com/package/process))))"
      }, 
      {
        "value": "readable"
      }
    ], 
    [
      {
        "value": "(return (member addListener (member stdout (member child (root https://www.npmjs.com/package/supervisor)))))"
      }, 
      {
        "value": "data"
      }
    ], 
    [
      {
        "value": "(return (member addListener (member stderr (member child (root https://www.npmjs.com/package/supervisor)))))"
      }, 
      {
        "value": "data"
      }
    ], 
    [
      {
        "value": "(return (member on (return (member spawn (root https://www.npmjs.com/package/child_process)))))"
      }, 
      {
        "value": "error"
      }
    ], 
    [
      {
        "value": "(return (member addListener (return (member spawn (root https://www.npmjs.com/package/child_process)))))"
      }, 
      {
        "value": "exit"
      }
    ], 
    [
      {
        "value": "(return (member addListener (member stdout (return (member spawn (root https://www.npmjs.com/package/child_process))))))"
      }, 
      {
        "value": "data"
      }
    ], 
    [
      {
        "value": "(return (member addListener (member stderr (return (member spawn (root https://www.npmjs.com/package/child_process))))))"
      }, 
      {
        "value": "data"
      }
    ]
  ], 
  "columns": [
    "p", 
    "col1"
  ]
}