{
  "project": {
    "url": "https://lgtm.com/projects/g/photonstorm/phaser", 
    "url-identifier": "g/photonstorm/phaser", 
    "id": 113800297, 
    "name": "photonstorm/phaser"
  }, 
  "data": [
    [
      {
        "value": "(return (member on (parameter 0 (member call (root https://www.npmjs.com/package/eventemitter3)))))"
      }, 
      {
        "value": "changedata"
      }
    ], 
    [
      {
        "value": "(return (member on (parameter 0 (member call (root https://www.npmjs.com/package/eventemitter3)))))"
      }, 
      {
        "value": "setdata"
      }
    ], 
    [
      {
        "value": "(return (member on (parameter 2 (member on (parameter 0 (member call (root https://www.npmjs.com/package/eventemitter3)))))))"
      }, 
      {
        "value": "changedata"
      }
    ], 
    [
      {
        "value": "(return (member on (parameter 2 (member on (parameter 0 (member call (root https://www.npmjs.com/package/eventemitter3)))))))"
      }, 
      {
        "value": "setdata"
      }
    ], 
    [
      {
        "value": "(return (member on (parameter 2 (member on (parameter 2 (member on (parameter 0 (member call (root https://www.npmjs.com/package/eventemitter3)))))))))"
      }, 
      {
        "value": "changedata"
      }
    ], 
    [
      {
        "value": "(return (member on (parameter 2 (member on (parameter 2 (member on (parameter 0 (member call (root https://www.npmjs.com/package/eventemitter3)))))))))"
      }, 
      {
        "value": "setdata"
      }
    ]
  ], 
  "columns": [
    "p", 
    "col1"
  ]
}