{
  "project": {
    "url": "https://lgtm.com/projects/g/pbontrag/iris", 
    "url-identifier": "g/pbontrag/iris", 
    "id": 1506708166059, 
    "name": "pbontrag/iris"
  }, 
  "data": [
    [
      {
        "value": "(return (member createServer (root https://www.npmjs.com/package/http)))"
      }, 
      {
        "value": "listening"
      }
    ], 
    [
      {
        "value": "(return (member on (return (member createServer (root https://www.npmjs.com/package/http)))))"
      }, 
      {
        "value": "listening"
      }
    ]
  ], 
  "columns": [
    "p", 
    "col1"
  ]
}