{
  "project": {
    "url": "https://lgtm.com/projects/g/PhearZero/website", 
    "url-identifier": "g/PhearZero/website", 
    "id": 1509952326079, 
    "name": "PhearZero/website"
  }, 
  "data": [
    [
      {
        "value": "(return (member createServer (root https://www.npmjs.com/package/http)))"
      }, 
      {
        "value": "error"
      }
    ], 
    [
      {
        "value": "(return (member createServer (root https://www.npmjs.com/package/http)))"
      }, 
      {
        "value": "listening"
      }
    ], 
    [
      {
        "value": "(return (member sync (instance (root https://www.npmjs.com/package/pouchdb))))"
      }, 
      {
        "value": "error"
      }
    ], 
    [
      {
        "value": "(return (member sync (instance (root https://www.npmjs.com/package/pouchdb))))"
      }, 
      {
        "value": "change"
      }
    ], 
    [
      {
        "value": "(return (member sync (return (root https://www.npmjs.com/package/pouchdb))))"
      }, 
      {
        "value": "error"
      }
    ], 
    [
      {
        "value": "(return (member sync (return (root https://www.npmjs.com/package/pouchdb))))"
      }, 
      {
        "value": "change"
      }
    ], 
    [
      {
        "value": "(return (member on (return (member createServer (root https://www.npmjs.com/package/http)))))"
      }, 
      {
        "value": "error"
      }
    ], 
    [
      {
        "value": "(return (member on (return (member createServer (root https://www.npmjs.com/package/http)))))"
      }, 
      {
        "value": "listening"
      }
    ], 
    [
      {
        "value": "(return (member sync (member db (parameter 0 (member sync (root https://www.npmjs.com/package/backbone-pouch))))))"
      }, 
      {
        "value": "error"
      }
    ], 
    [
      {
        "value": "(return (member sync (member db (parameter 0 (member sync (root https://www.npmjs.com/package/backbone-pouch))))))"
      }, 
      {
        "value": "change"
      }
    ], 
    [
      {
        "value": "(return (member on (return (member sync (instance (root https://www.npmjs.com/package/pouchdb))))))"
      }, 
      {
        "value": "error"
      }
    ], 
    [
      {
        "value": "(return (member on (return (member sync (instance (root https://www.npmjs.com/package/pouchdb))))))"
      }, 
      {
        "value": "change"
      }
    ], 
    [
      {
        "value": "(return (member on (return (member sync (return (root https://www.npmjs.com/package/pouchdb))))))"
      }, 
      {
        "value": "error"
      }
    ], 
    [
      {
        "value": "(return (member on (return (member sync (return (root https://www.npmjs.com/package/pouchdb))))))"
      }, 
      {
        "value": "change"
      }
    ], 
    [
      {
        "value": "(return (member on (return (member sync (member db (parameter 0 (member sync (root https://www.npmjs.com/package/backbone-pouch))))))))"
      }, 
      {
        "value": "error"
      }
    ], 
    [
      {
        "value": "(return (member on (return (member sync (member db (parameter 0 (member sync (root https://www.npmjs.com/package/backbone-pouch))))))))"
      }, 
      {
        "value": "change"
      }
    ], 
    [
      {
        "value": "(return (member on (return (member on (return (member sync (instance (root https://www.npmjs.com/package/pouchdb))))))))"
      }, 
      {
        "value": "error"
      }
    ], 
    [
      {
        "value": "(return (member on (return (member on (return (member sync (return (root https://www.npmjs.com/package/pouchdb))))))))"
      }, 
      {
        "value": "error"
      }
    ], 
    [
      {
        "value": "(return (member on (return (member on (return (member sync (member db (parameter 0 (member sync (root https://www.npmjs.com/package/backbone-pouch))))))))))"
      }, 
      {
        "value": "error"
      }
    ]
  ], 
  "columns": [
    "p", 
    "col1"
  ]
}