{
  "project": {
    "url": "https://lgtm.com/projects/g/quorrajs/NodeSession", 
    "url-identifier": "g/quorrajs/NodeSession", 
    "id": 1792620139, 
    "name": "quorrajs/NodeSession"
  }, 
  "data": [
    [
      {
        "value": "(return (member createReadStream (root https://www.npmjs.com/package/fs)))"
      }, 
      {
        "value": "close"
      }
    ], 
    [
      {
        "value": "(return (member createServer (root https://www.npmjs.com/package/https)))"
      }, 
      {
        "value": "request"
      }
    ], 
    [
      {
        "value": "(return (member on (parameter 0 (root https://www.npmjs.com/package/supertest))))"
      }, 
      {
        "value": "request"
      }
    ], 
    [
      {
        "value": "(return (member on (return (member createReadStream (root https://www.npmjs.com/package/fs)))))"
      }, 
      {
        "value": "close"
      }
    ], 
    [
      {
        "value": "(return (member on (return (member createServer (root https://www.npmjs.com/package/https)))))"
      }, 
      {
        "value": "request"
      }
    ]
  ], 
  "columns": [
    "p", 
    "col1"
  ]
}