{
  "project": {
    "url": "https://lgtm.com/projects/g/raxjs/rax-scripts", 
    "url-identifier": "g/raxjs/rax-scripts", 
    "id": 1510828217533, 
    "name": "raxjs/rax-scripts"
  }, 
  "data": [
    [
      {
        "value": "(root https://www.npmjs.com/package/process)"
      }, 
      {
        "value": "unhandledRejection"
      }
    ], 
    [
      {
        "value": "(return (root https://www.npmjs.com/package/cross-spawn))"
      }, 
      {
        "value": "close"
      }
    ], 
    [
      {
        "value": "(return (member watch (root https://www.npmjs.com/package/chokidar)))"
      }, 
      {
        "value": "all"
      }
    ], 
    [
      {
        "value": "(return (member createWriteStream (root https://www.npmjs.com/package/fs-extra)))"
      }, 
      {
        "value": "close"
      }
    ], 
    [
      {
        "value": "(return (member once (root https://www.npmjs.com/package/process)))"
      }, 
      {
        "value": "unhandledRejection"
      }
    ], 
    [
      {
        "value": "(return (member createWriteStream (root https://www.npmjs.com/package/fs)))"
      }, 
      {
        "value": "error"
      }
    ], 
    [
      {
        "value": "(return (member createWriteStream (root https://www.npmjs.com/package/fs)))"
      }, 
      {
        "value": "finish"
      }
    ], 
    [
      {
        "value": "(return (member get (root https://www.npmjs.com/package/https)))"
      }, 
      {
        "value": "error"
      }
    ], 
    [
      {
        "value": "(parameter 1 (parameter 2 (member open (root https://www.npmjs.com/package/yauzl))))"
      }, 
      {
        "value": "error"
      }
    ], 
    [
      {
        "value": "(parameter 1 (parameter 2 (member open (root https://www.npmjs.com/package/yauzl))))"
      }, 
      {
        "value": "close"
      }
    ], 
    [
      {
        "value": "(parameter 1 (parameter 2 (member open (root https://www.npmjs.com/package/yauzl))))"
      }, 
      {
        "value": "entry"
      }
    ], 
    [
      {
        "value": "(return (member on (return (root https://www.npmjs.com/package/cross-spawn))))"
      }, 
      {
        "value": "close"
      }
    ], 
    [
      {
        "value": "(return (member on (return (member watch (root https://www.npmjs.com/package/chokidar)))))"
      }, 
      {
        "value": "all"
      }
    ], 
    [
      {
        "value": "(return (member on (return (member createWriteStream (root https://www.npmjs.com/package/fs-extra)))))"
      }, 
      {
        "value": "close"
      }
    ], 
    [
      {
        "value": "(return (member on (return (member createWriteStream (root https://www.npmjs.com/package/fs)))))"
      }, 
      {
        "value": "error"
      }
    ], 
    [
      {
        "value": "(return (member on (return (member createWriteStream (root https://www.npmjs.com/package/fs)))))"
      }, 
      {
        "value": "finish"
      }
    ], 
    [
      {
        "value": "(return (member on (return (member get (root https://www.npmjs.com/package/https)))))"
      }, 
      {
        "value": "error"
      }
    ], 
    [
      {
        "value": "(return (member on (parameter 1 (parameter 2 (member open (root https://www.npmjs.com/package/yauzl))))))"
      }, 
      {
        "value": "error"
      }
    ], 
    [
      {
        "value": "(return (member on (parameter 1 (parameter 2 (member open (root https://www.npmjs.com/package/yauzl))))))"
      }, 
      {
        "value": "close"
      }
    ], 
    [
      {
        "value": "(return (member on (parameter 1 (parameter 2 (member open (root https://www.npmjs.com/package/yauzl))))))"
      }, 
      {
        "value": "entry"
      }
    ]
  ], 
  "columns": [
    "p", 
    "col1"
  ]
}