{
  "project": {
    "url": "https://lgtm.com/projects/g/remoteintech/remote-jobs", 
    "url-identifier": "g/remoteintech/remote-jobs", 
    "id": 1506702266748, 
    "name": "remoteintech/remote-jobs"
  }, 
  "data": [
    [
      {
        "value": "(root https://www.npmjs.com/package/process)"
      }, 
      {
        "value": "unhandledRejection"
      }
    ], 
    [
      {
        "value": "(return (member on (root https://www.npmjs.com/package/process)))"
      }, 
      {
        "value": "unhandledRejection"
      }
    ]
  ], 
  "columns": [
    "p", 
    "col1"
  ]
}