{
  "project": {
    "url": "https://lgtm.com/projects/g/ryanseddon/ScrollListView", 
    "url-identifier": "g/ryanseddon/ScrollListView", 
    "id": 1801001025, 
    "name": "ryanseddon/ScrollListView"
  }, 
  "data": [
    [
      {
        "value": "(return (member watch (root https://www.npmjs.com/package/gulp)))"
      }, 
      {
        "value": "change"
      }
    ], 
    [
      {
        "value": "(return (member on (return (member watch (root https://www.npmjs.com/package/gulp)))))"
      }, 
      {
        "value": "change"
      }
    ]
  ], 
  "columns": [
    "p", 
    "col1"
  ]
}