{
  "project": {
    "url": "https://lgtm.com/projects/g/rvagg/archived-lmdb", 
    "url-identifier": "g/rvagg/archived-lmdb", 
    "id": 1506196296496, 
    "name": "rvagg/archived-lmdb"
  }, 
  "data": [
    [
      {
        "value": "(return (member fork (root https://www.npmjs.com/package/child_process)))"
      }, 
      {
        "value": "message"
      }
    ], 
    [
      {
        "value": "(return (member fork (root https://www.npmjs.com/package/child_process)))"
      }, 
      {
        "value": "exit"
      }
    ], 
    [
      {
        "value": "(return (member on (return (member fork (root https://www.npmjs.com/package/child_process)))))"
      }, 
      {
        "value": "message"
      }
    ], 
    [
      {
        "value": "(return (member on (return (member fork (root https://www.npmjs.com/package/child_process)))))"
      }, 
      {
        "value": "exit"
      }
    ]
  ], 
  "columns": [
    "p", 
    "col1"
  ]
}