{
  "project": {
    "url": "https://lgtm.com/projects/g/robohydra/robohydra", 
    "url-identifier": "g/robohydra/robohydra", 
    "id": 1795100488, 
    "name": "robohydra/robohydra"
  }, 
  "data": [
    [
      {
        "value": "(instance (member Server (root https://www.npmjs.com/package/ws)))"
      }, 
      {
        "value": "connection"
      }
    ], 
    [
      {
        "value": "(return (member Server (root https://www.npmjs.com/package/ws)))"
      }, 
      {
        "value": "connection"
      }
    ], 
    [
      {
        "value": "(return (member request (root https://www.npmjs.com/package/http)))"
      }, 
      {
        "value": "error"
      }
    ], 
    [
      {
        "value": "(return (member request (root https://www.npmjs.com/package/https)))"
      }, 
      {
        "value": "error"
      }
    ], 
    [
      {
        "value": "(parameter 0 (parameter 1 (member request (root https://www.npmjs.com/package/http))))"
      }, 
      {
        "value": "data"
      }
    ], 
    [
      {
        "value": "(parameter 0 (parameter 1 (member request (root https://www.npmjs.com/package/http))))"
      }, 
      {
        "value": "end"
      }
    ], 
    [
      {
        "value": "(parameter 0 (parameter 1 (member request (root https://www.npmjs.com/package/https))))"
      }, 
      {
        "value": "data"
      }
    ], 
    [
      {
        "value": "(parameter 0 (parameter 1 (member request (root https://www.npmjs.com/package/https))))"
      }, 
      {
        "value": "end"
      }
    ], 
    [
      {
        "value": "(return (member on (instance (member Server (root https://www.npmjs.com/package/ws)))))"
      }, 
      {
        "value": "connection"
      }
    ], 
    [
      {
        "value": "(return (member on (return (member Server (root https://www.npmjs.com/package/ws)))))"
      }, 
      {
        "value": "connection"
      }
    ], 
    [
      {
        "value": "(return (member on (return (member request (root https://www.npmjs.com/package/http)))))"
      }, 
      {
        "value": "error"
      }
    ], 
    [
      {
        "value": "(return (member on (return (member request (root https://www.npmjs.com/package/https)))))"
      }, 
      {
        "value": "error"
      }
    ], 
    [
      {
        "value": "(parameter 0 (parameter 1 (member on (instance (member Server (root https://www.npmjs.com/package/ws))))))"
      }, 
      {
        "value": "error"
      }
    ], 
    [
      {
        "value": "(parameter 0 (parameter 1 (member on (return (member Server (root https://www.npmjs.com/package/ws))))))"
      }, 
      {
        "value": "error"
      }
    ], 
    [
      {
        "value": "(return (member on (parameter 0 (parameter 1 (member request (root https://www.npmjs.com/package/http))))))"
      }, 
      {
        "value": "data"
      }
    ], 
    [
      {
        "value": "(return (member on (parameter 0 (parameter 1 (member request (root https://www.npmjs.com/package/http))))))"
      }, 
      {
        "value": "end"
      }
    ], 
    [
      {
        "value": "(return (member on (parameter 0 (parameter 1 (member request (root https://www.npmjs.com/package/https))))))"
      }, 
      {
        "value": "data"
      }
    ], 
    [
      {
        "value": "(return (member on (parameter 0 (parameter 1 (member request (root https://www.npmjs.com/package/https))))))"
      }, 
      {
        "value": "end"
      }
    ], 
    [
      {
        "value": "(return (member on (parameter 0 (parameter 1 (member on (instance (member Server (root https://www.npmjs.com/package/ws))))))))"
      }, 
      {
        "value": "error"
      }
    ], 
    [
      {
        "value": "(return (member on (parameter 0 (parameter 1 (member on (return (member Server (root https://www.npmjs.com/package/ws))))))))"
      }, 
      {
        "value": "error"
      }
    ]
  ], 
  "columns": [
    "p", 
    "col1"
  ]
}