{
  "project": {
    "url": "https://lgtm.com/projects/g/STRML/openbazaar-connector", 
    "url-identifier": "g/STRML/openbazaar-connector", 
    "id": 1506691177701, 
    "name": "STRML/openbazaar-connector"
  }, 
  "data": [
    [
      {
        "value": "(return (return (root https://www.npmjs.com/package/reconnect-core)))"
      }, 
      {
        "value": "disconnect"
      }
    ], 
    [
      {
        "value": "(parameter 0 (parameter 1 (return (root https://www.npmjs.com/package/reconnect-core))))"
      }, 
      {
        "value": "data"
      }
    ], 
    [
      {
        "value": "(instance (parameter 0 (member inherits (root https://www.npmjs.com/package/util))))"
      }, 
      {
        "value": "error"
      }
    ], 
    [
      {
        "value": "(instance (parameter 0 (member inherits (root https://www.npmjs.com/package/util))))"
      }, 
      {
        "value": "disconnect"
      }
    ], 
    [
      {
        "value": "(instance (parameter 0 (member inherits (root https://www.npmjs.com/package/util))))"
      }, 
      {
        "value": "connect"
      }
    ], 
    [
      {
        "value": "(instance (parameter 0 (member inherits (root https://www.npmjs.com/package/util))))"
      }, 
      {
        "value": "reconnect"
      }
    ], 
    [
      {
        "value": "(return (member on (return (return (root https://www.npmjs.com/package/reconnect-core)))))"
      }, 
      {
        "value": "disconnect"
      }
    ], 
    [
      {
        "value": "(parameter 0 (member _connected (instance (parameter 0 (member inherits (root https://www.npmjs.com/package/util))))))"
      }, 
      {
        "value": "data"
      }
    ], 
    [
      {
        "value": "(return (member on (parameter 0 (parameter 1 (return (root https://www.npmjs.com/package/reconnect-core))))))"
      }, 
      {
        "value": "data"
      }
    ], 
    [
      {
        "value": "(return (member on (instance (parameter 0 (member inherits (root https://www.npmjs.com/package/util))))))"
      }, 
      {
        "value": "error"
      }
    ], 
    [
      {
        "value": "(return (member on (instance (parameter 0 (member inherits (root https://www.npmjs.com/package/util))))))"
      }, 
      {
        "value": "disconnect"
      }
    ], 
    [
      {
        "value": "(return (member on (instance (parameter 0 (member inherits (root https://www.npmjs.com/package/util))))))"
      }, 
      {
        "value": "connect"
      }
    ], 
    [
      {
        "value": "(return (member on (instance (parameter 0 (member inherits (root https://www.npmjs.com/package/util))))))"
      }, 
      {
        "value": "reconnect"
      }
    ], 
    [
      {
        "value": "(return (member on (member stream (instance (parameter 0 (member inherits (root https://www.npmjs.com/package/util)))))))"
      }, 
      {
        "value": "data"
      }
    ], 
    [
      {
        "value": "(return (member on (parameter 0 (member _connected (instance (parameter 0 (member inherits (root https://www.npmjs.com/package/util))))))))"
      }, 
      {
        "value": "data"
      }
    ], 
    [
      {
        "value": "(return (member on (member stream (instance (member _connected (instance (parameter 0 (member inherits (root https://www.npmjs.com/package/util)))))))))"
      }, 
      {
        "value": "data"
      }
    ], 
    [
      {
        "value": "(return (member on (member stream (parameter 0 (member apply (member sendCommand (instance (parameter 0 (member inherits (root https://www.npmjs.com/package/util))))))))))"
      }, 
      {
        "value": "data"
      }
    ]
  ], 
  "columns": [
    "p", 
    "col1"
  ]
}