{
  "project": {
    "url": "https://lgtm.com/projects/g/shutterstock/lil-brother", 
    "url-identifier": "g/shutterstock/lil-brother", 
    "id": 129030134, 
    "name": "shutterstock/lil-brother"
  }, 
  "data": [
    [
      {
        "value": "(return (member socket (root https://www.npmjs.com/package/zmq)))"
      }, 
      {
        "value": "message"
      }
    ], 
    [
      {
        "value": "(return (member createWriteStream (root https://www.npmjs.com/package/fs)))"
      }, 
      {
        "value": "error"
      }
    ], 
    [
      {
        "value": "(return (member createServer (root https://www.npmjs.com/package/http)))"
      }, 
      {
        "value": "clientError"
      }
    ], 
    [
      {
        "value": "(return (member request (root https://www.npmjs.com/package/http)))"
      }, 
      {
        "value": "error"
      }
    ], 
    [
      {
        "value": "(return (member createServer (root https://www.npmjs.com/package/https)))"
      }, 
      {
        "value": "clientError"
      }
    ], 
    [
      {
        "value": "(return (member on (member server (root https://www.npmjs.com/package/lil-brother))))"
      }, 
      {
        "value": "clientError"
      }
    ], 
    [
      {
        "value": "(return (member on (member secure_server (root https://www.npmjs.com/package/lil-brother))))"
      }, 
      {
        "value": "clientError"
      }
    ], 
    [
      {
        "value": "(parameter 0 (parameter 0 (member createServer (root https://www.npmjs.com/package/http))))"
      }, 
      {
        "value": "data"
      }
    ], 
    [
      {
        "value": "(parameter 0 (parameter 0 (member createServer (root https://www.npmjs.com/package/http))))"
      }, 
      {
        "value": "end"
      }
    ], 
    [
      {
        "value": "(parameter 0 (parameter 1 (member request (root https://www.npmjs.com/package/http))))"
      }, 
      {
        "value": "end"
      }
    ], 
    [
      {
        "value": "(instance (parameter 0 (member inherits (root https://www.npmjs.com/package/util))))"
      }, 
      {
        "value": "data"
      }
    ], 
    [
      {
        "value": "(instance (parameter 0 (member inherits (root https://www.npmjs.com/package/util))))"
      }, 
      {
        "value": "close"
      }
    ], 
    [
      {
        "value": "(return (member on (return (member socket (root https://www.npmjs.com/package/zmq)))))"
      }, 
      {
        "value": "message"
      }
    ], 
    [
      {
        "value": "(member stream (instance (parameter 0 (member inherits (root https://www.npmjs.com/package/util)))))"
      }, 
      {
        "value": "error"
      }
    ], 
    [
      {
        "value": "(member stream (parameter 0 (member call (member EventEmitter (root https://www.npmjs.com/package/events)))))"
      }, 
      {
        "value": "error"
      }
    ], 
    [
      {
        "value": "(return (member on (return (member createServer (root https://www.npmjs.com/package/http)))))"
      }, 
      {
        "value": "clientError"
      }
    ], 
    [
      {
        "value": "(return (member on (return (member request (root https://www.npmjs.com/package/http)))))"
      }, 
      {
        "value": "error"
      }
    ], 
    [
      {
        "value": "(return (member on (return (member createServer (root https://www.npmjs.com/package/https)))))"
      }, 
      {
        "value": "clientError"
      }
    ], 
    [
      {
        "value": "(return (member on (return (member createWriteStream (root https://www.npmjs.com/package/fs)))))"
      }, 
      {
        "value": "error"
      }
    ], 
    [
      {
        "value": "(return (member on (parameter 0 (parameter 0 (member createServer (root https://www.npmjs.com/package/http))))))"
      }, 
      {
        "value": "data"
      }
    ], 
    [
      {
        "value": "(return (member on (parameter 0 (parameter 0 (member createServer (root https://www.npmjs.com/package/http))))))"
      }, 
      {
        "value": "end"
      }
    ], 
    [
      {
        "value": "(return (member on (parameter 0 (parameter 1 (member request (root https://www.npmjs.com/package/http))))))"
      }, 
      {
        "value": "end"
      }
    ], 
    [
      {
        "value": "(return (member on (instance (parameter 0 (member inherits (root https://www.npmjs.com/package/util))))))"
      }, 
      {
        "value": "data"
      }
    ], 
    [
      {
        "value": "(return (member on (instance (parameter 0 (member inherits (root https://www.npmjs.com/package/util))))))"
      }, 
      {
        "value": "close"
      }
    ], 
    [
      {
        "value": "(return (member on (parameter 0 (member call (member EventEmitter (root https://www.npmjs.com/package/events))))))"
      }, 
      {
        "value": "data"
      }
    ], 
    [
      {
        "value": "(return (member on (parameter 0 (member call (member EventEmitter (root https://www.npmjs.com/package/events))))))"
      }, 
      {
        "value": "close"
      }
    ], 
    [
      {
        "value": "(return (member on (member stream (instance (parameter 0 (member inherits (root https://www.npmjs.com/package/util)))))))"
      }, 
      {
        "value": "error"
      }
    ], 
    [
      {
        "value": "(return (member on (member stream (parameter 0 (member call (member EventEmitter (root https://www.npmjs.com/package/events)))))))"
      }, 
      {
        "value": "error"
      }
    ]
  ], 
  "columns": [
    "p", 
    "col1"
  ]
}