{
  "project": {
    "url": "https://lgtm.com/projects/g/souravray/gafas", 
    "url-identifier": "g/souravray/gafas", 
    "id": 1511492480640, 
    "name": "souravray/gafas"
  }, 
  "data": [
    [
      {
        "value": "(root https://www.npmjs.com/package/process)"
      }, 
      {
        "value": "SIGINT"
      }
    ], 
    [
      {
        "value": "(root https://www.npmjs.com/package/process)"
      }, 
      {
        "value": "SIGTERM"
      }
    ], 
    [
      {
        "value": "(member stdin (root https://www.npmjs.com/package/process))"
      }, 
      {
        "value": "keypress"
      }
    ], 
    [
      {
        "value": "(member stdout (root https://www.npmjs.com/package/process))"
      }, 
      {
        "value": "resize"
      }
    ], 
    [
      {
        "value": "(return (member on (root https://www.npmjs.com/package/process)))"
      }, 
      {
        "value": "SIGINT"
      }
    ], 
    [
      {
        "value": "(return (member on (root https://www.npmjs.com/package/process)))"
      }, 
      {
        "value": "SIGTERM"
      }
    ], 
    [
      {
        "value": "(return (member on (member stdin (root https://www.npmjs.com/package/process))))"
      }, 
      {
        "value": "keypress"
      }
    ], 
    [
      {
        "value": "(return (member on (member stdout (root https://www.npmjs.com/package/process))))"
      }, 
      {
        "value": "resize"
      }
    ]
  ], 
  "columns": [
    "p", 
    "col1"
  ]
}