{
  "project": {
    "url": "https://lgtm.com/projects/g/shadiabuhilal/rtl-detect", 
    "url-identifier": "g/shadiabuhilal/rtl-detect", 
    "id": 1506543297558, 
    "name": "shadiabuhilal/rtl-detect"
  }, 
  "data": [
    [
      {
        "value": "(return (member spawn (root https://www.npmjs.com/package/child_process)))"
      }, 
      {
        "value": "exit"
      }
    ], 
    [
      {
        "value": "(return (member on (return (member spawn (root https://www.npmjs.com/package/child_process)))))"
      }, 
      {
        "value": "exit"
      }
    ]
  ], 
  "columns": [
    "p", 
    "col1"
  ]
}