{
  "project": {
    "url": "https://lgtm.com/projects/g/substance/hub", 
    "url-identifier": "g/substance/hub", 
    "id": 1506701592719, 
    "name": "substance/hub"
  }, 
  "data": [
    [
      {
        "value": "(instance (member Server (root https://www.npmjs.com/package/ws)))"
      }, 
      {
        "value": "connection"
      }
    ], 
    [
      {
        "value": "(return (member Server (root https://www.npmjs.com/package/ws)))"
      }, 
      {
        "value": "connection"
      }
    ], 
    [
      {
        "value": "(return (member createServer (root https://www.npmjs.com/package/http)))"
      }, 
      {
        "value": "request"
      }
    ], 
    [
      {
        "value": "(return (member on (return (member connect (root https://www.npmjs.com/package/substance-hub)))))"
      }, 
      {
        "value": "connection"
      }
    ], 
    [
      {
        "value": "(return (member on (instance (member Server (root https://www.npmjs.com/package/ws)))))"
      }, 
      {
        "value": "connection"
      }
    ], 
    [
      {
        "value": "(return (member on (return (member Server (root https://www.npmjs.com/package/ws)))))"
      }, 
      {
        "value": "connection"
      }
    ], 
    [
      {
        "value": "(return (member on (return (member createServer (root https://www.npmjs.com/package/http)))))"
      }, 
      {
        "value": "request"
      }
    ], 
    [
      {
        "value": "(parameter 0 (parameter 1 (member on (return (member connect (root https://www.npmjs.com/package/substance-hub))))))"
      }, 
      {
        "value": "message"
      }
    ], 
    [
      {
        "value": "(return (member on (member server (parameter 0 (member Server (root https://www.npmjs.com/package/ws))))))"
      }, 
      {
        "value": "request"
      }
    ], 
    [
      {
        "value": "(parameter 0 (parameter 1 (member on (instance (member Server (root https://www.npmjs.com/package/ws))))))"
      }, 
      {
        "value": "message"
      }
    ], 
    [
      {
        "value": "(parameter 0 (parameter 1 (member on (return (member Server (root https://www.npmjs.com/package/ws))))))"
      }, 
      {
        "value": "message"
      }
    ], 
    [
      {
        "value": "(return (member on (parameter 0 (parameter 1 (member on (return (member connect (root https://www.npmjs.com/package/substance-hub))))))))"
      }, 
      {
        "value": "message"
      }
    ], 
    [
      {
        "value": "(return (member on (parameter 0 (parameter 1 (member on (instance (member Server (root https://www.npmjs.com/package/ws))))))))"
      }, 
      {
        "value": "message"
      }
    ], 
    [
      {
        "value": "(return (member on (parameter 0 (parameter 1 (member on (return (member Server (root https://www.npmjs.com/package/ws))))))))"
      }, 
      {
        "value": "message"
      }
    ]
  ], 
  "columns": [
    "p", 
    "col1"
  ]
}