{
  "project": {
    "url": "https://lgtm.com/projects/g/shannonmoeller/gulp-hb", 
    "url-identifier": "g/shannonmoeller/gulp-hb", 
    "id": 1792881693, 
    "name": "shannonmoeller/gulp-hb"
  }, 
  "data": [
    [
      {
        "value": "(return (member obj (root https://www.npmjs.com/package/through2)))"
      }, 
      {
        "value": "data"
      }
    ], 
    [
      {
        "value": "(return (member obj (root https://www.npmjs.com/package/through2)))"
      }, 
      {
        "value": "error"
      }
    ], 
    [
      {
        "value": "(return (member on (return (member obj (root https://www.npmjs.com/package/through2)))))"
      }, 
      {
        "value": "data"
      }
    ], 
    [
      {
        "value": "(return (member on (return (member obj (root https://www.npmjs.com/package/through2)))))"
      }, 
      {
        "value": "error"
      }
    ]
  ], 
  "columns": [
    "p", 
    "col1"
  ]
}