{
  "project": {
    "url": "https://lgtm.com/projects/g/saguijs/sagui", 
    "url-identifier": "g/saguijs/sagui", 
    "id": 1797320963, 
    "name": "saguijs/sagui"
  }, 
  "data": [
    [
      {
        "value": "(member listeningApp (instance (root https://www.npmjs.com/package/webpack-dev-server)))"
      }, 
      {
        "value": "error"
      }
    ], 
    [
      {
        "value": "(member listeningApp (return (root https://www.npmjs.com/package/webpack-dev-server)))"
      }, 
      {
        "value": "error"
      }
    ], 
    [
      {
        "value": "(member listeningApp (instance (member default (root https://www.npmjs.com/package/webpack-dev-server))))"
      }, 
      {
        "value": "error"
      }
    ], 
    [
      {
        "value": "(member listeningApp (return (member default (root https://www.npmjs.com/package/webpack-dev-server))))"
      }, 
      {
        "value": "error"
      }
    ], 
    [
      {
        "value": "(return (member on (member listeningApp (instance (root https://www.npmjs.com/package/webpack-dev-server)))))"
      }, 
      {
        "value": "error"
      }
    ], 
    [
      {
        "value": "(return (member on (member listeningApp (return (root https://www.npmjs.com/package/webpack-dev-server)))))"
      }, 
      {
        "value": "error"
      }
    ], 
    [
      {
        "value": "(return (member on (member listeningApp (instance (member default (root https://www.npmjs.com/package/webpack-dev-server))))))"
      }, 
      {
        "value": "error"
      }
    ], 
    [
      {
        "value": "(return (member on (member listeningApp (return (member default (root https://www.npmjs.com/package/webpack-dev-server))))))"
      }, 
      {
        "value": "error"
      }
    ]
  ], 
  "columns": [
    "p", 
    "col1"
  ]
}