{
  "project": {
    "url": "https://lgtm.com/projects/g/StephenGrider/ReactCasts", 
    "url-identifier": "g/StephenGrider/ReactCasts", 
    "id": 102417826, 
    "name": "StephenGrider/ReactCasts"
  }, 
  "data": [
    [
      {
        "value": "(instance (root https://www.npmjs.com/package/firebase))"
      }, 
      {
        "value": "value"
      }
    ], 
    [
      {
        "value": "(return (root https://www.npmjs.com/package/watchify))"
      }, 
      {
        "value": "update"
      }
    ], 
    [
      {
        "value": "(return (root https://www.npmjs.com/package/gulp-sass))"
      }, 
      {
        "value": "error"
      }
    ], 
    [
      {
        "value": "(return (root https://www.npmjs.com/package/firebase))"
      }, 
      {
        "value": "value"
      }
    ], 
    [
      {
        "value": "(return (member on (return (root https://www.npmjs.com/package/watchify))))"
      }, 
      {
        "value": "update"
      }
    ], 
    [
      {
        "value": "(return (member bundle (return (root https://www.npmjs.com/package/watchify))))"
      }, 
      {
        "value": "error"
      }
    ], 
    [
      {
        "value": "(return (member on (return (root https://www.npmjs.com/package/gulp-sass))))"
      }, 
      {
        "value": "error"
      }
    ], 
    [
      {
        "value": "(return (member on (instance (root https://www.npmjs.com/package/firebase))))"
      }, 
      {
        "value": "value"
      }
    ], 
    [
      {
        "value": "(return (member on (return (root https://www.npmjs.com/package/firebase))))"
      }, 
      {
        "value": "value"
      }
    ], 
    [
      {
        "value": "(member fb (instance (member componentWillMount (parameter 0 (member createClass (root https://www.npmjs.com/package/react))))))"
      }, 
      {
        "value": "value"
      }
    ], 
    [
      {
        "value": "(return (member on (return (member bundle (return (root https://www.npmjs.com/package/watchify))))))"
      }, 
      {
        "value": "error"
      }
    ], 
    [
      {
        "value": "(return (member on (member fb (instance (member componentWillMount (parameter 0 (member createClass (root https://www.npmjs.com/package/react))))))))"
      }, 
      {
        "value": "value"
      }
    ]
  ], 
  "columns": [
    "p", 
    "col1"
  ]
}