{
  "project": {
    "url": "https://lgtm.com/projects/g/strongloop/loopback-example-relations", 
    "url-identifier": "g/strongloop/loopback-example-relations", 
    "id": 1794211316, 
    "name": "strongloop/loopback-example-relations"
  }, 
  "data": [
    [
      {
        "value": "(return (root https://www.npmjs.com/package/loopback))"
      }, 
      {
        "value": "loaded"
      }
    ], 
    [
      {
        "value": "(return (root https://www.npmjs.com/package/loopback))"
      }, 
      {
        "value": "started"
      }
    ], 
    [
      {
        "value": "(return (member once (root https://www.npmjs.com/package/loopback-example-relations)))"
      }, 
      {
        "value": "loaded"
      }
    ], 
    [
      {
        "value": "(return (member once (root https://www.npmjs.com/package/loopback-example-relations)))"
      }, 
      {
        "value": "started"
      }
    ], 
    [
      {
        "value": "(return (member once (return (root https://www.npmjs.com/package/loopback))))"
      }, 
      {
        "value": "loaded"
      }
    ], 
    [
      {
        "value": "(return (member once (return (root https://www.npmjs.com/package/loopback))))"
      }, 
      {
        "value": "started"
      }
    ]
  ], 
  "columns": [
    "p", 
    "col1"
  ]
}