{
  "project": {
    "url": "https://lgtm.com/projects/g/SecureTrading/js-payments", 
    "url-identifier": "g/SecureTrading/js-payments", 
    "id": 1511470913554, 
    "name": "SecureTrading/js-payments"
  }, 
  "data": [
    [
      {
        "value": "(instance (parameter 0 (member get (member Container (root https://www.npmjs.com/package/typedi)))))"
      }, 
      {
        "value": "error"
      }
    ], 
    [
      {
        "value": "(instance (parameter 0 (member get (member Container (root https://www.npmjs.com/package/typedi)))))"
      }, 
      {
        "value": "success"
      }
    ], 
    [
      {
        "value": "(instance (parameter 0 (member get (member Container (root https://www.npmjs.com/package/typedi)))))"
      }, 
      {
        "value": "submit"
      }
    ], 
    [
      {
        "value": "(instance (parameter 0 (member get (member Container (root https://www.npmjs.com/package/typedi)))))"
      }, 
      {
        "value": "cancel"
      }
    ], 
    [
      {
        "value": "(return (member on (instance (parameter 0 (member get (member Container (root https://www.npmjs.com/package/typedi)))))))"
      }, 
      {
        "value": "error"
      }
    ], 
    [
      {
        "value": "(return (member on (instance (parameter 0 (member get (member Container (root https://www.npmjs.com/package/typedi)))))))"
      }, 
      {
        "value": "success"
      }
    ], 
    [
      {
        "value": "(return (member on (instance (parameter 0 (member get (member Container (root https://www.npmjs.com/package/typedi)))))))"
      }, 
      {
        "value": "submit"
      }
    ], 
    [
      {
        "value": "(return (member on (instance (parameter 0 (member get (member Container (root https://www.npmjs.com/package/typedi)))))))"
      }, 
      {
        "value": "cancel"
      }
    ]
  ], 
  "columns": [
    "p", 
    "col1"
  ]
}