{
  "project": {
    "url": "https://lgtm.com/projects/g/sindresorhus/electron-dl", 
    "url-identifier": "g/sindresorhus/electron-dl", 
    "id": 1789971141, 
    "name": "sindresorhus/electron-dl"
  }, 
  "data": [
    [
      {
        "value": "(root https://www.npmjs.com/package/process)"
      }, 
      {
        "value": "SIGINT"
      }
    ], 
    [
      {
        "value": "(member app (root https://www.npmjs.com/package/electron))"
      }, 
      {
        "value": "session-created"
      }
    ], 
    [
      {
        "value": "(instance (member BrowserWindow (root https://www.npmjs.com/package/electron)))"
      }, 
      {
        "value": "closed"
      }
    ], 
    [
      {
        "value": "(return (member BrowserWindow (root https://www.npmjs.com/package/electron)))"
      }, 
      {
        "value": "closed"
      }
    ], 
    [
      {
        "value": "(return (member on (root https://www.npmjs.com/package/process)))"
      }, 
      {
        "value": "SIGINT"
      }
    ], 
    [
      {
        "value": "(return (member on (member app (root https://www.npmjs.com/package/electron))))"
      }, 
      {
        "value": "session-created"
      }
    ], 
    [
      {
        "value": "(parameter 0 (parameter 0 (member createServer (root https://www.npmjs.com/package/http))))"
      }, 
      {
        "value": "end"
      }
    ], 
    [
      {
        "value": "(parameter 0 (parameter 1 (member on (member app (root https://www.npmjs.com/package/electron)))))"
      }, 
      {
        "value": "will-download"
      }
    ], 
    [
      {
        "value": "(return (member on (instance (member BrowserWindow (root https://www.npmjs.com/package/electron)))))"
      }, 
      {
        "value": "closed"
      }
    ], 
    [
      {
        "value": "(return (member on (return (member BrowserWindow (root https://www.npmjs.com/package/electron)))))"
      }, 
      {
        "value": "closed"
      }
    ], 
    [
      {
        "value": "(return (member addListener (parameter 0 (parameter 0 (member createServer (root https://www.npmjs.com/package/http))))))"
      }, 
      {
        "value": "end"
      }
    ], 
    [
      {
        "value": "(return (member on (parameter 0 (member onStarted (parameter 0 (root https://www.npmjs.com/package/electron-dl))))))"
      }, 
      {
        "value": "done"
      }
    ], 
    [
      {
        "value": "(return (member on (parameter 0 (member onStarted (parameter 0 (root https://www.npmjs.com/package/electron-dl))))))"
      }, 
      {
        "value": "updated"
      }
    ], 
    [
      {
        "value": "(return (member on (parameter 0 (member onCancel (parameter 0 (root https://www.npmjs.com/package/electron-dl))))))"
      }, 
      {
        "value": "done"
      }
    ], 
    [
      {
        "value": "(return (member on (parameter 0 (member onCancel (parameter 0 (root https://www.npmjs.com/package/electron-dl))))))"
      }, 
      {
        "value": "updated"
      }
    ], 
    [
      {
        "value": "(return (member addListener (parameter 0 (member serve (instance (member Server (root https://www.npmjs.com/package/node-static)))))))"
      }, 
      {
        "value": "end"
      }
    ], 
    [
      {
        "value": "(return (member addListener (parameter 0 (member serve (return (member Server (root https://www.npmjs.com/package/node-static)))))))"
      }, 
      {
        "value": "end"
      }
    ], 
    [
      {
        "value": "(return (member on (parameter 0 (parameter 1 (member on (member app (root https://www.npmjs.com/package/electron)))))))"
      }, 
      {
        "value": "will-download"
      }
    ], 
    [
      {
        "value": "(parameter 1 (parameter 1 (member on (parameter 0 (parameter 1 (member on (member app (root https://www.npmjs.com/package/electron))))))))"
      }, 
      {
        "value": "done"
      }
    ], 
    [
      {
        "value": "(parameter 1 (parameter 1 (member on (parameter 0 (parameter 1 (member on (member app (root https://www.npmjs.com/package/electron))))))))"
      }, 
      {
        "value": "updated"
      }
    ], 
    [
      {
        "value": "(parameter 1 (parameter 1 (member removeListener (parameter 0 (parameter 1 (member on (member app (root https://www.npmjs.com/package/electron))))))))"
      }, 
      {
        "value": "done"
      }
    ], 
    [
      {
        "value": "(parameter 1 (parameter 1 (member removeListener (parameter 0 (parameter 1 (member on (member app (root https://www.npmjs.com/package/electron))))))))"
      }, 
      {
        "value": "updated"
      }
    ], 
    [
      {
        "value": "(return (member on (parameter 1 (parameter 1 (member on (parameter 0 (parameter 1 (member on (member app (root https://www.npmjs.com/package/electron))))))))))"
      }, 
      {
        "value": "done"
      }
    ], 
    [
      {
        "value": "(return (member on (parameter 1 (parameter 1 (member on (parameter 0 (parameter 1 (member on (member app (root https://www.npmjs.com/package/electron))))))))))"
      }, 
      {
        "value": "updated"
      }
    ], 
    [
      {
        "value": "(return (member on (parameter 1 (parameter 1 (member removeListener (parameter 0 (parameter 1 (member on (member app (root https://www.npmjs.com/package/electron))))))))))"
      }, 
      {
        "value": "done"
      }
    ], 
    [
      {
        "value": "(return (member on (parameter 1 (parameter 1 (member removeListener (parameter 0 (parameter 1 (member on (member app (root https://www.npmjs.com/package/electron))))))))))"
      }, 
      {
        "value": "updated"
      }
    ]
  ], 
  "columns": [
    "p", 
    "col1"
  ]
}