{
  "project": {
    "url": "https://lgtm.com/projects/g/steel1990/watch", 
    "url-identifier": "g/steel1990/watch", 
    "id": 1511488542224, 
    "name": "steel1990/watch"
  }, 
  "data": [
    [
      {
        "value": "(parameter 1 (parameter 1 (root https://www.npmjs.com/package/gaze)))"
      }, 
      {
        "value": "all"
      }
    ], 
    [
      {
        "value": "(return (member on (parameter 1 (parameter 1 (root https://www.npmjs.com/package/gaze)))))"
      }, 
      {
        "value": "all"
      }
    ]
  ], 
  "columns": [
    "p", 
    "col1"
  ]
}