{
  "project": {
    "url": "https://lgtm.com/projects/g/subtleGradient/hook.io-herd", 
    "url-identifier": "g/subtleGradient/hook.io-herd", 
    "id": 1506718166590, 
    "name": "subtleGradient/hook.io-herd"
  }, 
  "data": [
    [
      {
        "value": "(instance (parameter 0 (member inherits (root https://www.npmjs.com/package/util))))"
      }, 
      {
        "value": "hook::ready"
      }
    ], 
    [
      {
        "value": "(return (member on (parameter 0 (member call (member Hook (root https://www.npmjs.com/package/hook.io))))))"
      }, 
      {
        "value": "hook::ready"
      }
    ], 
    [
      {
        "value": "(return (member on (instance (parameter 0 (member inherits (root https://www.npmjs.com/package/util))))))"
      }, 
      {
        "value": "hook::ready"
      }
    ], 
    [
      {
        "value": "(return (member on (parameter 0 (member call (parameter 1 (member inherits (root https://www.npmjs.com/package/util)))))))"
      }, 
      {
        "value": "hook::ready"
      }
    ], 
    [
      {
        "value": "(return (member on (parameter 1 (member map (member childHooks (parameter 0 (member call (member Hook (root https://www.npmjs.com/package/hook.io)))))))))"
      }, 
      {
        "value": "hook::ready"
      }
    ], 
    [
      {
        "value": "(return (member on (parameter 1 (member map (member childHooks (instance (parameter 0 (member inherits (root https://www.npmjs.com/package/util)))))))))"
      }, 
      {
        "value": "hook::ready"
      }
    ], 
    [
      {
        "value": "(return (member on (parameter 1 (member map (member childHooks (parameter 0 (member call (parameter 1 (member inherits (root https://www.npmjs.com/package/util))))))))))"
      }, 
      {
        "value": "hook::ready"
      }
    ]
  ], 
  "columns": [
    "p", 
    "col1"
  ]
}