{
  "project": {
    "url": "https://lgtm.com/projects/g/shamahoque/mern-social", 
    "url-identifier": "g/shamahoque/mern-social", 
    "id": 1510900648823, 
    "name": "shamahoque/mern-social"
  }, 
  "data": [
    [
      {
        "value": "(member connection (root https://www.npmjs.com/package/mongoose))"
      }, 
      {
        "value": "error"
      }
    ], 
    [
      {
        "value": "(member connection (member default (root https://www.npmjs.com/package/mongoose)))"
      }, 
      {
        "value": "error"
      }
    ], 
    [
      {
        "value": "(return (member on (member connection (root https://www.npmjs.com/package/mongoose))))"
      }, 
      {
        "value": "error"
      }
    ], 
    [
      {
        "value": "(return (member on (member connection (member default (root https://www.npmjs.com/package/mongoose)))))"
      }, 
      {
        "value": "error"
      }
    ]
  ], 
  "columns": [
    "p", 
    "col1"
  ]
}