{
  "project": {
    "url": "https://lgtm.com/projects/g/StephenGrider/UpStarMusic", 
    "url-identifier": "g/StephenGrider/UpStarMusic", 
    "id": 1506743416336, 
    "name": "StephenGrider/UpStarMusic"
  }, 
  "data": [
    [
      {
        "value": "(member app (root https://www.npmjs.com/package/electron))"
      }, 
      {
        "value": "ready"
      }
    ], 
    [
      {
        "value": "(member connection (root https://www.npmjs.com/package/mongoose))"
      }, 
      {
        "value": "error"
      }
    ], 
    [
      {
        "value": "(member connection (root https://www.npmjs.com/package/mongoose))"
      }, 
      {
        "value": "open"
      }
    ], 
    [
      {
        "value": "(member connection (member default (root https://www.npmjs.com/package/mongoose)))"
      }, 
      {
        "value": "error"
      }
    ], 
    [
      {
        "value": "(member connection (member default (root https://www.npmjs.com/package/mongoose)))"
      }, 
      {
        "value": "open"
      }
    ], 
    [
      {
        "value": "(return (member on (member app (root https://www.npmjs.com/package/electron))))"
      }, 
      {
        "value": "ready"
      }
    ], 
    [
      {
        "value": "(return (member once (member connection (root https://www.npmjs.com/package/mongoose))))"
      }, 
      {
        "value": "error"
      }
    ], 
    [
      {
        "value": "(return (member once (member connection (root https://www.npmjs.com/package/mongoose))))"
      }, 
      {
        "value": "open"
      }
    ], 
    [
      {
        "value": "(return (member once (member connection (member default (root https://www.npmjs.com/package/mongoose)))))"
      }, 
      {
        "value": "error"
      }
    ], 
    [
      {
        "value": "(return (member once (member connection (member default (root https://www.npmjs.com/package/mongoose)))))"
      }, 
      {
        "value": "open"
      }
    ], 
    [
      {
        "value": "(return (member on (return (member once (member connection (root https://www.npmjs.com/package/mongoose))))))"
      }, 
      {
        "value": "error"
      }
    ], 
    [
      {
        "value": "(return (member on (return (member once (member connection (member default (root https://www.npmjs.com/package/mongoose)))))))"
      }, 
      {
        "value": "error"
      }
    ]
  ], 
  "columns": [
    "p", 
    "col1"
  ]
}