{
  "project": {
    "url": "https://lgtm.com/projects/g/surveyjs/surveyjs_vue_quickstart", 
    "url-identifier": "g/surveyjs/surveyjs_vue_quickstart", 
    "id": 1511532126734, 
    "name": "surveyjs/surveyjs_vue_quickstart"
  }, 
  "data": [
    [
      {
        "value": "(return (root https://www.npmjs.com/package/cross-spawn))"
      }, 
      {
        "value": "error"
      }
    ], 
    [
      {
        "value": "(return (root https://www.npmjs.com/package/cross-spawn))"
      }, 
      {
        "value": "exit"
      }
    ], 
    [
      {
        "value": "(return (member on (return (root https://www.npmjs.com/package/cross-spawn))))"
      }, 
      {
        "value": "error"
      }
    ], 
    [
      {
        "value": "(return (member on (return (root https://www.npmjs.com/package/cross-spawn))))"
      }, 
      {
        "value": "exit"
      }
    ]
  ], 
  "columns": [
    "p", 
    "col1"
  ]
}