{
  "project": {
    "url": "https://lgtm.com/projects/g/socketio/engine.io-client-java", 
    "url-identifier": "g/socketio/engine.io-client-java", 
    "id": 1511276437593, 
    "name": "socketio/engine.io-client-java"
  }, 
  "data": [
    [
      {
        "value": "(return (member attach (root https://www.npmjs.com/package/engine.io)))"
      }, 
      {
        "value": "error"
      }
    ], 
    [
      {
        "value": "(return (member attach (root https://www.npmjs.com/package/engine.io)))"
      }, 
      {
        "value": "connection"
      }
    ], 
    [
      {
        "value": "(return (member on (return (member attach (root https://www.npmjs.com/package/engine.io)))))"
      }, 
      {
        "value": "error"
      }
    ], 
    [
      {
        "value": "(return (member on (return (member attach (root https://www.npmjs.com/package/engine.io)))))"
      }, 
      {
        "value": "connection"
      }
    ], 
    [
      {
        "value": "(parameter 0 (parameter 1 (member on (return (member attach (root https://www.npmjs.com/package/engine.io))))))"
      }, 
      {
        "value": "error"
      }
    ], 
    [
      {
        "value": "(parameter 0 (parameter 1 (member on (return (member attach (root https://www.npmjs.com/package/engine.io))))))"
      }, 
      {
        "value": "message"
      }
    ], 
    [
      {
        "value": "(return (member on (return (member on (return (member attach (root https://www.npmjs.com/package/engine.io)))))))"
      }, 
      {
        "value": "error"
      }
    ], 
    [
      {
        "value": "(return (member on (parameter 0 (parameter 1 (member on (return (member attach (root https://www.npmjs.com/package/engine.io))))))))"
      }, 
      {
        "value": "error"
      }
    ], 
    [
      {
        "value": "(return (member on (parameter 0 (parameter 1 (member on (return (member attach (root https://www.npmjs.com/package/engine.io))))))))"
      }, 
      {
        "value": "message"
      }
    ]
  ], 
  "columns": [
    "p", 
    "col1"
  ]
}