{
  "project": {
    "url": "https://lgtm.com/projects/g/stylus/stylus", 
    "url-identifier": "g/stylus/stylus", 
    "id": 7890251, 
    "name": "stylus/stylus"
  }, 
  "data": [
    [
      {
        "value": "(member stdin (root https://www.npmjs.com/package/process))"
      }, 
      {
        "value": "data"
      }
    ], 
    [
      {
        "value": "(member stdin (root https://www.npmjs.com/package/process))"
      }, 
      {
        "value": "end"
      }
    ], 
    [
      {
        "value": "(return (member openStdin (root https://www.npmjs.com/package/process)))"
      }, 
      {
        "value": "data"
      }
    ], 
    [
      {
        "value": "(return (member openStdin (root https://www.npmjs.com/package/process)))"
      }, 
      {
        "value": "end"
      }
    ], 
    [
      {
        "value": "(return (member createInterface (root https://www.npmjs.com/package/readline)))"
      }, 
      {
        "value": "SIGINT"
      }
    ], 
    [
      {
        "value": "(return (member createInterface (root https://www.npmjs.com/package/readline)))"
      }, 
      {
        "value": "line"
      }
    ], 
    [
      {
        "value": "(return (member on (member stdin (root https://www.npmjs.com/package/process))))"
      }, 
      {
        "value": "data"
      }
    ], 
    [
      {
        "value": "(return (member on (member stdin (root https://www.npmjs.com/package/process))))"
      }, 
      {
        "value": "end"
      }
    ], 
    [
      {
        "value": "(return (member on (return (member openStdin (root https://www.npmjs.com/package/process)))))"
      }, 
      {
        "value": "data"
      }
    ], 
    [
      {
        "value": "(return (member on (return (member openStdin (root https://www.npmjs.com/package/process)))))"
      }, 
      {
        "value": "end"
      }
    ], 
    [
      {
        "value": "(return (member on (return (member createInterface (root https://www.npmjs.com/package/readline)))))"
      }, 
      {
        "value": "SIGINT"
      }
    ], 
    [
      {
        "value": "(return (member on (return (member createInterface (root https://www.npmjs.com/package/readline)))))"
      }, 
      {
        "value": "line"
      }
    ]
  ], 
  "columns": [
    "p", 
    "col1"
  ]
}