{
  "project": {
    "url": "https://lgtm.com/projects/g/satyr/coco", 
    "url-identifier": "g/satyr/coco", 
    "id": 122006150, 
    "name": "satyr/coco"
  }, 
  "data": [
    [
      {
        "value": "(root https://www.npmjs.com/package/process)"
      }, 
      {
        "value": "exit"
      }
    ], 
    [
      {
        "value": "(root https://www.npmjs.com/package/process)"
      }, 
      {
        "value": "uncaughtException"
      }
    ], 
    [
      {
        "value": "(return (member on (root https://www.npmjs.com/package/process)))"
      }, 
      {
        "value": "exit"
      }
    ], 
    [
      {
        "value": "(return (member on (root https://www.npmjs.com/package/process)))"
      }, 
      {
        "value": "uncaughtException"
      }
    ], 
    [
      {
        "value": "(return (member openStdin (root https://www.npmjs.com/package/process)))"
      }, 
      {
        "value": "data"
      }
    ], 
    [
      {
        "value": "(return (member openStdin (root https://www.npmjs.com/package/process)))"
      }, 
      {
        "value": "end"
      }
    ], 
    [
      {
        "value": "(return (member spawn (root https://www.npmjs.com/package/child_process)))"
      }, 
      {
        "value": "exit"
      }
    ], 
    [
      {
        "value": "(return (member createInterface (root https://www.npmjs.com/package/readline)))"
      }, 
      {
        "value": "SIGINT"
      }
    ], 
    [
      {
        "value": "(return (member createInterface (root https://www.npmjs.com/package/readline)))"
      }, 
      {
        "value": "SIGCONT"
      }
    ], 
    [
      {
        "value": "(return (member createInterface (root https://www.npmjs.com/package/readline)))"
      }, 
      {
        "value": "close"
      }
    ], 
    [
      {
        "value": "(return (member createInterface (root https://www.npmjs.com/package/readline)))"
      }, 
      {
        "value": "line"
      }
    ], 
    [
      {
        "value": "(return (member on (return (member openStdin (root https://www.npmjs.com/package/process)))))"
      }, 
      {
        "value": "data"
      }
    ], 
    [
      {
        "value": "(return (member on (return (member openStdin (root https://www.npmjs.com/package/process)))))"
      }, 
      {
        "value": "end"
      }
    ], 
    [
      {
        "value": "(return (member on (return (member spawn (root https://www.npmjs.com/package/child_process)))))"
      }, 
      {
        "value": "exit"
      }
    ], 
    [
      {
        "value": "(return (member on (return (member createInterface (root https://www.npmjs.com/package/readline)))))"
      }, 
      {
        "value": "SIGINT"
      }
    ], 
    [
      {
        "value": "(return (member on (return (member createInterface (root https://www.npmjs.com/package/readline)))))"
      }, 
      {
        "value": "SIGCONT"
      }
    ], 
    [
      {
        "value": "(return (member on (return (member createInterface (root https://www.npmjs.com/package/readline)))))"
      }, 
      {
        "value": "close"
      }
    ], 
    [
      {
        "value": "(return (member on (return (member createInterface (root https://www.npmjs.com/package/readline)))))"
      }, 
      {
        "value": "line"
      }
    ]
  ], 
  "columns": [
    "p", 
    "col1"
  ]
}