{
  "project": {
    "url": "https://lgtm.com/projects/g/tangguangyao/know", 
    "url-identifier": "g/tangguangyao/know", 
    "id": 1796670426, 
    "name": "tangguangyao/know"
  }, 
  "data": [
    [
      {
        "value": "(member sockets (return (member listen (root https://www.npmjs.com/package/socket.io))))"
      }, 
      {
        "value": "connection"
      }
    ], 
    [
      {
        "value": "(return (member on (member sockets (return (member listen (root https://www.npmjs.com/package/socket.io))))))"
      }, 
      {
        "value": "connection"
      }
    ], 
    [
      {
        "value": "(parameter 0 (parameter 1 (member on (member sockets (return (member listen (root https://www.npmjs.com/package/socket.io)))))))"
      }, 
      {
        "value": "disconnect"
      }
    ], 
    [
      {
        "value": "(parameter 0 (parameter 1 (member on (member sockets (return (member listen (root https://www.npmjs.com/package/socket.io)))))))"
      }, 
      {
        "value": "online"
      }
    ], 
    [
      {
        "value": "(parameter 0 (parameter 1 (member on (member sockets (return (member listen (root https://www.npmjs.com/package/socket.io)))))))"
      }, 
      {
        "value": "selfTalk"
      }
    ], 
    [
      {
        "value": "(return (member on (parameter 0 (parameter 1 (member on (member sockets (return (member listen (root https://www.npmjs.com/package/socket.io)))))))))"
      }, 
      {
        "value": "disconnect"
      }
    ], 
    [
      {
        "value": "(return (member on (parameter 0 (parameter 1 (member on (member sockets (return (member listen (root https://www.npmjs.com/package/socket.io)))))))))"
      }, 
      {
        "value": "online"
      }
    ], 
    [
      {
        "value": "(return (member on (parameter 0 (parameter 1 (member on (member sockets (return (member listen (root https://www.npmjs.com/package/socket.io)))))))))"
      }, 
      {
        "value": "selfTalk"
      }
    ]
  ], 
  "columns": [
    "p", 
    "col1"
  ]
}