{
  "project": {
    "url": "https://lgtm.com/projects/g/Talend/data-prep", 
    "url-identifier": "g/Talend/data-prep", 
    "id": 1506723876787, 
    "name": "Talend/data-prep"
  }, 
  "data": [
    [
      {
        "value": "(return (member extent (return (member x (return (member brush (member svg (root https://www.npmjs.com/package/d3))))))))"
      }, 
      {
        "value": "brush"
      }
    ], 
    [
      {
        "value": "(return (member extent (return (member x (return (member brush (member svg (root https://www.npmjs.com/package/d3))))))))"
      }, 
      {
        "value": "brushstart"
      }
    ], 
    [
      {
        "value": "(return (member extent (return (member x (return (member brush (member svg (root https://www.npmjs.com/package/d3))))))))"
      }, 
      {
        "value": "brushend"
      }
    ], 
    [
      {
        "value": "(return (member extent (return (member x (return (member brush (member svg (member default (root https://www.npmjs.com/package/d3)))))))))"
      }, 
      {
        "value": "brush"
      }
    ], 
    [
      {
        "value": "(return (member extent (return (member x (return (member brush (member svg (member default (root https://www.npmjs.com/package/d3)))))))))"
      }, 
      {
        "value": "brushstart"
      }
    ], 
    [
      {
        "value": "(return (member extent (return (member x (return (member brush (member svg (member default (root https://www.npmjs.com/package/d3)))))))))"
      }, 
      {
        "value": "brushend"
      }
    ], 
    [
      {
        "value": "(return (member on (return (member extent (return (member x (return (member brush (member svg (root https://www.npmjs.com/package/d3))))))))))"
      }, 
      {
        "value": "brush"
      }
    ], 
    [
      {
        "value": "(return (member on (return (member extent (return (member x (return (member brush (member svg (root https://www.npmjs.com/package/d3))))))))))"
      }, 
      {
        "value": "brushstart"
      }
    ], 
    [
      {
        "value": "(return (member on (return (member extent (return (member x (return (member brush (member svg (root https://www.npmjs.com/package/d3))))))))))"
      }, 
      {
        "value": "brushend"
      }
    ]
  ], 
  "columns": [
    "p", 
    "col1"
  ]
}