{
  "project": {
    "url": "https://lgtm.com/projects/g/tylerjl/presentations", 
    "url-identifier": "g/tylerjl/presentations", 
    "id": 1506715948100, 
    "name": "tylerjl/presentations"
  }, 
  "data": [
    [
      {
        "value": "(return (root https://www.npmjs.com/package/socket.io))"
      }, 
      {
        "value": "connection"
      }
    ], 
    [
      {
        "value": "(return (member createReadStream (root https://www.npmjs.com/package/fs)))"
      }, 
      {
        "value": "error"
      }
    ], 
    [
      {
        "value": "(return (member createReadStream (root https://www.npmjs.com/package/fs)))"
      }, 
      {
        "value": "readable"
      }
    ], 
    [
      {
        "value": "(return (member connect (root https://www.npmjs.com/package/socket.io-client)))"
      }, 
      {
        "value": "statechanged"
      }
    ], 
    [
      {
        "value": "(return (member connect (root https://www.npmjs.com/package/socket.io-client)))"
      }, 
      {
        "value": "new-subscriber"
      }
    ], 
    [
      {
        "value": "(return (member connect (root https://www.npmjs.com/package/socket.io-client)))"
      }, 
      {
        "value": "statechanged-speaker"
      }
    ], 
    [
      {
        "value": "(return (member on (return (root https://www.npmjs.com/package/socket.io))))"
      }, 
      {
        "value": "connection"
      }
    ], 
    [
      {
        "value": "(parameter 0 (parameter 1 (member on (return (root https://www.npmjs.com/package/socket.io)))))"
      }, 
      {
        "value": "multiplex-statechanged"
      }
    ], 
    [
      {
        "value": "(parameter 0 (parameter 1 (member on (return (root https://www.npmjs.com/package/socket.io)))))"
      }, 
      {
        "value": "statechanged"
      }
    ], 
    [
      {
        "value": "(parameter 0 (parameter 1 (member on (return (root https://www.npmjs.com/package/socket.io)))))"
      }, 
      {
        "value": "new-subscriber"
      }
    ], 
    [
      {
        "value": "(parameter 0 (parameter 1 (member on (return (root https://www.npmjs.com/package/socket.io)))))"
      }, 
      {
        "value": "statechanged-speaker"
      }
    ], 
    [
      {
        "value": "(return (member on (return (member createReadStream (root https://www.npmjs.com/package/fs)))))"
      }, 
      {
        "value": "error"
      }
    ], 
    [
      {
        "value": "(return (member on (return (member createReadStream (root https://www.npmjs.com/package/fs)))))"
      }, 
      {
        "value": "readable"
      }
    ], 
    [
      {
        "value": "(return (member on (return (member connect (root https://www.npmjs.com/package/socket.io-client)))))"
      }, 
      {
        "value": "statechanged"
      }
    ], 
    [
      {
        "value": "(return (member on (return (member connect (root https://www.npmjs.com/package/socket.io-client)))))"
      }, 
      {
        "value": "new-subscriber"
      }
    ], 
    [
      {
        "value": "(return (member on (return (member connect (root https://www.npmjs.com/package/socket.io-client)))))"
      }, 
      {
        "value": "statechanged-speaker"
      }
    ], 
    [
      {
        "value": "(return (member on (parameter 0 (parameter 1 (member on (return (root https://www.npmjs.com/package/socket.io)))))))"
      }, 
      {
        "value": "multiplex-statechanged"
      }
    ], 
    [
      {
        "value": "(return (member on (parameter 0 (parameter 1 (member on (return (root https://www.npmjs.com/package/socket.io)))))))"
      }, 
      {
        "value": "statechanged"
      }
    ], 
    [
      {
        "value": "(return (member on (parameter 0 (parameter 1 (member on (return (root https://www.npmjs.com/package/socket.io)))))))"
      }, 
      {
        "value": "new-subscriber"
      }
    ], 
    [
      {
        "value": "(return (member on (parameter 0 (parameter 1 (member on (return (root https://www.npmjs.com/package/socket.io)))))))"
      }, 
      {
        "value": "statechanged-speaker"
      }
    ]
  ], 
  "columns": [
    "p", 
    "col1"
  ]
}