{
  "project": {
    "url": "https://lgtm.com/projects/g/taskrabbit/ReactNativeSampleApp", 
    "url-identifier": "g/taskrabbit/ReactNativeSampleApp", 
    "id": 108787406, 
    "name": "taskrabbit/ReactNativeSampleApp"
  }, 
  "data": [
    [
      {
        "value": "(root https://www.npmjs.com/package/process)"
      }, 
      {
        "value": "exit"
      }
    ], 
    [
      {
        "value": "(member Keyboard (root https://www.npmjs.com/package/react-native))"
      }, 
      {
        "value": "keyboardWillShow"
      }
    ], 
    [
      {
        "value": "(member Keyboard (root https://www.npmjs.com/package/react-native))"
      }, 
      {
        "value": "keyboardDidShow"
      }
    ], 
    [
      {
        "value": "(member Keyboard (root https://www.npmjs.com/package/react-native))"
      }, 
      {
        "value": "keyboardWillHide"
      }
    ], 
    [
      {
        "value": "(member Keyboard (root https://www.npmjs.com/package/react-native))"
      }, 
      {
        "value": "keyboardDidHide"
      }
    ], 
    [
      {
        "value": "(return (member remote (root https://www.npmjs.com/package/yiewd)))"
      }, 
      {
        "value": "command"
      }
    ], 
    [
      {
        "value": "(return (member remote (root https://www.npmjs.com/package/yiewd)))"
      }, 
      {
        "value": "status"
      }
    ], 
    [
      {
        "value": "(return (member on (root https://www.npmjs.com/package/process)))"
      }, 
      {
        "value": "exit"
      }
    ], 
    [
      {
        "value": "(return (member spawn (root https://www.npmjs.com/package/child_process)))"
      }, 
      {
        "value": "close"
      }
    ], 
    [
      {
        "value": "(instance (member addChangeListener (parameter 2 (root https://www.npmjs.com/package/object-assign))))"
      }, 
      {
        "value": "change"
      }
    ], 
    [
      {
        "value": "(return (member addListener (member Keyboard (root https://www.npmjs.com/package/react-native))))"
      }, 
      {
        "value": "keyboardWillShow"
      }
    ], 
    [
      {
        "value": "(return (member addListener (member Keyboard (root https://www.npmjs.com/package/react-native))))"
      }, 
      {
        "value": "keyboardDidShow"
      }
    ], 
    [
      {
        "value": "(return (member addListener (member Keyboard (root https://www.npmjs.com/package/react-native))))"
      }, 
      {
        "value": "keyboardWillHide"
      }
    ], 
    [
      {
        "value": "(return (member addListener (member Keyboard (root https://www.npmjs.com/package/react-native))))"
      }, 
      {
        "value": "keyboardDidHide"
      }
    ], 
    [
      {
        "value": "(member stdout (return (member spawn (root https://www.npmjs.com/package/child_process))))"
      }, 
      {
        "value": "data"
      }
    ], 
    [
      {
        "value": "(member stderr (return (member spawn (root https://www.npmjs.com/package/child_process))))"
      }, 
      {
        "value": "data"
      }
    ], 
    [
      {
        "value": "(instance (member addChangeListener (parameter 2 (member default (root https://www.npmjs.com/package/object-assign)))))"
      }, 
      {
        "value": "change"
      }
    ], 
    [
      {
        "value": "(return (member on (return (member remote (root https://www.npmjs.com/package/yiewd)))))"
      }, 
      {
        "value": "command"
      }
    ], 
    [
      {
        "value": "(return (member on (return (member remote (root https://www.npmjs.com/package/yiewd)))))"
      }, 
      {
        "value": "status"
      }
    ], 
    [
      {
        "value": "(return (member on (return (member spawn (root https://www.npmjs.com/package/child_process)))))"
      }, 
      {
        "value": "close"
      }
    ], 
    [
      {
        "value": "(return (member on (instance (member addChangeListener (parameter 2 (root https://www.npmjs.com/package/object-assign))))))"
      }, 
      {
        "value": "change"
      }
    ], 
    [
      {
        "value": "(return (member on (member stdout (return (member spawn (root https://www.npmjs.com/package/child_process))))))"
      }, 
      {
        "value": "data"
      }
    ], 
    [
      {
        "value": "(return (member on (member stderr (return (member spawn (root https://www.npmjs.com/package/child_process))))))"
      }, 
      {
        "value": "data"
      }
    ], 
    [
      {
        "value": "(return (member on (instance (member addChangeListener (parameter 2 (member default (root https://www.npmjs.com/package/object-assign)))))))"
      }, 
      {
        "value": "change"
      }
    ]
  ], 
  "columns": [
    "p", 
    "col1"
  ]
}