{
  "project": {
    "url": "https://lgtm.com/projects/g/TheDeveloper/abacus", 
    "url-identifier": "g/TheDeveloper/abacus", 
    "id": 1773287184, 
    "name": "TheDeveloper/abacus"
  }, 
  "data": [
    [
      {
        "value": "(return (member createSocket (root https://www.npmjs.com/package/dgram)))"
      }, 
      {
        "value": "message"
      }
    ], 
    [
      {
        "value": "(return (member on (return (member createSocket (root https://www.npmjs.com/package/dgram)))))"
      }, 
      {
        "value": "message"
      }
    ], 
    [
      {
        "value": "(return (member once (return (member createSocket (root https://www.npmjs.com/package/dgram)))))"
      }, 
      {
        "value": "message"
      }
    ]
  ], 
  "columns": [
    "p", 
    "col1"
  ]
}