{
  "project": {
    "url": "https://lgtm.com/projects/g/TerriaJS/terriajs-server", 
    "url-identifier": "g/TerriaJS/terriajs-server", 
    "id": 1506537386479, 
    "name": "TerriaJS/terriajs-server"
  }, 
  "data": [
    [
      {
        "value": "(return (root https://www.npmjs.com/package/request))"
      }, 
      {
        "value": "error"
      }
    ], 
    [
      {
        "value": "(return (root https://www.npmjs.com/package/request))"
      }, 
      {
        "value": "socket"
      }
    ], 
    [
      {
        "value": "(return (root https://www.npmjs.com/package/request))"
      }, 
      {
        "value": "response"
      }
    ], 
    [
      {
        "value": "(instance (member IncomingForm (root https://www.npmjs.com/package/formidable)))"
      }, 
      {
        "value": "progress"
      }
    ], 
    [
      {
        "value": "(return (member get (root https://www.npmjs.com/package/request)))"
      }, 
      {
        "value": "response"
      }
    ], 
    [
      {
        "value": "(return (member IncomingForm (root https://www.npmjs.com/package/formidable)))"
      }, 
      {
        "value": "progress"
      }
    ], 
    [
      {
        "value": "(return (member on (return (root https://www.npmjs.com/package/request))))"
      }, 
      {
        "value": "error"
      }
    ], 
    [
      {
        "value": "(return (member on (return (root https://www.npmjs.com/package/request))))"
      }, 
      {
        "value": "socket"
      }
    ], 
    [
      {
        "value": "(return (member on (return (root https://www.npmjs.com/package/request))))"
      }, 
      {
        "value": "response"
      }
    ], 
    [
      {
        "value": "(return (member on (instance (member IncomingForm (root https://www.npmjs.com/package/formidable)))))"
      }, 
      {
        "value": "progress"
      }
    ], 
    [
      {
        "value": "(return (member on (return (member get (root https://www.npmjs.com/package/request)))))"
      }, 
      {
        "value": "response"
      }
    ], 
    [
      {
        "value": "(return (member on (return (member IncomingForm (root https://www.npmjs.com/package/formidable)))))"
      }, 
      {
        "value": "progress"
      }
    ], 
    [
      {
        "value": "(parameter 0 (parameter 1 (member on (return (root https://www.npmjs.com/package/request)))))"
      }, 
      {
        "value": "lookup"
      }
    ], 
    [
      {
        "value": "(parameter 0 (parameter 1 (member on (return (member get (root https://www.npmjs.com/package/request))))))"
      }, 
      {
        "value": "data"
      }
    ], 
    [
      {
        "value": "(parameter 0 (parameter 1 (member on (return (member get (root https://www.npmjs.com/package/request))))))"
      }, 
      {
        "value": "end"
      }
    ], 
    [
      {
        "value": "(return (member on (return (member on (return (root https://www.npmjs.com/package/request))))))"
      }, 
      {
        "value": "error"
      }
    ], 
    [
      {
        "value": "(return (member on (return (member on (return (root https://www.npmjs.com/package/request))))))"
      }, 
      {
        "value": "response"
      }
    ], 
    [
      {
        "value": "(return (member once (parameter 0 (parameter 1 (member on (return (root https://www.npmjs.com/package/request)))))))"
      }, 
      {
        "value": "lookup"
      }
    ], 
    [
      {
        "value": "(return (member on (parameter 0 (parameter 1 (member on (return (member get (root https://www.npmjs.com/package/request))))))))"
      }, 
      {
        "value": "data"
      }
    ], 
    [
      {
        "value": "(return (member on (parameter 0 (parameter 1 (member on (return (member get (root https://www.npmjs.com/package/request))))))))"
      }, 
      {
        "value": "end"
      }
    ], 
    [
      {
        "value": "(return (member on (return (member on (return (member on (return (root https://www.npmjs.com/package/request))))))))"
      }, 
      {
        "value": "response"
      }
    ], 
    [
      {
        "value": "(parameter 0 (parameter 1 (member on (return (member on (return (member on (return (root https://www.npmjs.com/package/request)))))))))"
      }, 
      {
        "value": "data"
      }
    ], 
    [
      {
        "value": "(parameter 0 (parameter 1 (member on (return (member on (return (member on (return (root https://www.npmjs.com/package/request)))))))))"
      }, 
      {
        "value": "end"
      }
    ]
  ], 
  "columns": [
    "p", 
    "col1"
  ]
}