{
  "project": {
    "url": "https://lgtm.com/projects/g/tjrexer/react-notifications", 
    "url-identifier": "g/tjrexer/react-notifications", 
    "id": 1511511847530, 
    "name": "tjrexer/react-notifications"
  }, 
  "data": [
    [
      {
        "value": "(return (root https://www.npmjs.com/package/gulp-sass))"
      }, 
      {
        "value": "error"
      }
    ], 
    [
      {
        "value": "(return (member default (root https://www.npmjs.com/package/gulp-sass)))"
      }, 
      {
        "value": "error"
      }
    ], 
    [
      {
        "value": "(return (member on (return (root https://www.npmjs.com/package/gulp-sass))))"
      }, 
      {
        "value": "error"
      }
    ], 
    [
      {
        "value": "(return (member on (return (member default (root https://www.npmjs.com/package/gulp-sass)))))"
      }, 
      {
        "value": "error"
      }
    ]
  ], 
  "columns": [
    "p", 
    "col1"
  ]
}