{
  "project": {
    "url": "https://lgtm.com/projects/g/tiagoaragao/ue4-14", 
    "url-identifier": "g/tiagoaragao/ue4-14", 
    "id": 1507313586131, 
    "name": "tiagoaragao/ue4-14"
  }, 
  "data": [
    [
      {
        "value": "(member stdout (root https://www.npmjs.com/package/process))"
      }, 
      {
        "value": "drain"
      }
    ], 
    [
      {
        "value": "(return (member once (member stdout (root https://www.npmjs.com/package/process))))"
      }, 
      {
        "value": "drain"
      }
    ]
  ], 
  "columns": [
    "p", 
    "col1"
  ]
}