{
  "project": {
    "url": "https://lgtm.com/projects/g/UKHomeOffice/egar-notification-service", 
    "url-identifier": "g/UKHomeOffice/egar-notification-service", 
    "id": 1506068848432, 
    "name": "UKHomeOffice/egar-notification-service"
  }, 
  "data": [
    [
      {
        "value": "(instance (root https://www.npmjs.com/package/redlock))"
      }, 
      {
        "value": "clientError"
      }
    ], 
    [
      {
        "value": "(return (root https://www.npmjs.com/package/redlock))"
      }, 
      {
        "value": "clientError"
      }
    ], 
    [
      {
        "value": "(instance (member SMTPServer (root https://www.npmjs.com/package/smtp-server)))"
      }, 
      {
        "value": "error"
      }
    ], 
    [
      {
        "value": "(return (member SMTPServer (root https://www.npmjs.com/package/smtp-server)))"
      }, 
      {
        "value": "error"
      }
    ], 
    [
      {
        "value": "(return (member create (root https://www.npmjs.com/package/sqs-consumer)))"
      }, 
      {
        "value": "error"
      }
    ], 
    [
      {
        "value": "(return (member create (root https://www.npmjs.com/package/sqs-consumer)))"
      }, 
      {
        "value": "empty"
      }
    ], 
    [
      {
        "value": "(return (member create (root https://www.npmjs.com/package/sqs-consumer)))"
      }, 
      {
        "value": "processing_error"
      }
    ], 
    [
      {
        "value": "(return (member create (root https://www.npmjs.com/package/sqs-consumer)))"
      }, 
      {
        "value": "message_received"
      }
    ], 
    [
      {
        "value": "(return (member create (root https://www.npmjs.com/package/sqs-consumer)))"
      }, 
      {
        "value": "message_processed"
      }
    ], 
    [
      {
        "value": "(return (member on (instance (root https://www.npmjs.com/package/redlock))))"
      }, 
      {
        "value": "clientError"
      }
    ], 
    [
      {
        "value": "(return (member on (return (root https://www.npmjs.com/package/redlock))))"
      }, 
      {
        "value": "clientError"
      }
    ], 
    [
      {
        "value": "(return (member on (instance (member SMTPServer (root https://www.npmjs.com/package/smtp-server)))))"
      }, 
      {
        "value": "error"
      }
    ], 
    [
      {
        "value": "(return (member on (return (member SMTPServer (root https://www.npmjs.com/package/smtp-server)))))"
      }, 
      {
        "value": "error"
      }
    ], 
    [
      {
        "value": "(return (member on (return (member create (root https://www.npmjs.com/package/sqs-consumer)))))"
      }, 
      {
        "value": "error"
      }
    ], 
    [
      {
        "value": "(return (member on (return (member create (root https://www.npmjs.com/package/sqs-consumer)))))"
      }, 
      {
        "value": "empty"
      }
    ], 
    [
      {
        "value": "(return (member on (return (member create (root https://www.npmjs.com/package/sqs-consumer)))))"
      }, 
      {
        "value": "processing_error"
      }
    ], 
    [
      {
        "value": "(return (member on (return (member create (root https://www.npmjs.com/package/sqs-consumer)))))"
      }, 
      {
        "value": "message_received"
      }
    ], 
    [
      {
        "value": "(return (member on (return (member create (root https://www.npmjs.com/package/sqs-consumer)))))"
      }, 
      {
        "value": "message_processed"
      }
    ], 
    [
      {
        "value": "(return (member on (member messageEvent (return (member defaultsDeep (root https://www.npmjs.com/package/lodash))))))"
      }, 
      {
        "value": "incoming-message-received"
      }
    ], 
    [
      {
        "value": "(return (member on (member messageEvent (return (member defaultsDeep (root https://www.npmjs.com/package/lodash))))))"
      }, 
      {
        "value": "queue-message-received"
      }
    ]
  ], 
  "columns": [
    "p", 
    "col1"
  ]
}