{
  "project": {
    "url": "https://lgtm.com/projects/g/unit9/justareflektor", 
    "url-identifier": "g/unit9/justareflektor", 
    "id": 102320591, 
    "name": "unit9/justareflektor"
  }, 
  "data": [
    [
      {
        "value": "(instance (member server (root https://www.npmjs.com/package/websocket)))"
      }, 
      {
        "value": "error"
      }
    ], 
    [
      {
        "value": "(instance (member server (root https://www.npmjs.com/package/websocket)))"
      }, 
      {
        "value": "request"
      }
    ], 
    [
      {
        "value": "(return (member server (root https://www.npmjs.com/package/websocket)))"
      }, 
      {
        "value": "error"
      }
    ], 
    [
      {
        "value": "(return (member server (root https://www.npmjs.com/package/websocket)))"
      }, 
      {
        "value": "request"
      }
    ], 
    [
      {
        "value": "(return (member on (instance (member server (root https://www.npmjs.com/package/websocket)))))"
      }, 
      {
        "value": "error"
      }
    ], 
    [
      {
        "value": "(return (member on (instance (member server (root https://www.npmjs.com/package/websocket)))))"
      }, 
      {
        "value": "request"
      }
    ], 
    [
      {
        "value": "(return (member on (return (member server (root https://www.npmjs.com/package/websocket)))))"
      }, 
      {
        "value": "error"
      }
    ], 
    [
      {
        "value": "(return (member on (return (member server (root https://www.npmjs.com/package/websocket)))))"
      }, 
      {
        "value": "request"
      }
    ], 
    [
      {
        "value": "(return (member accept (parameter 0 (parameter 1 (member on (instance (member server (root https://www.npmjs.com/package/websocket))))))))"
      }, 
      {
        "value": "message"
      }
    ], 
    [
      {
        "value": "(return (member accept (parameter 0 (parameter 1 (member on (instance (member server (root https://www.npmjs.com/package/websocket))))))))"
      }, 
      {
        "value": "close"
      }
    ], 
    [
      {
        "value": "(return (member accept (parameter 0 (parameter 1 (member on (return (member server (root https://www.npmjs.com/package/websocket))))))))"
      }, 
      {
        "value": "message"
      }
    ], 
    [
      {
        "value": "(return (member accept (parameter 0 (parameter 1 (member on (return (member server (root https://www.npmjs.com/package/websocket))))))))"
      }, 
      {
        "value": "close"
      }
    ], 
    [
      {
        "value": "(return (member on (return (member accept (parameter 0 (parameter 1 (member on (instance (member server (root https://www.npmjs.com/package/websocket))))))))))"
      }, 
      {
        "value": "message"
      }
    ], 
    [
      {
        "value": "(return (member on (return (member accept (parameter 0 (parameter 1 (member on (instance (member server (root https://www.npmjs.com/package/websocket))))))))))"
      }, 
      {
        "value": "close"
      }
    ], 
    [
      {
        "value": "(return (member on (return (member accept (parameter 0 (parameter 1 (member on (return (member server (root https://www.npmjs.com/package/websocket))))))))))"
      }, 
      {
        "value": "message"
      }
    ], 
    [
      {
        "value": "(return (member on (return (member accept (parameter 0 (parameter 1 (member on (return (member server (root https://www.npmjs.com/package/websocket))))))))))"
      }, 
      {
        "value": "close"
      }
    ]
  ], 
  "columns": [
    "p", 
    "col1"
  ]
}