{
  "project": {
    "url": "https://lgtm.com/projects/g/Visyond/website-hugo", 
    "url-identifier": "g/Visyond/website-hugo", 
    "id": 1506721127938, 
    "name": "Visyond/website-hugo"
  }, 
  "data": [
    [
      {
        "value": "(return (member spawn (root https://www.npmjs.com/package/child_process)))"
      }, 
      {
        "value": "close"
      }
    ], 
    [
      {
        "value": "(return (member spawn (member default (root https://www.npmjs.com/package/child_process))))"
      }, 
      {
        "value": "close"
      }
    ], 
    [
      {
        "value": "(return (member on (return (member spawn (root https://www.npmjs.com/package/child_process)))))"
      }, 
      {
        "value": "close"
      }
    ], 
    [
      {
        "value": "(return (member on (return (member spawn (member default (root https://www.npmjs.com/package/child_process))))))"
      }, 
      {
        "value": "close"
      }
    ]
  ], 
  "columns": [
    "p", 
    "col1"
  ]
}