{
  "project": {
    "url": "https://lgtm.com/projects/g/VanCoding/NodeSSH", 
    "url-identifier": "g/VanCoding/NodeSSH", 
    "id": 1803041285, 
    "name": "VanCoding/NodeSSH"
  }, 
  "data": [
    [
      {
        "value": "(return (member spawn (root https://www.npmjs.com/package/child_process)))"
      }, 
      {
        "value": "exit"
      }
    ], 
    [
      {
        "value": "(member stdout (return (member spawn (root https://www.npmjs.com/package/child_process))))"
      }, 
      {
        "value": "data"
      }
    ], 
    [
      {
        "value": "(member ssh (instance (parameter 0 (member inherits (root https://www.npmjs.com/package/util)))))"
      }, 
      {
        "value": "exit"
      }
    ], 
    [
      {
        "value": "(return (member on (return (member spawn (root https://www.npmjs.com/package/child_process)))))"
      }, 
      {
        "value": "exit"
      }
    ], 
    [
      {
        "value": "(member stdout (member ssh (instance (parameter 0 (member inherits (root https://www.npmjs.com/package/util))))))"
      }, 
      {
        "value": "data"
      }
    ], 
    [
      {
        "value": "(return (member on (member stdout (return (member spawn (root https://www.npmjs.com/package/child_process))))))"
      }, 
      {
        "value": "data"
      }
    ], 
    [
      {
        "value": "(member ssh (instance (member exec (instance (parameter 0 (member inherits (root https://www.npmjs.com/package/util)))))))"
      }, 
      {
        "value": "exit"
      }
    ], 
    [
      {
        "value": "(member ssh (instance (member connect (instance (parameter 0 (member inherits (root https://www.npmjs.com/package/util)))))))"
      }, 
      {
        "value": "exit"
      }
    ], 
    [
      {
        "value": "(return (member on (member ssh (instance (parameter 0 (member inherits (root https://www.npmjs.com/package/util)))))))"
      }, 
      {
        "value": "exit"
      }
    ], 
    [
      {
        "value": "(member stdout (member ssh (instance (member exec (instance (parameter 0 (member inherits (root https://www.npmjs.com/package/util))))))))"
      }, 
      {
        "value": "data"
      }
    ], 
    [
      {
        "value": "(member stdout (member ssh (instance (member connect (instance (parameter 0 (member inherits (root https://www.npmjs.com/package/util))))))))"
      }, 
      {
        "value": "data"
      }
    ], 
    [
      {
        "value": "(return (member on (member stdout (member ssh (instance (parameter 0 (member inherits (root https://www.npmjs.com/package/util))))))))"
      }, 
      {
        "value": "data"
      }
    ], 
    [
      {
        "value": "(return (member on (member ssh (instance (member exec (instance (parameter 0 (member inherits (root https://www.npmjs.com/package/util)))))))))"
      }, 
      {
        "value": "exit"
      }
    ], 
    [
      {
        "value": "(return (member on (member ssh (instance (member connect (instance (parameter 0 (member inherits (root https://www.npmjs.com/package/util)))))))))"
      }, 
      {
        "value": "exit"
      }
    ], 
    [
      {
        "value": "(return (member on (member stdout (member ssh (instance (member exec (instance (parameter 0 (member inherits (root https://www.npmjs.com/package/util))))))))))"
      }, 
      {
        "value": "data"
      }
    ], 
    [
      {
        "value": "(return (member on (member stdout (member ssh (instance (member connect (instance (parameter 0 (member inherits (root https://www.npmjs.com/package/util))))))))))"
      }, 
      {
        "value": "data"
      }
    ]
  ], 
  "columns": [
    "p", 
    "col1"
  ]
}