{
  "project": {
    "url": "https://lgtm.com/projects/g/vohof/gulp-livereload", 
    "url-identifier": "g/vohof/gulp-livereload", 
    "id": 22890007, 
    "name": "vohof/gulp-livereload"
  }, 
  "data": [
    [
      {
        "value": "(instance (member PassThrough (root https://www.npmjs.com/package/readable-stream)))"
      }, 
      {
        "value": "data"
      }
    ], 
    [
      {
        "value": "(return (member PassThrough (root https://www.npmjs.com/package/readable-stream)))"
      }, 
      {
        "value": "data"
      }
    ], 
    [
      {
        "value": "(return (member on (instance (member PassThrough (root https://www.npmjs.com/package/readable-stream)))))"
      }, 
      {
        "value": "data"
      }
    ], 
    [
      {
        "value": "(return (member on (return (member PassThrough (root https://www.npmjs.com/package/readable-stream)))))"
      }, 
      {
        "value": "data"
      }
    ], 
    [
      {
        "value": "(return (member pipe (instance (member Readable (root https://www.npmjs.com/package/readable-stream)))))"
      }, 
      {
        "value": "end"
      }
    ], 
    [
      {
        "value": "(return (member pipe (return (member Readable (root https://www.npmjs.com/package/readable-stream)))))"
      }, 
      {
        "value": "end"
      }
    ], 
    [
      {
        "value": "(return (member on (return (member pipe (instance (member Readable (root https://www.npmjs.com/package/readable-stream)))))))"
      }, 
      {
        "value": "end"
      }
    ], 
    [
      {
        "value": "(return (member on (return (member pipe (return (member Readable (root https://www.npmjs.com/package/readable-stream)))))))"
      }, 
      {
        "value": "end"
      }
    ]
  ], 
  "columns": [
    "p", 
    "col1"
  ]
}