{
  "project": {
    "url": "https://lgtm.com/projects/g/wilsonjackson/add-stream", 
    "url-identifier": "g/wilsonjackson/add-stream", 
    "id": 1770641216, 
    "name": "wilsonjackson/add-stream"
  }, 
  "data": [
    [
      {
        "value": "(return (member pipe (return (parameter 0 (member obj (root https://www.npmjs.com/package/add-stream))))))"
      }, 
      {
        "value": "finish"
      }
    ], 
    [
      {
        "value": "(return (member pipe (return (return (member readable (root https://www.npmjs.com/package/event-stream))))))"
      }, 
      {
        "value": "finish"
      }
    ], 
    [
      {
        "value": "(return (member pipe (return (return (member readArray (root https://www.npmjs.com/package/event-stream))))))"
      }, 
      {
        "value": "finish"
      }
    ], 
    [
      {
        "value": "(return (member pipe (return (parameter 0 (parameter 0 (member inherits (root https://www.npmjs.com/package/util)))))))"
      }, 
      {
        "value": "finish"
      }
    ], 
    [
      {
        "value": "(return (member pipe (return (member factory (instance (parameter 0 (member inherits (root https://www.npmjs.com/package/util))))))))"
      }, 
      {
        "value": "finish"
      }
    ], 
    [
      {
        "value": "(return (member on (return (member pipe (return (parameter 0 (member obj (root https://www.npmjs.com/package/add-stream))))))))"
      }, 
      {
        "value": "finish"
      }
    ], 
    [
      {
        "value": "(return (member on (return (member pipe (return (return (member readable (root https://www.npmjs.com/package/event-stream))))))))"
      }, 
      {
        "value": "finish"
      }
    ], 
    [
      {
        "value": "(return (member on (return (member pipe (return (return (member readArray (root https://www.npmjs.com/package/event-stream))))))))"
      }, 
      {
        "value": "finish"
      }
    ], 
    [
      {
        "value": "(return (member on (return (member pipe (return (parameter 0 (parameter 0 (member inherits (root https://www.npmjs.com/package/util)))))))))"
      }, 
      {
        "value": "finish"
      }
    ], 
    [
      {
        "value": "(return (member pipe (return (member factory (instance (member _flush (instance (parameter 0 (member inherits (root https://www.npmjs.com/package/util))))))))))"
      }, 
      {
        "value": "finish"
      }
    ], 
    [
      {
        "value": "(return (member on (return (member pipe (return (member factory (instance (parameter 0 (member inherits (root https://www.npmjs.com/package/util))))))))))"
      }, 
      {
        "value": "finish"
      }
    ]
  ], 
  "columns": [
    "p", 
    "col1"
  ]
}