{
  "project": {
    "url": "https://lgtm.com/projects/g/WeiChiaChang/js-pop-quiz", 
    "url-identifier": "g/WeiChiaChang/js-pop-quiz", 
    "id": 1511931817618, 
    "name": "WeiChiaChang/js-pop-quiz"
  }, 
  "data": [
    [
      {
        "value": "(return (member ref (return (member database (root https://www.npmjs.com/package/firebase)))))"
      }, 
      {
        "value": "value"
      }
    ], 
    [
      {
        "value": "(return (member once (return (member ref (return (member database (root https://www.npmjs.com/package/firebase)))))))"
      }, 
      {
        "value": "value"
      }
    ], 
    [
      {
        "value": "(return (member limitToLast (return (member orderByChild (return (member ref (return (member database (root https://www.npmjs.com/package/firebase)))))))))"
      }, 
      {
        "value": "value"
      }
    ]
  ], 
  "columns": [
    "p", 
    "col1"
  ]
}