{
  "project": {
    "url": "https://lgtm.com/projects/g/wooorm/character-entities-legacy", 
    "url-identifier": "g/wooorm/character-entities-legacy", 
    "id": 1511537327545, 
    "name": "wooorm/character-entities-legacy"
  }, 
  "data": [
    [
      {
        "value": "(return (member pipe (parameter 0 (parameter 1 (member get (root https://www.npmjs.com/package/https))))))"
      }, 
      {
        "value": "error"
      }
    ], 
    [
      {
        "value": "(return (member on (return (member pipe (parameter 0 (parameter 1 (member get (root https://www.npmjs.com/package/https))))))))"
      }, 
      {
        "value": "error"
      }
    ]
  ], 
  "columns": [
    "p", 
    "col1"
  ]
}