{
  "project": {
    "url": "https://lgtm.com/projects/g/webpack/webpack.js.org", 
    "url-identifier": "g/webpack/webpack.js.org", 
    "id": 1800220428, 
    "name": "webpack/webpack.js.org"
  }, 
  "data": [
    [
      {
        "value": "(root https://www.npmjs.com/package/process)"
      }, 
      {
        "value": "exit"
      }
    ], 
    [
      {
        "value": "(return (member on (root https://www.npmjs.com/package/process)))"
      }, 
      {
        "value": "exit"
      }
    ], 
    [
      {
        "value": "(return (member createWriteStream (root https://www.npmjs.com/package/fs)))"
      }, 
      {
        "value": "error"
      }
    ], 
    [
      {
        "value": "(return (member on (return (member createWriteStream (root https://www.npmjs.com/package/fs)))))"
      }, 
      {
        "value": "error"
      }
    ]
  ], 
  "columns": [
    "p", 
    "col1"
  ]
}