{
  "project": {
    "url": "https://lgtm.com/projects/g/xk/node-threads-a-gogo", 
    "url-identifier": "g/xk/node-threads-a-gogo", 
    "id": 1506181316199, 
    "name": "xk/node-threads-a-gogo"
  }, 
  "data": [
    [
      {
        "value": "(root https://www.npmjs.com/package/process)"
      }, 
      {
        "value": "SIGINT"
      }
    ], 
    [
      {
        "value": "(root https://www.npmjs.com/package/process)"
      }, 
      {
        "value": "exit"
      }
    ], 
    [
      {
        "value": "(root https://www.npmjs.com/package/process)"
      }, 
      {
        "value": "uncaughtException"
      }
    ], 
    [
      {
        "value": "(root https://www.npmjs.com/package/cluster)"
      }, 
      {
        "value": "death"
      }
    ], 
    [
      {
        "value": "(return (member on (root https://www.npmjs.com/package/process)))"
      }, 
      {
        "value": "SIGINT"
      }
    ], 
    [
      {
        "value": "(return (member on (root https://www.npmjs.com/package/process)))"
      }, 
      {
        "value": "exit"
      }
    ], 
    [
      {
        "value": "(return (member on (root https://www.npmjs.com/package/process)))"
      }, 
      {
        "value": "uncaughtException"
      }
    ], 
    [
      {
        "value": "(return (member on (root https://www.npmjs.com/package/cluster)))"
      }, 
      {
        "value": "death"
      }
    ], 
    [
      {
        "value": "(return (member get (root https://www.npmjs.com/package/http)))"
      }, 
      {
        "value": "error"
      }
    ], 
    [
      {
        "value": "(parameter 0 (parameter 1 (member get (root https://www.npmjs.com/package/http))))"
      }, 
      {
        "value": "data"
      }
    ], 
    [
      {
        "value": "(return (member on (return (member get (root https://www.npmjs.com/package/http)))))"
      }, 
      {
        "value": "error"
      }
    ], 
    [
      {
        "value": "(return (member on (parameter 0 (parameter 1 (member get (root https://www.npmjs.com/package/http))))))"
      }, 
      {
        "value": "data"
      }
    ]
  ], 
  "columns": [
    "p", 
    "col1"
  ]
}