{
  "project": {
    "url": "https://lgtm.com/projects/g/YOU54F/serverless-pact", 
    "url-identifier": "g/YOU54F/serverless-pact", 
    "id": 1511866876018, 
    "name": "YOU54F/serverless-pact"
  }, 
  "data": [
    [
      {
        "value": "(member stdout (return (member spawn (root https://www.npmjs.com/package/child_process))))"
      }, 
      {
        "value": "data"
      }
    ], 
    [
      {
        "value": "(member stderr (return (member spawn (root https://www.npmjs.com/package/child_process))))"
      }, 
      {
        "value": "data"
      }
    ], 
    [
      {
        "value": "(return (member on (member stdout (return (member spawn (root https://www.npmjs.com/package/child_process))))))"
      }, 
      {
        "value": "data"
      }
    ], 
    [
      {
        "value": "(return (member on (member stderr (return (member spawn (root https://www.npmjs.com/package/child_process))))))"
      }, 
      {
        "value": "data"
      }
    ]
  ], 
  "columns": [
    "p", 
    "col1"
  ]
}