{
  "project": {
    "url": "https://lgtm.com/projects/g/yiwenl/Codevember", 
    "url-identifier": "g/yiwenl/Codevember", 
    "id": 1506759496090, 
    "name": "yiwenl/Codevember"
  }, 
  "data": [
    [
      {
        "value": "(return (root https://www.npmjs.com/package/watchify))"
      }, 
      {
        "value": "update"
      }
    ], 
    [
      {
        "value": "(return (root https://www.npmjs.com/package/gulp-ruby-sass))"
      }, 
      {
        "value": "error"
      }
    ], 
    [
      {
        "value": "(return (member watch (root https://www.npmjs.com/package/gulp)))"
      }, 
      {
        "value": "change"
      }
    ], 
    [
      {
        "value": "(return (member on (return (root https://www.npmjs.com/package/watchify))))"
      }, 
      {
        "value": "update"
      }
    ], 
    [
      {
        "value": "(return (member bundle (return (root https://www.npmjs.com/package/watchify))))"
      }, 
      {
        "value": "error"
      }
    ], 
    [
      {
        "value": "(return (member on (return (root https://www.npmjs.com/package/gulp-ruby-sass))))"
      }, 
      {
        "value": "error"
      }
    ], 
    [
      {
        "value": "(return (member on (return (member watch (root https://www.npmjs.com/package/gulp)))))"
      }, 
      {
        "value": "change"
      }
    ], 
    [
      {
        "value": "(return (member bundle (return (member transform (return (root https://www.npmjs.com/package/browserify))))))"
      }, 
      {
        "value": "error"
      }
    ], 
    [
      {
        "value": "(return (member on (return (member bundle (return (root https://www.npmjs.com/package/watchify))))))"
      }, 
      {
        "value": "error"
      }
    ], 
    [
      {
        "value": "(return (member on (return (member bundle (return (member transform (return (root https://www.npmjs.com/package/browserify))))))))"
      }, 
      {
        "value": "error"
      }
    ]
  ], 
  "columns": [
    "p", 
    "col1"
  ]
}