{
  "project": {
    "url": "https://lgtm.com/projects/g/ztolley/bed_time_fairy_alexa", 
    "url-identifier": "g/ztolley/bed_time_fairy_alexa", 
    "id": 1510344846372, 
    "name": "ztolley/bed_time_fairy_alexa"
  }, 
  "data": [
    [
      {
        "value": "(return (root https://www.npmjs.com/package/archiver))"
      }, 
      {
        "value": "error"
      }
    ], 
    [
      {
        "value": "(return (member createWriteStream (root https://www.npmjs.com/package/fs)))"
      }, 
      {
        "value": "close"
      }
    ], 
    [
      {
        "value": "(return (member on (return (root https://www.npmjs.com/package/archiver))))"
      }, 
      {
        "value": "error"
      }
    ], 
    [
      {
        "value": "(return (member on (return (member createWriteStream (root https://www.npmjs.com/package/fs)))))"
      }, 
      {
        "value": "close"
      }
    ], 
    [
      {
        "value": "(return (member on (parameter 0 (member pipe (return (root https://www.npmjs.com/package/archiver))))))"
      }, 
      {
        "value": "close"
      }
    ]
  ], 
  "columns": [
    "p", 
    "col1"
  ]
}