{
  "project": {
    "url": "https://lgtm.com/projects/g/Alorel/personal-build-tools", 
    "url-identifier": "g/Alorel/personal-build-tools", 
    "id": 1509489215985, 
    "name": "Alorel/personal-build-tools"
  }, 
  "data": [
    [
      {
        "value": "(return (root https://www.npmjs.com/package/cross-spawn))"
      }, 
      {
        "value": "error"
      }
    ], 
    [
      {
        "value": "(return (root https://www.npmjs.com/package/cross-spawn))"
      }, 
      {
        "value": "exit"
      }
    ], 
    [
      {
        "value": "(member stderr (return (root https://www.npmjs.com/package/cross-spawn)))"
      }, 
      {
        "value": "data"
      }
    ], 
    [
      {
        "value": "(return (root https://www.npmjs.com/package/cross-spawn))"
      }, 
      {
        "value": "error"
      }
    ], 
    [
      {
        "value": "(return (root https://www.npmjs.com/package/cross-spawn))"
      }, 
      {
        "value": "exit"
      }
    ], 
    [
      {
        "value": "(member stderr (return (root https://www.npmjs.com/package/cross-spawn)))"
      }, 
      {
        "value": "data"
      }
    ], 
    [
      {
        "value": "(return (root https://www.npmjs.com/package/cross-spawn))"
      }, 
      {
        "value": "exit"
      }
    ]
  ], 
  "columns": [
    "p", 
    "col1"
  ]
}