{
  "project": {
    "url": "https://lgtm.com/projects/g/apache/incubator-pinot", 
    "url-identifier": "g/apache/incubator-pinot", 
    "id": 26670028, 
    "name": "apache/incubator-pinot"
  }, 
  "data": [
    [
      {
        "value": "(return (root https://www.npmjs.com/package/cash-dom))"
      }, 
      {
        "value": "mousemove"
      }
    ], 
    [
      {
        "value": "(return (root https://www.npmjs.com/package/cash-dom))"
      }, 
      {
        "value": "resize"
      }
    ], 
    [
      {
        "value": "(return (root https://www.npmjs.com/package/cash-dom))"
      }, 
      {
        "value": "mousemove"
      }
    ], 
    [
      {
        "value": "(return (root https://www.npmjs.com/package/cash-dom))"
      }, 
      {
        "value": "resize"
      }
    ]
  ], 
  "columns": [
    "p", 
    "col1"
  ]
}