{
  "project": {
    "url": "https://lgtm.com/projects/g/Aleyasen/DarshanVis-UI", 
    "url-identifier": "g/Aleyasen/DarshanVis-UI", 
    "id": 1510173636080, 
    "name": "Aleyasen/DarshanVis-UI"
  }, 
  "data": [
    [
      {
        "value": "(return (root https://www.npmjs.com/package/jquery))"
      }, 
      {
        "value": "order.dt"
      }
    ], 
    [
      {
        "value": "(return (root https://www.npmjs.com/package/jquery))"
      }, 
      {
        "value": "search.dt.DT"
      }
    ], 
    [
      {
        "value": "(return (root https://www.npmjs.com/package/jquery))"
      }, 
      {
        "value": "scroll.DT"
      }
    ], 
    [
      {
        "value": "(return (root https://www.npmjs.com/package/jquery))"
      }, 
      {
        "value": "order.dt.DT"
      }
    ], 
    [
      {
        "value": "(return (root https://www.npmjs.com/package/jquery))"
      }, 
      {
        "value": "order.dt"
      }
    ], 
    [
      {
        "value": "(return (root https://www.npmjs.com/package/jquery))"
      }, 
      {
        "value": "search.dt.DT"
      }
    ], 
    [
      {
        "value": "(return (root https://www.npmjs.com/package/jquery))"
      }, 
      {
        "value": "scroll.DT"
      }
    ], 
    [
      {
        "value": "(return (root https://www.npmjs.com/package/jquery))"
      }, 
      {
        "value": "order.dt.DT"
      }
    ]
  ], 
  "columns": [
    "p", 
    "col1"
  ]
}