{
  "project": {
    "url": "https://lgtm.com/projects/g/acos-server/acos-jsvee-python-json", 
    "url-identifier": "g/acos-server/acos-jsvee-python-json", 
    "id": 1780000990, 
    "name": "acos-server/acos-jsvee-python-json"
  }, 
  "data": [
    [
      {
        "value": "(return (member get (root https://www.npmjs.com/package/http)))"
      }, 
      {
        "value": "error"
      }
    ], 
    [
      {
        "value": "(return (member get (root https://www.npmjs.com/package/https)))"
      }, 
      {
        "value": "error"
      }
    ], 
    [
      {
        "value": "(parameter 0 (parameter 1 (member get (root https://www.npmjs.com/package/http))))"
      }, 
      {
        "value": "data"
      }
    ], 
    [
      {
        "value": "(parameter 0 (parameter 1 (member get (root https://www.npmjs.com/package/http))))"
      }, 
      {
        "value": "end"
      }
    ], 
    [
      {
        "value": "(parameter 0 (parameter 1 (member get (root https://www.npmjs.com/package/https))))"
      }, 
      {
        "value": "data"
      }
    ], 
    [
      {
        "value": "(parameter 0 (parameter 1 (member get (root https://www.npmjs.com/package/https))))"
      }, 
      {
        "value": "end"
      }
    ], 
    [
      {
        "value": "(return (member get (root https://www.npmjs.com/package/http)))"
      }, 
      {
        "value": "error"
      }
    ], 
    [
      {
        "value": "(return (member get (root https://www.npmjs.com/package/https)))"
      }, 
      {
        "value": "error"
      }
    ], 
    [
      {
        "value": "(parameter 0 (parameter 1 (member get (root https://www.npmjs.com/package/http))))"
      }, 
      {
        "value": "data"
      }
    ], 
    [
      {
        "value": "(parameter 0 (parameter 1 (member get (root https://www.npmjs.com/package/http))))"
      }, 
      {
        "value": "end"
      }
    ], 
    [
      {
        "value": "(parameter 0 (parameter 1 (member get (root https://www.npmjs.com/package/https))))"
      }, 
      {
        "value": "data"
      }
    ], 
    [
      {
        "value": "(parameter 0 (parameter 1 (member get (root https://www.npmjs.com/package/https))))"
      }, 
      {
        "value": "end"
      }
    ]
  ], 
  "columns": [
    "p", 
    "col1"
  ]
}