{
  "project": {
    "url": "https://lgtm.com/projects/g/alibaba/dawn", 
    "url-identifier": "g/alibaba/dawn", 
    "id": 1506312507609, 
    "name": "alibaba/dawn"
  }, 
  "data": [
    [
      {
        "value": "(root https://www.npmjs.com/package/cmdline)"
      }, 
      {
        "value": "done"
      }
    ], 
    [
      {
        "value": "(root https://www.npmjs.com/package/cmdline)"
      }, 
      {
        "value": "fail"
      }
    ], 
    [
      {
        "value": "(return (root https://www.npmjs.com/package/shify))"
      }, 
      {
        "value": "exit"
      }
    ], 
    [
      {
        "value": "(return (member createWriteStream (root https://www.npmjs.com/package/fs)))"
      }, 
      {
        "value": "finish"
      }
    ], 
    [
      {
        "value": "(return (member request (root https://www.npmjs.com/package/http)))"
      }, 
      {
        "value": "error"
      }
    ], 
    [
      {
        "value": "(root https://www.npmjs.com/package/cmdline)"
      }, 
      {
        "value": "done"
      }
    ], 
    [
      {
        "value": "(root https://www.npmjs.com/package/cmdline)"
      }, 
      {
        "value": "fail"
      }
    ], 
    [
      {
        "value": "(parameter 0 (parameter 1 (member request (root https://www.npmjs.com/package/http))))"
      }, 
      {
        "value": "data"
      }
    ], 
    [
      {
        "value": "(parameter 0 (parameter 1 (member request (root https://www.npmjs.com/package/http))))"
      }, 
      {
        "value": "end"
      }
    ], 
    [
      {
        "value": "(return (root https://www.npmjs.com/package/shify))"
      }, 
      {
        "value": "exit"
      }
    ], 
    [
      {
        "value": "(return (member createWriteStream (root https://www.npmjs.com/package/fs)))"
      }, 
      {
        "value": "finish"
      }
    ], 
    [
      {
        "value": "(return (member request (root https://www.npmjs.com/package/http)))"
      }, 
      {
        "value": "error"
      }
    ], 
    [
      {
        "value": "(parameter 0 (member onStart (parameter 1 (root https://www.npmjs.com/package/shify))))"
      }, 
      {
        "value": "exit"
      }
    ], 
    [
      {
        "value": "(parameter 1 (member onExit (parameter 1 (root https://www.npmjs.com/package/shify))))"
      }, 
      {
        "value": "exit"
      }
    ], 
    [
      {
        "value": "(parameter 0 (parameter 1 (member request (root https://www.npmjs.com/package/http))))"
      }, 
      {
        "value": "data"
      }
    ], 
    [
      {
        "value": "(parameter 0 (parameter 1 (member request (root https://www.npmjs.com/package/http))))"
      }, 
      {
        "value": "end"
      }
    ], 
    [
      {
        "value": "(parameter 0 (member onStart (parameter 1 (return (root https://www.npmjs.com/package/debug)))))"
      }, 
      {
        "value": "exit"
      }
    ], 
    [
      {
        "value": "(parameter 1 (member onExit (parameter 1 (return (root https://www.npmjs.com/package/debug)))))"
      }, 
      {
        "value": "exit"
      }
    ]
  ], 
  "columns": [
    "p", 
    "col1"
  ]
}