{
  "project": {
    "url": "https://lgtm.com/projects/g/aphex3k/homebridge-bloomsky", 
    "url-identifier": "g/aphex3k/homebridge-bloomsky", 
    "id": 1510937433705, 
    "name": "aphex3k/homebridge-bloomsky"
  }, 
  "data": [
    [
      {
        "value": "(return (member spawn (root https://www.npmjs.com/package/child_process)))"
      }, 
      {
        "value": "error"
      }
    ], 
    [
      {
        "value": "(return (member spawn (root https://www.npmjs.com/package/child_process)))"
      }, 
      {
        "value": "exit"
      }
    ], 
    [
      {
        "value": "(instance (member EventEmitter (root https://www.npmjs.com/package/events)))"
      }, 
      {
        "value": "ImageURL"
      }
    ], 
    [
      {
        "value": "(return (member EventEmitter (root https://www.npmjs.com/package/events)))"
      }, 
      {
        "value": "ImageURL"
      }
    ], 
    [
      {
        "value": "(member stdout (return (member spawn (root https://www.npmjs.com/package/child_process))))"
      }, 
      {
        "value": "data"
      }
    ], 
    [
      {
        "value": "(member stderr (return (member spawn (root https://www.npmjs.com/package/child_process))))"
      }, 
      {
        "value": "data"
      }
    ], 
    [
      {
        "value": "(return (member spawn (root https://www.npmjs.com/package/child_process)))"
      }, 
      {
        "value": "error"
      }
    ], 
    [
      {
        "value": "(return (member spawn (root https://www.npmjs.com/package/child_process)))"
      }, 
      {
        "value": "exit"
      }
    ], 
    [
      {
        "value": "(instance (member EventEmitter (root https://www.npmjs.com/package/events)))"
      }, 
      {
        "value": "ImageURL"
      }
    ], 
    [
      {
        "value": "(return (member EventEmitter (root https://www.npmjs.com/package/events)))"
      }, 
      {
        "value": "ImageURL"
      }
    ], 
    [
      {
        "value": "(member stdout (return (member spawn (root https://www.npmjs.com/package/child_process))))"
      }, 
      {
        "value": "data"
      }
    ], 
    [
      {
        "value": "(member stderr (return (member spawn (root https://www.npmjs.com/package/child_process))))"
      }, 
      {
        "value": "data"
      }
    ]
  ], 
  "columns": [
    "p", 
    "col1"
  ]
}