{
  "project": {
    "url": "https://lgtm.com/projects/g/amazeui/amazeui", 
    "url-identifier": "g/amazeui/amazeui", 
    "id": 4840378, 
    "name": "amazeui/amazeui"
  }, 
  "data": [
    [
      {
        "value": "(return (member nodemon (return (root https://www.npmjs.com/package/gulp-load-plugins))))"
      }, 
      {
        "value": "readable"
      }
    ], 
    [
      {
        "value": "(return (member nodemon (return (root https://www.npmjs.com/package/gulp-load-plugins))))"
      }, 
      {
        "value": "readable"
      }
    ], 
    [
      {
        "value": "(instance (member init (parameter 0 (member extend (member Base (member generators (root https://www.npmjs.com/package/yeoman-generator)))))))"
      }, 
      {
        "value": "end"
      }
    ], 
    [
      {
        "value": "(instance (member init (parameter 0 (member extend (member Base (member generators (root https://www.npmjs.com/package/yeoman-generator)))))))"
      }, 
      {
        "value": "end"
      }
    ]
  ], 
  "columns": [
    "p", 
    "col1"
  ]
}