{
  "project": {
    "url": "https://lgtm.com/projects/g/appcelerator-archive/titanium_mobile_blackberry", 
    "url-identifier": "g/appcelerator-archive/titanium_mobile_blackberry", 
    "id": 1506205456111, 
    "name": "appcelerator-archive/titanium_mobile_blackberry"
  }, 
  "data": [
    [
      {
        "value": "(return (root https://www.npmjs.com/package/archiver))"
      }, 
      {
        "value": "error"
      }
    ], 
    [
      {
        "value": "(return (member createServer (root https://www.npmjs.com/package/net)))"
      }, 
      {
        "value": "error"
      }
    ], 
    [
      {
        "value": "(return (member createServer (root https://www.npmjs.com/package/net)))"
      }, 
      {
        "value": "listening"
      }
    ], 
    [
      {
        "value": "(return (member createWriteStream (root https://www.npmjs.com/package/fs)))"
      }, 
      {
        "value": "close"
      }
    ], 
    [
      {
        "value": "(parameter 0 (parameter 0 (member createServer (root https://www.npmjs.com/package/net))))"
      }, 
      {
        "value": "data"
      }
    ], 
    [
      {
        "value": "(parameter 0 (parameter 0 (member createServer (root https://www.npmjs.com/package/net))))"
      }, 
      {
        "value": "error"
      }
    ], 
    [
      {
        "value": "(parameter 0 (parameter 0 (member createServer (root https://www.npmjs.com/package/net))))"
      }, 
      {
        "value": "connection"
      }
    ], 
    [
      {
        "value": "(return (root https://www.npmjs.com/package/archiver))"
      }, 
      {
        "value": "error"
      }
    ], 
    [
      {
        "value": "(return (member createServer (root https://www.npmjs.com/package/net)))"
      }, 
      {
        "value": "error"
      }
    ], 
    [
      {
        "value": "(return (member createServer (root https://www.npmjs.com/package/net)))"
      }, 
      {
        "value": "listening"
      }
    ], 
    [
      {
        "value": "(return (member createWriteStream (root https://www.npmjs.com/package/fs)))"
      }, 
      {
        "value": "close"
      }
    ], 
    [
      {
        "value": "(parameter 0 (parameter 0 (member createServer (root https://www.npmjs.com/package/net))))"
      }, 
      {
        "value": "data"
      }
    ], 
    [
      {
        "value": "(parameter 0 (parameter 0 (member createServer (root https://www.npmjs.com/package/net))))"
      }, 
      {
        "value": "error"
      }
    ], 
    [
      {
        "value": "(parameter 0 (parameter 0 (member createServer (root https://www.npmjs.com/package/net))))"
      }, 
      {
        "value": "connection"
      }
    ], 
    [
      {
        "value": "(parameter 0 (member pipe (return (root https://www.npmjs.com/package/archiver))))"
      }, 
      {
        "value": "close"
      }
    ]
  ], 
  "columns": [
    "p", 
    "col1"
  ]
}