{
  "project": {
    "url": "https://lgtm.com/projects/g/adamrenklint/asimov.js", 
    "url-identifier": "g/adamrenklint/asimov.js", 
    "id": 1800101339, 
    "name": "adamrenklint/asimov.js"
  }, 
  "data": [
    [
      {
        "value": "(root https://www.npmjs.com/package/process)"
      }, 
      {
        "value": "message"
      }
    ], 
    [
      {
        "value": "(root https://www.npmjs.com/package/process)"
      }, 
      {
        "value": "SIGHUP"
      }
    ], 
    [
      {
        "value": "(root https://www.npmjs.com/package/process)"
      }, 
      {
        "value": "SIGINT"
      }
    ], 
    [
      {
        "value": "(root https://www.npmjs.com/package/process)"
      }, 
      {
        "value": "SIGTERM"
      }
    ], 
    [
      {
        "value": "(root https://www.npmjs.com/package/process)"
      }, 
      {
        "value": "exit"
      }
    ], 
    [
      {
        "value": "(root https://www.npmjs.com/package/process)"
      }, 
      {
        "value": "message"
      }
    ], 
    [
      {
        "value": "(root https://www.npmjs.com/package/process)"
      }, 
      {
        "value": "SIGHUP"
      }
    ], 
    [
      {
        "value": "(root https://www.npmjs.com/package/process)"
      }, 
      {
        "value": "SIGINT"
      }
    ], 
    [
      {
        "value": "(root https://www.npmjs.com/package/process)"
      }, 
      {
        "value": "SIGTERM"
      }
    ], 
    [
      {
        "value": "(root https://www.npmjs.com/package/process)"
      }, 
      {
        "value": "exit"
      }
    ], 
    [
      {
        "value": "(return (member fork (root https://www.npmjs.com/package/child_process)))"
      }, 
      {
        "value": "message"
      }
    ], 
    [
      {
        "value": "(return (member fork (root https://www.npmjs.com/package/child_process)))"
      }, 
      {
        "value": "exit"
      }
    ], 
    [
      {
        "value": "(return (member fork (root https://www.npmjs.com/package/child_process)))"
      }, 
      {
        "value": "message"
      }
    ], 
    [
      {
        "value": "(return (member fork (root https://www.npmjs.com/package/child_process)))"
      }, 
      {
        "value": "exit"
      }
    ]
  ], 
  "columns": [
    "p", 
    "col1"
  ]
}