{
  "project": {
    "url": "https://lgtm.com/projects/g/alphagov/digitalmarketplace-supplier-frontend", 
    "url-identifier": "g/alphagov/digitalmarketplace-supplier-frontend", 
    "id": 2099190429, 
    "name": "alphagov/digitalmarketplace-supplier-frontend"
  }, 
  "data": [
    [
      {
        "value": "(return (member watch (root https://www.npmjs.com/package/gulp)))"
      }, 
      {
        "value": "change"
      }
    ], 
    [
      {
        "value": "(return (member watch (root https://www.npmjs.com/package/gulp)))"
      }, 
      {
        "value": "change"
      }
    ], 
    [
      {
        "value": "(return (member pipe (return (member src (root https://www.npmjs.com/package/gulp)))))"
      }, 
      {
        "value": "end"
      }
    ], 
    [
      {
        "value": "(return (parameter 1 (member task (root https://www.npmjs.com/package/gulp))))"
      }, 
      {
        "value": "end"
      }
    ], 
    [
      {
        "value": "(return (member pipe (return (member pipe (return (member src (root https://www.npmjs.com/package/gulp)))))))"
      }, 
      {
        "value": "error"
      }
    ], 
    [
      {
        "value": "(return (member pipe (return (member src (root https://www.npmjs.com/package/gulp)))))"
      }, 
      {
        "value": "end"
      }
    ], 
    [
      {
        "value": "(return (member pipe (return (member pipe (return (member src (root https://www.npmjs.com/package/gulp)))))))"
      }, 
      {
        "value": "error"
      }
    ]
  ], 
  "columns": [
    "p", 
    "col1"
  ]
}