{
  "project": {
    "url": "https://lgtm.com/projects/g/airswap/AirSwap.js", 
    "url-identifier": "g/airswap/AirSwap.js", 
    "id": 1509905776184, 
    "name": "airswap/AirSwap.js"
  }, 
  "data": [
    [
      {
        "value": "(return (member subscribe (member eth (instance (root https://www.npmjs.com/package/web3)))))"
      }, 
      {
        "value": "data"
      }
    ], 
    [
      {
        "value": "(return (member subscribe (member eth (return (root https://www.npmjs.com/package/web3)))))"
      }, 
      {
        "value": "data"
      }
    ], 
    [
      {
        "value": "(return (member subscribe (member eth (member web3Provider (member env (root https://www.npmjs.com/package/process))))))"
      }, 
      {
        "value": "data"
      }
    ], 
    [
      {
        "value": "(return (member subscribe (member eth (instance (root https://www.npmjs.com/package/web3)))))"
      }, 
      {
        "value": "data"
      }
    ], 
    [
      {
        "value": "(return (member subscribe (member eth (return (root https://www.npmjs.com/package/web3)))))"
      }, 
      {
        "value": "data"
      }
    ], 
    [
      {
        "value": "(return (member subscribe (member eth (member web3Provider (member env (root https://www.npmjs.com/package/process))))))"
      }, 
      {
        "value": "data"
      }
    ]
  ], 
  "columns": [
    "p", 
    "col1"
  ]
}