{
  "project": {
    "url": "https://lgtm.com/projects/g/Azure/autorest.typescript", 
    "url-identifier": "g/Azure/autorest.typescript", 
    "id": 1506612318081, 
    "name": "Azure/autorest.typescript"
  }, 
  "data": [
    [
      {
        "value": "(return (member spawn (root https://www.npmjs.com/package/child_process)))"
      }, 
      {
        "value": "error"
      }
    ], 
    [
      {
        "value": "(return (member spawn (root https://www.npmjs.com/package/child_process)))"
      }, 
      {
        "value": "close"
      }
    ], 
    [
      {
        "value": "(member stdout (return (member spawn (root https://www.npmjs.com/package/child_process))))"
      }, 
      {
        "value": "data"
      }
    ], 
    [
      {
        "value": "(member stderr (return (member spawn (root https://www.npmjs.com/package/child_process))))"
      }, 
      {
        "value": "data"
      }
    ], 
    [
      {
        "value": "(return (member spawn (root https://www.npmjs.com/package/child_process)))"
      }, 
      {
        "value": "error"
      }
    ], 
    [
      {
        "value": "(return (member spawn (root https://www.npmjs.com/package/child_process)))"
      }, 
      {
        "value": "close"
      }
    ], 
    [
      {
        "value": "(member stdout (return (member spawn (root https://www.npmjs.com/package/child_process))))"
      }, 
      {
        "value": "data"
      }
    ], 
    [
      {
        "value": "(member stderr (return (member spawn (root https://www.npmjs.com/package/child_process))))"
      }, 
      {
        "value": "data"
      }
    ]
  ], 
  "columns": [
    "p", 
    "col1"
  ]
}