{
  "project": {
    "url": "https://lgtm.com/projects/g/alibaba/kt-connect", 
    "url-identifier": "g/alibaba/kt-connect", 
    "id": 1511612291091, 
    "name": "alibaba/kt-connect"
  }, 
  "data": [
    [
      {
        "value": "(instance (member Terminal (root https://www.npmjs.com/package/xterm)))"
      }, 
      {
        "value": "data"
      }
    ], 
    [
      {
        "value": "(return (member Terminal (root https://www.npmjs.com/package/xterm)))"
      }, 
      {
        "value": "data"
      }
    ], 
    [
      {
        "value": "(instance (member Terminal (root https://www.npmjs.com/package/xterm)))"
      }, 
      {
        "value": "data"
      }
    ], 
    [
      {
        "value": "(return (member Terminal (root https://www.npmjs.com/package/xterm)))"
      }, 
      {
        "value": "data"
      }
    ]
  ], 
  "columns": [
    "p", 
    "col1"
  ]
}