{
  "project": {
    "url": "https://lgtm.com/projects/g/azu/JavaScript-Plugin-Architecture", 
    "url-identifier": "g/azu/JavaScript-Plugin-Architecture", 
    "id": 1795250348, 
    "name": "azu/JavaScript-Plugin-Architecture"
  }, 
  "data": [
    [
      {
        "value": "(return (member pipe (return (member createReadStream (root https://www.npmjs.com/package/fs)))))"
      }, 
      {
        "value": "data"
      }
    ], 
    [
      {
        "value": "(return (member pipe (return (member createReadStream (root https://www.npmjs.com/package/fs)))))"
      }, 
      {
        "value": "end"
      }
    ], 
    [
      {
        "value": "(return (member pipe (return (member pipe (return (member src (root https://www.npmjs.com/package/gulp)))))))"
      }, 
      {
        "value": "error"
      }
    ], 
    [
      {
        "value": "(return (member pipe (return (member createReadStream (root https://www.npmjs.com/package/fs)))))"
      }, 
      {
        "value": "data"
      }
    ], 
    [
      {
        "value": "(return (member pipe (return (member createReadStream (root https://www.npmjs.com/package/fs)))))"
      }, 
      {
        "value": "end"
      }
    ], 
    [
      {
        "value": "(return (member pipe (return (member pipe (return (member src (root https://www.npmjs.com/package/gulp)))))))"
      }, 
      {
        "value": "error"
      }
    ], 
    [
      {
        "value": "(return (member pipe (return (member createReadStream (root https://www.npmjs.com/package/fs)))))"
      }, 
      {
        "value": "end"
      }
    ]
  ], 
  "columns": [
    "p", 
    "col1"
  ]
}