{
  "project": {
    "url": "https://lgtm.com/projects/g/alphagov/verify-sample-local-matching-services", 
    "url-identifier": "g/alphagov/verify-sample-local-matching-services", 
    "id": 2105460006, 
    "name": "alphagov/verify-sample-local-matching-services"
  }, 
  "data": [
    [
      {
        "value": "(parameter 0 (parameter 0 (member createServer (root https://www.npmjs.com/package/http))))"
      }, 
      {
        "value": "data"
      }
    ], 
    [
      {
        "value": "(parameter 0 (parameter 0 (member createServer (root https://www.npmjs.com/package/http))))"
      }, 
      {
        "value": "end"
      }
    ], 
    [
      {
        "value": "(parameter 0 (parameter 0 (member createServer (root https://www.npmjs.com/package/http))))"
      }, 
      {
        "value": "data"
      }
    ], 
    [
      {
        "value": "(parameter 0 (parameter 0 (member createServer (root https://www.npmjs.com/package/http))))"
      }, 
      {
        "value": "end"
      }
    ], 
    [
      {
        "value": "(parameter 0 (parameter 0 (member createServer (root https://www.npmjs.com/package/http))))"
      }, 
      {
        "value": "end"
      }
    ]
  ], 
  "columns": [
    "p", 
    "col1"
  ]
}