{
  "project": {
    "url": "https://lgtm.com/projects/g/assemble/grunt-assemble-decompress", 
    "url-identifier": "g/assemble/grunt-assemble-decompress", 
    "id": 1511505319774, 
    "name": "assemble/grunt-assemble-decompress"
  }, 
  "data": [
    [
      {
        "value": "(return (member pipe (return (member createReadStream (root https://www.npmjs.com/package/fs)))))"
      }, 
      {
        "value": "error"
      }
    ], 
    [
      {
        "value": "(return (member pipe (return (member createReadStream (root https://www.npmjs.com/package/fs)))))"
      }, 
      {
        "value": "close"
      }
    ], 
    [
      {
        "value": "(return (member pipe (return (member createReadStream (root https://www.npmjs.com/package/fs)))))"
      }, 
      {
        "value": "error"
      }
    ], 
    [
      {
        "value": "(return (member pipe (return (member createReadStream (root https://www.npmjs.com/package/fs)))))"
      }, 
      {
        "value": "close"
      }
    ], 
    [
      {
        "value": "(return (member pipe (return (member createReadStream (root https://www.npmjs.com/package/fs)))))"
      }, 
      {
        "value": "error"
      }
    ]
  ], 
  "columns": [
    "p", 
    "col1"
  ]
}