{
  "project": {
    "url": "https://lgtm.com/projects/g/aurelia/i18n", 
    "url-identifier": "g/aurelia/i18n", 
    "id": 1801335806, 
    "name": "aurelia/i18n"
  }, 
  "data": [
    [
      {
        "value": "(return (member watch (root https://www.npmjs.com/package/rollup)))"
      }, 
      {
        "value": "event"
      }
    ], 
    [
      {
        "value": "(return (member watch (root https://www.npmjs.com/package/rollup)))"
      }, 
      {
        "value": "event"
      }
    ]
  ], 
  "columns": [
    "p", 
    "col1"
  ]
}