{
  "project": {
    "url": "https://lgtm.com/projects/g/AuHau/select-picker", 
    "url-identifier": "g/AuHau/select-picker", 
    "id": 1507651166179, 
    "name": "AuHau/select-picker"
  }, 
  "data": [
    [
      {
        "value": "(return (root https://www.npmjs.com/package/merge-stream))"
      }, 
      {
        "value": "error"
      }
    ], 
    [
      {
        "value": "(return (root https://www.npmjs.com/package/merge-stream))"
      }, 
      {
        "value": "error"
      }
    ], 
    [
      {
        "value": "(return (member pipe (return (member src (root https://www.npmjs.com/package/gulp)))))"
      }, 
      {
        "value": "error"
      }
    ], 
    [
      {
        "value": "(return (member pipe (return (member pipe (return (member src (root https://www.npmjs.com/package/gulp)))))))"
      }, 
      {
        "value": "error"
      }
    ], 
    [
      {
        "value": "(return (member pipe (return (member src (root https://www.npmjs.com/package/gulp)))))"
      }, 
      {
        "value": "error"
      }
    ], 
    [
      {
        "value": "(return (member pipe (return (member pipe (return (member pipe (return (member src (root https://www.npmjs.com/package/gulp)))))))))"
      }, 
      {
        "value": "error"
      }
    ], 
    [
      {
        "value": "(return (member pipe (return (member pipe (return (member src (root https://www.npmjs.com/package/gulp)))))))"
      }, 
      {
        "value": "error"
      }
    ]
  ], 
  "columns": [
    "p", 
    "col1"
  ]
}