{
  "project": {
    "url": "https://lgtm.com/projects/g/AkimaLunar/ng-meenk", 
    "url-identifier": "g/AkimaLunar/ng-meenk", 
    "id": 1506587608049, 
    "name": "AkimaLunar/ng-meenk"
  }, 
  "data": [
    [
      {
        "value": "(return (member listen (member app (root https://www.npmjs.com/package/meenk.me))))"
      }, 
      {
        "value": "error"
      }
    ], 
    [
      {
        "value": "(return (member listen (return (root https://www.npmjs.com/package/express))))"
      }, 
      {
        "value": "error"
      }
    ], 
    [
      {
        "value": "(return (member listen (member app (root https://www.npmjs.com/package/meenk.me))))"
      }, 
      {
        "value": "error"
      }
    ], 
    [
      {
        "value": "(return (member listen (return (root https://www.npmjs.com/package/express))))"
      }, 
      {
        "value": "error"
      }
    ]
  ], 
  "columns": [
    "p", 
    "col1"
  ]
}