{
  "project": {
    "url": "https://lgtm.com/projects/g/bigeasy/arguable", 
    "url-identifier": "g/bigeasy/arguable", 
    "id": 1778010541, 
    "name": "bigeasy/arguable"
  }, 
  "data": [
    [
      {
        "value": "(root https://www.npmjs.com/package/process)"
      }, 
      {
        "value": "unhandledRejection"
      }
    ], 
    [
      {
        "value": "(instance (member EventEmitter (root https://www.npmjs.com/package/events)))"
      }, 
      {
        "value": "message"
      }
    ], 
    [
      {
        "value": "(instance (member EventEmitter (root https://www.npmjs.com/package/events)))"
      }, 
      {
        "value": "unhandledRejection"
      }
    ], 
    [
      {
        "value": "(return (member EventEmitter (root https://www.npmjs.com/package/events)))"
      }, 
      {
        "value": "message"
      }
    ], 
    [
      {
        "value": "(return (member EventEmitter (root https://www.npmjs.com/package/events)))"
      }, 
      {
        "value": "unhandledRejection"
      }
    ], 
    [
      {
        "value": "(root https://www.npmjs.com/package/process)"
      }, 
      {
        "value": "unhandledRejection"
      }
    ], 
    [
      {
        "value": "(instance (member EventEmitter (root https://www.npmjs.com/package/events)))"
      }, 
      {
        "value": "unhandledRejection"
      }
    ], 
    [
      {
        "value": "(return (member EventEmitter (root https://www.npmjs.com/package/events)))"
      }, 
      {
        "value": "unhandledRejection"
      }
    ], 
    [
      {
        "value": "(instance (member EventEmitter (root https://www.npmjs.com/package/events)))"
      }, 
      {
        "value": "message"
      }
    ], 
    [
      {
        "value": "(return (member EventEmitter (root https://www.npmjs.com/package/events)))"
      }, 
      {
        "value": "message"
      }
    ]
  ], 
  "columns": [
    "p", 
    "col1"
  ]
}