{
  "project": {
    "url": "https://lgtm.com/projects/g/BlinkTagInc/node-gtfs", 
    "url-identifier": "g/BlinkTagInc/node-gtfs", 
    "id": 112850625, 
    "name": "BlinkTagInc/node-gtfs"
  }, 
  "data": [
    [
      {
        "value": "(return (root https://www.npmjs.com/package/csv-parse))"
      }, 
      {
        "value": "error"
      }
    ], 
    [
      {
        "value": "(return (root https://www.npmjs.com/package/csv-parse))"
      }, 
      {
        "value": "end"
      }
    ], 
    [
      {
        "value": "(return (root https://www.npmjs.com/package/csv-parse))"
      }, 
      {
        "value": "readable"
      }
    ], 
    [
      {
        "value": "(return (root https://www.npmjs.com/package/csv-parse))"
      }, 
      {
        "value": "error"
      }
    ], 
    [
      {
        "value": "(return (root https://www.npmjs.com/package/csv-parse))"
      }, 
      {
        "value": "end"
      }
    ], 
    [
      {
        "value": "(return (root https://www.npmjs.com/package/csv-parse))"
      }, 
      {
        "value": "readable"
      }
    ], 
    [
      {
        "value": "(return (member pipe (return (member createReadStream (root https://www.npmjs.com/package/fs-extra)))))"
      }, 
      {
        "value": "error"
      }
    ], 
    [
      {
        "value": "(return (member pipe (return (member createReadStream (root https://www.npmjs.com/package/fs)))))"
      }, 
      {
        "value": "error"
      }
    ], 
    [
      {
        "value": "(return (member pipe (return (member createReadStream (root https://www.npmjs.com/package/fs-extra)))))"
      }, 
      {
        "value": "error"
      }
    ], 
    [
      {
        "value": "(return (member pipe (return (member createReadStream (root https://www.npmjs.com/package/fs)))))"
      }, 
      {
        "value": "error"
      }
    ], 
    [
      {
        "value": "(parameter 0 (member pipe (return (member pipe (return (member createReadStream (root https://www.npmjs.com/package/fs-extra)))))))"
      }, 
      {
        "value": "error"
      }
    ], 
    [
      {
        "value": "(parameter 0 (member pipe (return (member pipe (return (member createReadStream (root https://www.npmjs.com/package/fs-extra)))))))"
      }, 
      {
        "value": "end"
      }
    ], 
    [
      {
        "value": "(parameter 0 (member pipe (return (member pipe (return (member createReadStream (root https://www.npmjs.com/package/fs-extra)))))))"
      }, 
      {
        "value": "readable"
      }
    ]
  ], 
  "columns": [
    "p", 
    "col1"
  ]
}