{
  "project": {
    "url": "https://lgtm.com/projects/g/balderdashy/sails-generate", 
    "url-identifier": "g/balderdashy/sails-generate", 
    "id": 1767671184, 
    "name": "balderdashy/sails-generate"
  }, 
  "data": [
    [
      {
        "value": "(root https://www.npmjs.com/package/process)"
      }, 
      {
        "value": "SIGINT"
      }
    ], 
    [
      {
        "value": "(root https://www.npmjs.com/package/process)"
      }, 
      {
        "value": "SIGINT"
      }
    ]
  ], 
  "columns": [
    "p", 
    "col1"
  ]
}