{
  "project": {
    "url": "https://lgtm.com/projects/g/brendan-rius/darkmall", 
    "url-identifier": "g/brendan-rius/darkmall", 
    "id": 1507221026115, 
    "name": "brendan-rius/darkmall"
  }, 
  "data": [
    [
      {
        "value": "(member listeningApp (instance (root https://www.npmjs.com/package/webpack-dev-server)))"
      }, 
      {
        "value": "upgrade"
      }
    ], 
    [
      {
        "value": "(member listeningApp (return (root https://www.npmjs.com/package/webpack-dev-server)))"
      }, 
      {
        "value": "upgrade"
      }
    ], 
    [
      {
        "value": "(member listeningApp (instance (root https://www.npmjs.com/package/webpack-dev-server)))"
      }, 
      {
        "value": "upgrade"
      }
    ], 
    [
      {
        "value": "(member listeningApp (return (root https://www.npmjs.com/package/webpack-dev-server)))"
      }, 
      {
        "value": "upgrade"
      }
    ]
  ], 
  "columns": [
    "p", 
    "col1"
  ]
}