{
  "project": {
    "url": "https://lgtm.com/projects/g/blixai/blix", 
    "url-identifier": "g/blixai/blix", 
    "id": 1506709793146, 
    "name": "blixai/blix"
  }, 
  "data": [
    [
      {
        "value": "(root https://www.npmjs.com/package/cluster)"
      }, 
      {
        "value": "exit"
      }
    ], 
    [
      {
        "value": "(return (member spawn (root https://www.npmjs.com/package/child_process)))"
      }, 
      {
        "value": "close"
      }
    ], 
    [
      {
        "value": "(root https://www.npmjs.com/package/cluster)"
      }, 
      {
        "value": "exit"
      }
    ], 
    [
      {
        "value": "(member stderr (return (member spawn (root https://www.npmjs.com/package/child_process))))"
      }, 
      {
        "value": "data"
      }
    ], 
    [
      {
        "value": "(return (member spawn (root https://www.npmjs.com/package/child_process)))"
      }, 
      {
        "value": "close"
      }
    ], 
    [
      {
        "value": "(member stderr (return (member spawn (root https://www.npmjs.com/package/child_process))))"
      }, 
      {
        "value": "data"
      }
    ]
  ], 
  "columns": [
    "p", 
    "col1"
  ]
}