{
  "project": {
    "url": "https://lgtm.com/projects/g/balderdashy/angularSails", 
    "url-identifier": "g/balderdashy/angularSails", 
    "id": 99720366, 
    "name": "balderdashy/angularSails"
  }, 
  "data": [
    [
      {
        "value": "(member socket (root https://www.npmjs.com/package/socket.io-client))"
      }, 
      {
        "value": "error"
      }
    ], 
    [
      {
        "value": "(member socket (root https://www.npmjs.com/package/socket.io-client))"
      }, 
      {
        "value": "disconnect"
      }
    ], 
    [
      {
        "value": "(member socket (root https://www.npmjs.com/package/socket.io-client))"
      }, 
      {
        "value": "connect"
      }
    ], 
    [
      {
        "value": "(member socket (root https://www.npmjs.com/package/socket.io-client))"
      }, 
      {
        "value": "reconnect"
      }
    ], 
    [
      {
        "value": "(member socket (root https://www.npmjs.com/package/socket.io-client))"
      }, 
      {
        "value": "reconnecting"
      }
    ], 
    [
      {
        "value": "(member socket (root https://www.npmjs.com/package/socket.io-client))"
      }, 
      {
        "value": "error"
      }
    ], 
    [
      {
        "value": "(member socket (root https://www.npmjs.com/package/socket.io-client))"
      }, 
      {
        "value": "disconnect"
      }
    ], 
    [
      {
        "value": "(member socket (root https://www.npmjs.com/package/socket.io-client))"
      }, 
      {
        "value": "connect"
      }
    ], 
    [
      {
        "value": "(member socket (root https://www.npmjs.com/package/socket.io-client))"
      }, 
      {
        "value": "reconnect"
      }
    ], 
    [
      {
        "value": "(member socket (root https://www.npmjs.com/package/socket.io-client))"
      }, 
      {
        "value": "reconnecting"
      }
    ]
  ], 
  "columns": [
    "p", 
    "col1"
  ]
}