{
  "project": {
    "url": "https://lgtm.com/projects/g/BrowserSync/browsersync.github.io", 
    "url-identifier": "g/BrowserSync/browsersync.github.io", 
    "id": 1506715553295, 
    "name": "BrowserSync/browsersync.github.io"
  }, 
  "data": [
    [
      {
        "value": "(return (member watch (root https://www.npmjs.com/package/gulp)))"
      }, 
      {
        "value": "change"
      }
    ], 
    [
      {
        "value": "(return (member spawn (root https://www.npmjs.com/package/child_process)))"
      }, 
      {
        "value": "close"
      }
    ], 
    [
      {
        "value": "(member emitter (return (member create (root https://www.npmjs.com/package/browser-sync))))"
      }, 
      {
        "value": "init"
      }
    ], 
    [
      {
        "value": "(return (member watch (root https://www.npmjs.com/package/gulp)))"
      }, 
      {
        "value": "change"
      }
    ], 
    [
      {
        "value": "(return (member watch (return (member get (root https://www.npmjs.com/package/browser-sync)))))"
      }, 
      {
        "value": "change"
      }
    ], 
    [
      {
        "value": "(return (member watch (return (member create (root https://www.npmjs.com/package/browser-sync)))))"
      }, 
      {
        "value": "change"
      }
    ], 
    [
      {
        "value": "(return (member spawn (root https://www.npmjs.com/package/child_process)))"
      }, 
      {
        "value": "close"
      }
    ], 
    [
      {
        "value": "(member emitter (return (member create (root https://www.npmjs.com/package/browser-sync))))"
      }, 
      {
        "value": "init"
      }
    ], 
    [
      {
        "value": "(return (member watch (return (member get (root https://www.npmjs.com/package/browser-sync)))))"
      }, 
      {
        "value": "change"
      }
    ], 
    [
      {
        "value": "(return (member watch (return (member create (root https://www.npmjs.com/package/browser-sync)))))"
      }, 
      {
        "value": "change"
      }
    ]
  ], 
  "columns": [
    "p", 
    "col1"
  ]
}