{
  "project": {
    "url": "https://lgtm.com/projects/g/Binomi0/Seolidera-CRM", 
    "url-identifier": "g/Binomi0/Seolidera-CRM", 
    "id": 1506465669246, 
    "name": "Binomi0/Seolidera-CRM"
  }, 
  "data": [
    [
      {
        "value": "(member connection (root https://www.npmjs.com/package/mongoose))"
      }, 
      {
        "value": "error"
      }
    ], 
    [
      {
        "value": "(member connection (root https://www.npmjs.com/package/mongoose))"
      }, 
      {
        "value": "open"
      }
    ], 
    [
      {
        "value": "(return (member createServer (root https://www.npmjs.com/package/http)))"
      }, 
      {
        "value": "error"
      }
    ], 
    [
      {
        "value": "(return (member createServer (root https://www.npmjs.com/package/http)))"
      }, 
      {
        "value": "listening"
      }
    ], 
    [
      {
        "value": "(member connection (root https://www.npmjs.com/package/mongoose))"
      }, 
      {
        "value": "error"
      }
    ], 
    [
      {
        "value": "(member connection (root https://www.npmjs.com/package/mongoose))"
      }, 
      {
        "value": "open"
      }
    ], 
    [
      {
        "value": "(return (member createServer (root https://www.npmjs.com/package/http)))"
      }, 
      {
        "value": "error"
      }
    ], 
    [
      {
        "value": "(return (member createServer (root https://www.npmjs.com/package/http)))"
      }, 
      {
        "value": "listening"
      }
    ]
  ], 
  "columns": [
    "p", 
    "col1"
  ]
}