{
  "project": {
    "url": "https://lgtm.com/projects/g/coddingtonbear/inthe.am", 
    "url-identifier": "g/coddingtonbear/inthe.am", 
    "id": 1407411411, 
    "name": "coddingtonbear/inthe.am"
  }, 
  "data": [
    [
      {
        "value": "(return (member createProxyServer (root https://www.npmjs.com/package/http-proxy)))"
      }, 
      {
        "value": "error"
      }
    ], 
    [
      {
        "value": "(return (member createProxyServer (root https://www.npmjs.com/package/http-proxy)))"
      }, 
      {
        "value": "error"
      }
    ]
  ], 
  "columns": [
    "p", 
    "col1"
  ]
}