{
  "project": {
    "url": "https://lgtm.com/projects/g/CloudCV/cloudcv-bootstrap", 
    "url-identifier": "g/CloudCV/cloudcv-bootstrap", 
    "id": 1793771537, 
    "name": "CloudCV/cloudcv-bootstrap"
  }, 
  "data": [
    [
      {
        "value": "(return (root https://www.npmjs.com/package/request))"
      }, 
      {
        "value": "data"
      }
    ], 
    [
      {
        "value": "(return (root https://www.npmjs.com/package/request))"
      }, 
      {
        "value": "data"
      }
    ]
  ], 
  "columns": [
    "p", 
    "col1"
  ]
}