{
  "project": {
    "url": "https://lgtm.com/projects/g/dpnishant/raptor", 
    "url-identifier": "g/dpnishant/raptor", 
    "id": 1791820463, 
    "name": "dpnishant/raptor"
  }, 
  "data": [
    [
      {
        "value": "(parameter 0 (parameter 0 (member createServer (root https://www.npmjs.com/package/http))))"
      }, 
      {
        "value": "end"
      }
    ], 
    [
      {
        "value": "(parameter 0 (parameter 0 (member createServer (root https://www.npmjs.com/package/http))))"
      }, 
      {
        "value": "end"
      }
    ], 
    [
      {
        "value": "(parameter 0 (member serve (instance (member Server (root https://www.npmjs.com/package/node-static)))))"
      }, 
      {
        "value": "end"
      }
    ], 
    [
      {
        "value": "(parameter 0 (member serve (return (member Server (root https://www.npmjs.com/package/node-static)))))"
      }, 
      {
        "value": "end"
      }
    ]
  ], 
  "columns": [
    "p", 
    "col1"
  ]
}