{
  "project": {
    "url": "https://lgtm.com/projects/g/DBCDK/serviceprovider", 
    "url-identifier": "g/DBCDK/serviceprovider", 
    "id": 1505896746896, 
    "name": "DBCDK/serviceprovider"
  }, 
  "data": [
    [
      {
        "value": "(return (member connect (root https://www.npmjs.com/package/socketcluster-client)))"
      }, 
      {
        "value": "connect"
      }
    ], 
    [
      {
        "value": "(return (member connect (root https://www.npmjs.com/package/socketcluster-client)))"
      }, 
      {
        "value": "connectAbort"
      }
    ], 
    [
      {
        "value": "(return (member attach (root https://www.npmjs.com/package/socketcluster-server)))"
      }, 
      {
        "value": "connection"
      }
    ], 
    [
      {
        "value": "(return (member createServer (root https://www.npmjs.com/package/http)))"
      }, 
      {
        "value": "request"
      }
    ], 
    [
      {
        "value": "(parameter 0 (parameter 1 (member request (root https://www.npmjs.com/package/http))))"
      }, 
      {
        "value": "data"
      }
    ], 
    [
      {
        "value": "(parameter 0 (parameter 1 (member request (root https://www.npmjs.com/package/http))))"
      }, 
      {
        "value": "error"
      }
    ], 
    [
      {
        "value": "(parameter 0 (parameter 1 (member request (root https://www.npmjs.com/package/http))))"
      }, 
      {
        "value": "end"
      }
    ], 
    [
      {
        "value": "(return (member connected (root https://www.npmjs.com/package/openplatform)))"
      }, 
      {
        "value": "connect"
      }
    ], 
    [
      {
        "value": "(return (member connected (root https://www.npmjs.com/package/openplatform)))"
      }, 
      {
        "value": "connectAbort"
      }
    ], 
    [
      {
        "value": "(return (member connect (root https://www.npmjs.com/package/socketcluster-client)))"
      }, 
      {
        "value": "connect"
      }
    ], 
    [
      {
        "value": "(return (member connect (root https://www.npmjs.com/package/socketcluster-client)))"
      }, 
      {
        "value": "connectAbort"
      }
    ], 
    [
      {
        "value": "(return (member attach (root https://www.npmjs.com/package/socketcluster-server)))"
      }, 
      {
        "value": "connection"
      }
    ], 
    [
      {
        "value": "(return (member createServer (root https://www.npmjs.com/package/http)))"
      }, 
      {
        "value": "request"
      }
    ], 
    [
      {
        "value": "(parameter 0 (parameter 1 (member request (root https://www.npmjs.com/package/http))))"
      }, 
      {
        "value": "data"
      }
    ], 
    [
      {
        "value": "(parameter 0 (parameter 1 (member request (root https://www.npmjs.com/package/http))))"
      }, 
      {
        "value": "error"
      }
    ], 
    [
      {
        "value": "(parameter 0 (parameter 1 (member request (root https://www.npmjs.com/package/http))))"
      }, 
      {
        "value": "end"
      }
    ], 
    [
      {
        "value": "(parameter 0 (parameter 0 (member stream (return (member from (return (member select (return (root https://www.npmjs.com/package/knex)))))))))"
      }, 
      {
        "value": "data"
      }
    ]
  ], 
  "columns": [
    "p", 
    "col1"
  ]
}