{
  "project": {
    "url": "https://lgtm.com/projects/g/devopsbookmarks/devopsbookmarks.com", 
    "url-identifier": "g/devopsbookmarks/devopsbookmarks.com", 
    "id": 1506698239071, 
    "name": "devopsbookmarks/devopsbookmarks.com"
  }, 
  "data": [
    [
      {
        "value": "(return (member walk (root https://www.npmjs.com/package/walk)))"
      }, 
      {
        "value": "end"
      }
    ], 
    [
      {
        "value": "(return (member walk (root https://www.npmjs.com/package/walk)))"
      }, 
      {
        "value": "file"
      }
    ], 
    [
      {
        "value": "(return (member walk (root https://www.npmjs.com/package/walk)))"
      }, 
      {
        "value": "end"
      }
    ], 
    [
      {
        "value": "(return (member walk (root https://www.npmjs.com/package/walk)))"
      }, 
      {
        "value": "file"
      }
    ]
  ], 
  "columns": [
    "p", 
    "col1"
  ]
}