{
  "project": {
    "url": "https://lgtm.com/projects/g/dlmanning/react-flexbox-svg", 
    "url-identifier": "g/dlmanning/react-flexbox-svg", 
    "id": 1506710110292, 
    "name": "dlmanning/react-flexbox-svg"
  }, 
  "data": [
    [
      {
        "value": "(instance (root https://www.npmjs.com/package/wolfy87-eventemitter))"
      }, 
      {
        "value": "layout-update"
      }
    ], 
    [
      {
        "value": "(return (root https://www.npmjs.com/package/wolfy87-eventemitter))"
      }, 
      {
        "value": "layout-update"
      }
    ], 
    [
      {
        "value": "(instance (member default (root https://www.npmjs.com/package/wolfy87-eventemitter)))"
      }, 
      {
        "value": "layout-update"
      }
    ], 
    [
      {
        "value": "(return (member default (root https://www.npmjs.com/package/wolfy87-eventemitter)))"
      }, 
      {
        "value": "layout-update"
      }
    ], 
    [
      {
        "value": "(member layoutNotifier (instance (member FlexContext (root https://www.npmjs.com/package/react-flexbox-svg))))"
      }, 
      {
        "value": "layout-update"
      }
    ], 
    [
      {
        "value": "(instance (root https://www.npmjs.com/package/wolfy87-eventemitter))"
      }, 
      {
        "value": "layout-update"
      }
    ], 
    [
      {
        "value": "(return (root https://www.npmjs.com/package/wolfy87-eventemitter))"
      }, 
      {
        "value": "layout-update"
      }
    ], 
    [
      {
        "value": "(instance (member default (root https://www.npmjs.com/package/wolfy87-eventemitter)))"
      }, 
      {
        "value": "layout-update"
      }
    ], 
    [
      {
        "value": "(return (member default (root https://www.npmjs.com/package/wolfy87-eventemitter)))"
      }, 
      {
        "value": "layout-update"
      }
    ], 
    [
      {
        "value": "(member layoutNotifier (instance (member FlexContext (root https://www.npmjs.com/package/react-flexbox-svg))))"
      }, 
      {
        "value": "layout-update"
      }
    ]
  ], 
  "columns": [
    "p", 
    "col1"
  ]
}