{
  "project": {
    "url": "https://lgtm.com/projects/g/derbyjs/derby", 
    "url-identifier": "g/derbyjs/derby", 
    "id": 1800015, 
    "name": "derbyjs/derby"
  }, 
  "data": [
    [
      {
        "value": "(instance (member Model (root https://www.npmjs.com/package/racer)))"
      }, 
      {
        "value": "error"
      }
    ], 
    [
      {
        "value": "(return (member Model (root https://www.npmjs.com/package/racer)))"
      }, 
      {
        "value": "error"
      }
    ], 
    [
      {
        "value": "(return (member fork (root https://www.npmjs.com/package/cluster)))"
      }, 
      {
        "value": "message"
      }
    ], 
    [
      {
        "value": "(return (member fork (root https://www.npmjs.com/package/cluster)))"
      }, 
      {
        "value": "disconnect"
      }
    ], 
    [
      {
        "value": "(instance (member Model (root https://www.npmjs.com/package/racer)))"
      }, 
      {
        "value": "error"
      }
    ], 
    [
      {
        "value": "(return (member Model (root https://www.npmjs.com/package/racer)))"
      }, 
      {
        "value": "error"
      }
    ], 
    [
      {
        "value": "(return (member fork (root https://www.npmjs.com/package/cluster)))"
      }, 
      {
        "value": "message"
      }
    ], 
    [
      {
        "value": "(return (member fork (root https://www.npmjs.com/package/cluster)))"
      }, 
      {
        "value": "disconnect"
      }
    ], 
    [
      {
        "value": "(member connection (instance (member Model (instance (member createApp (root https://www.npmjs.com/package/derby))))))"
      }, 
      {
        "value": "connected"
      }
    ], 
    [
      {
        "value": "(member connection (instance (member Model (instance (member createApp (root https://www.npmjs.com/package/derby))))))"
      }, 
      {
        "value": "receive"
      }
    ], 
    [
      {
        "value": "(member connection (return (member Model (instance (member createApp (root https://www.npmjs.com/package/derby))))))"
      }, 
      {
        "value": "connected"
      }
    ], 
    [
      {
        "value": "(member connection (return (member Model (instance (member createApp (root https://www.npmjs.com/package/derby))))))"
      }, 
      {
        "value": "receive"
      }
    ], 
    [
      {
        "value": "(member connection (instance (member Model (instance (member createApp (root https://www.npmjs.com/package/derby))))))"
      }, 
      {
        "value": "connected"
      }
    ], 
    [
      {
        "value": "(member connection (instance (member Model (instance (member createApp (root https://www.npmjs.com/package/derby))))))"
      }, 
      {
        "value": "receive"
      }
    ], 
    [
      {
        "value": "(member connection (return (member Model (instance (member createApp (root https://www.npmjs.com/package/derby))))))"
      }, 
      {
        "value": "connected"
      }
    ], 
    [
      {
        "value": "(member connection (return (member Model (instance (member createApp (root https://www.npmjs.com/package/derby))))))"
      }, 
      {
        "value": "receive"
      }
    ]
  ], 
  "columns": [
    "p", 
    "col1"
  ]
}