{
  "project": {
    "url": "https://lgtm.com/projects/g/dogescript/dogescript", 
    "url-identifier": "g/dogescript/dogescript", 
    "id": 119528210, 
    "name": "dogescript/dogescript"
  }, 
  "data": [
    [
      {
        "value": "(return (member walk (root https://www.npmjs.com/package/walk)))"
      }, 
      {
        "value": "end"
      }
    ], 
    [
      {
        "value": "(return (member walk (root https://www.npmjs.com/package/walk)))"
      }, 
      {
        "value": "names"
      }
    ], 
    [
      {
        "value": "(return (member walk (root https://www.npmjs.com/package/walk)))"
      }, 
      {
        "value": "end"
      }
    ], 
    [
      {
        "value": "(return (member walk (root https://www.npmjs.com/package/walk)))"
      }, 
      {
        "value": "names"
      }
    ]
  ], 
  "columns": [
    "p", 
    "col1"
  ]
}