{
  "project": {
    "url": "https://lgtm.com/projects/g/d3/d3-request", 
    "url-identifier": "g/d3/d3-request", 
    "id": 1511519049077, 
    "name": "d3/d3-request"
  }, 
  "data": [
    [
      {
        "value": "(return (member dispatch (root https://www.npmjs.com/package/d3-dispatch)))"
      }, 
      {
        "value": "error"
      }
    ], 
    [
      {
        "value": "(return (member dispatch (root https://www.npmjs.com/package/d3-dispatch)))"
      }, 
      {
        "value": "load"
      }
    ], 
    [
      {
        "value": "(return (member apply (member on (return (member dispatch (root https://www.npmjs.com/package/d3-dispatch))))))"
      }, 
      {
        "value": "error"
      }
    ], 
    [
      {
        "value": "(return (member apply (member on (return (member dispatch (root https://www.npmjs.com/package/d3-dispatch))))))"
      }, 
      {
        "value": "load"
      }
    ], 
    [
      {
        "value": "(parameter 1 (member equal (parameter 0 (parameter 1 (root https://www.npmjs.com/package/tape)))))"
      }, 
      {
        "value": "beforesend"
      }
    ], 
    [
      {
        "value": "(return (member dispatch (root https://www.npmjs.com/package/d3-dispatch)))"
      }, 
      {
        "value": "load"
      }
    ], 
    [
      {
        "value": "(return (member apply (member on (return (member dispatch (root https://www.npmjs.com/package/d3-dispatch))))))"
      }, 
      {
        "value": "load"
      }
    ]
  ], 
  "columns": [
    "p", 
    "col1"
  ]
}