{
  "project": {
    "url": "https://lgtm.com/projects/g/dfilatov/vow", 
    "url-identifier": "g/dfilatov/vow", 
    "id": 13140035, 
    "name": "dfilatov/vow"
  }, 
  "data": [
    [
      {
        "value": "(root https://www.npmjs.com/package/process)"
      }, 
      {
        "value": "unhandledRejection"
      }
    ], 
    [
      {
        "value": "(root https://www.npmjs.com/package/process)"
      }, 
      {
        "value": "uncaughtException"
      }
    ], 
    [
      {
        "value": "(root https://www.npmjs.com/package/process)"
      }, 
      {
        "value": "unhandledRejection"
      }
    ], 
    [
      {
        "value": "(root https://www.npmjs.com/package/process)"
      }, 
      {
        "value": "uncaughtException"
      }
    ]
  ], 
  "columns": [
    "p", 
    "col1"
  ]
}