{
  "project": {
    "url": "https://lgtm.com/projects/g/ExLeonem/enqueueMe", 
    "url-identifier": "g/ExLeonem/enqueueMe", 
    "id": 1511987351702, 
    "name": "ExLeonem/enqueueMe"
  }, 
  "data": [
    [
      {
        "value": "(instance (member Client (root https://www.npmjs.com/package/discord.js)))"
      }, 
      {
        "value": "message"
      }
    ], 
    [
      {
        "value": "(instance (member Client (root https://www.npmjs.com/package/discord.js)))"
      }, 
      {
        "value": "ready"
      }
    ], 
    [
      {
        "value": "(return (member Client (root https://www.npmjs.com/package/discord.js)))"
      }, 
      {
        "value": "message"
      }
    ], 
    [
      {
        "value": "(return (member Client (root https://www.npmjs.com/package/discord.js)))"
      }, 
      {
        "value": "ready"
      }
    ], 
    [
      {
        "value": "(instance (member Client (root https://www.npmjs.com/package/discord.js)))"
      }, 
      {
        "value": "message"
      }
    ], 
    [
      {
        "value": "(instance (member Client (root https://www.npmjs.com/package/discord.js)))"
      }, 
      {
        "value": "ready"
      }
    ], 
    [
      {
        "value": "(return (member Client (root https://www.npmjs.com/package/discord.js)))"
      }, 
      {
        "value": "message"
      }
    ], 
    [
      {
        "value": "(return (member Client (root https://www.npmjs.com/package/discord.js)))"
      }, 
      {
        "value": "ready"
      }
    ]
  ], 
  "columns": [
    "p", 
    "col1"
  ]
}