{
  "project": {
    "url": "https://lgtm.com/projects/g/expressjs/cors", 
    "url-identifier": "g/expressjs/cors", 
    "id": 9980056, 
    "name": "expressjs/cors"
  }, 
  "data": [
    [
      {
        "value": "(instance (parameter 0 (member inherits (root https://www.npmjs.com/package/util))))"
      }, 
      {
        "value": "finish"
      }
    ], 
    [
      {
        "value": "(instance (parameter 0 (member inherits (root https://www.npmjs.com/package/util))))"
      }, 
      {
        "value": "finish"
      }
    ]
  ], 
  "columns": [
    "p", 
    "col1"
  ]
}