{
  "project": {
    "url": "https://lgtm.com/projects/g/exodus4d/pathfinder", 
    "url-identifier": "g/exodus4d/pathfinder", 
    "id": 1798304087, 
    "name": "exodus4d/pathfinder"
  }, 
  "data": [
    [
      {
        "value": "(return (root https://www.npmjs.com/package/gulp-sass))"
      }, 
      {
        "value": "error"
      }
    ], 
    [
      {
        "value": "(return (root https://www.npmjs.com/package/gulp-sass))"
      }, 
      {
        "value": "error"
      }
    ]
  ], 
  "columns": [
    "p", 
    "col1"
  ]
}