{
  "project": {
    "url": "https://lgtm.com/projects/g/ericmdantas/generator-ng-fullstack", 
    "url-identifier": "g/ericmdantas/generator-ng-fullstack", 
    "id": 115131564, 
    "name": "ericmdantas/generator-ng-fullstack"
  }, 
  "data": [
    [
      {
        "value": "(return (member withPrompts (return (member inDir (return (member run (root https://www.npmjs.com/package/yeoman-test)))))))"
      }, 
      {
        "value": "end"
      }
    ], 
    [
      {
        "value": "(return (member withPrompts (return (member inDir (return (member run (root https://www.npmjs.com/package/yeoman-test)))))))"
      }, 
      {
        "value": "end"
      }
    ], 
    [
      {
        "value": "(return (member withOptions (return (member withPrompts (return (member inDir (return (member run (root https://www.npmjs.com/package/yeoman-test)))))))))"
      }, 
      {
        "value": "end"
      }
    ], 
    [
      {
        "value": "(return (member withPrompts (return (member withOptions (return (member inDir (return (member run (root https://www.npmjs.com/package/yeoman-test)))))))))"
      }, 
      {
        "value": "end"
      }
    ], 
    [
      {
        "value": "(return (member withOptions (return (member withArguments (return (member inTmpDir (return (member run (root https://www.npmjs.com/package/yeoman-test)))))))))"
      }, 
      {
        "value": "end"
      }
    ]
  ], 
  "columns": [
    "p", 
    "col1"
  ]
}