{
  "project": {
    "url": "https://lgtm.com/projects/g/elodina/heron-elodina", 
    "url-identifier": "g/elodina/heron-elodina", 
    "id": 1507329406097, 
    "name": "elodina/heron-elodina"
  }, 
  "data": [
    [
      {
        "value": "(return (member sass (return (root https://www.npmjs.com/package/gulp-load-plugins))))"
      }, 
      {
        "value": "error"
      }
    ], 
    [
      {
        "value": "(return (member sass (return (root https://www.npmjs.com/package/gulp-load-plugins))))"
      }, 
      {
        "value": "error"
      }
    ]
  ], 
  "columns": [
    "p", 
    "col1"
  ]
}