{
  "project": {
    "url": "https://lgtm.com/projects/g/edwardhotchkiss/short", 
    "url-identifier": "g/edwardhotchkiss/short", 
    "id": 105309639, 
    "name": "edwardhotchkiss/short"
  }, 
  "data": [
    [
      {
        "value": "(member connection (root https://www.npmjs.com/package/mongoose))"
      }, 
      {
        "value": "error"
      }
    ], 
    [
      {
        "value": "(member connection (root https://www.npmjs.com/package/mongoose))"
      }, 
      {
        "value": "error"
      }
    ]
  ], 
  "columns": [
    "p", 
    "col1"
  ]
}