{
  "project": {
    "url": "https://lgtm.com/projects/g/fibo/dflow", 
    "url-identifier": "g/fibo/dflow", 
    "id": 1507189946048, 
    "name": "fibo/dflow"
  }, 
  "data": [
    [
      {
        "value": "(root https://www.npmjs.com/package/process)"
      }, 
      {
        "value": "uncaughtException"
      }
    ], 
    [
      {
        "value": "(root https://www.npmjs.com/package/process)"
      }, 
      {
        "value": "uncaughtException"
      }
    ]
  ], 
  "columns": [
    "p", 
    "col1"
  ]
}