{
  "project": {
    "url": "https://lgtm.com/projects/g/fmoliveira/tantalus", 
    "url-identifier": "g/fmoliveira/tantalus", 
    "id": 1800604257, 
    "name": "fmoliveira/tantalus"
  }, 
  "data": [
    [
      {
        "value": "(member app (root https://www.npmjs.com/package/electron))"
      }, 
      {
        "value": "ready"
      }
    ], 
    [
      {
        "value": "(member app (root https://www.npmjs.com/package/electron))"
      }, 
      {
        "value": "window-all-closed"
      }
    ], 
    [
      {
        "value": "(member app (root https://www.npmjs.com/package/electron))"
      }, 
      {
        "value": "activate"
      }
    ], 
    [
      {
        "value": "(instance (member BrowserWindow (root https://www.npmjs.com/package/electron)))"
      }, 
      {
        "value": "closed"
      }
    ], 
    [
      {
        "value": "(return (member BrowserWindow (root https://www.npmjs.com/package/electron)))"
      }, 
      {
        "value": "closed"
      }
    ], 
    [
      {
        "value": "(member app (root https://www.npmjs.com/package/electron))"
      }, 
      {
        "value": "ready"
      }
    ], 
    [
      {
        "value": "(member app (root https://www.npmjs.com/package/electron))"
      }, 
      {
        "value": "window-all-closed"
      }
    ], 
    [
      {
        "value": "(member app (root https://www.npmjs.com/package/electron))"
      }, 
      {
        "value": "activate"
      }
    ], 
    [
      {
        "value": "(instance (member BrowserWindow (root https://www.npmjs.com/package/electron)))"
      }, 
      {
        "value": "closed"
      }
    ], 
    [
      {
        "value": "(return (member BrowserWindow (root https://www.npmjs.com/package/electron)))"
      }, 
      {
        "value": "closed"
      }
    ]
  ], 
  "columns": [
    "p", 
    "col1"
  ]
}