{
  "project": {
    "url": "https://lgtm.com/projects/g/forwardemail/free-email-forwarding", 
    "url-identifier": "g/forwardemail/free-email-forwarding", 
    "id": 1511501868578, 
    "name": "forwardemail/free-email-forwarding"
  }, 
  "data": [
    [
      {
        "value": "(instance (member SMTPServer (root https://www.npmjs.com/package/smtp-server)))"
      }, 
      {
        "value": "error"
      }
    ], 
    [
      {
        "value": "(return (member SMTPServer (root https://www.npmjs.com/package/smtp-server)))"
      }, 
      {
        "value": "error"
      }
    ], 
    [
      {
        "value": "(instance (member SMTPServer (root https://www.npmjs.com/package/smtp-server)))"
      }, 
      {
        "value": "error"
      }
    ], 
    [
      {
        "value": "(return (member SMTPServer (root https://www.npmjs.com/package/smtp-server)))"
      }, 
      {
        "value": "error"
      }
    ]
  ], 
  "columns": [
    "p", 
    "col1"
  ]
}