{
  "project": {
    "url": "https://lgtm.com/projects/g/facelessuser/pymdown-extensions", 
    "url-identifier": "g/facelessuser/pymdown-extensions", 
    "id": 1506714186807, 
    "name": "facelessuser/pymdown-extensions"
  }, 
  "data": [
    [
      {
        "value": "(return (root https://www.npmjs.com/package/gulp-sass))"
      }, 
      {
        "value": "error"
      }
    ], 
    [
      {
        "value": "(return (root https://www.npmjs.com/package/gulp-sass))"
      }, 
      {
        "value": "error"
      }
    ]
  ], 
  "columns": [
    "p", 
    "col1"
  ]
}