{
  "project": {
    "url": "https://lgtm.com/projects/g/facebook/planout", 
    "url-identifier": "g/facebook/planout", 
    "id": 110701808, 
    "name": "facebook/planout"
  }, 
  "data": [
    [
      {
        "value": "(instance (member addChangeListener (parameter 2 (root https://www.npmjs.com/package/object-assign))))"
      }, 
      {
        "value": "change"
      }
    ], 
    [
      {
        "value": "(instance (member addChangeListener (parameter 2 (root https://www.npmjs.com/package/object-assign))))"
      }, 
      {
        "value": "change"
      }
    ]
  ], 
  "columns": [
    "p", 
    "col1"
  ]
}