{
  "project": {
    "url": "https://lgtm.com/projects/g/freshdesk/marketplace-sample-apps", 
    "url-identifier": "g/freshdesk/marketplace-sample-apps", 
    "id": 1511154717259, 
    "name": "freshdesk/marketplace-sample-apps"
  }, 
  "data": [
    [
      {
        "value": "(return (root https://www.npmjs.com/package/socket.io))"
      }, 
      {
        "value": "connection"
      }
    ], 
    [
      {
        "value": "(return (root https://www.npmjs.com/package/socket.io-client))"
      }, 
      {
        "value": "disconnect"
      }
    ], 
    [
      {
        "value": "(return (root https://www.npmjs.com/package/socket.io-client))"
      }, 
      {
        "value": "incoming_call"
      }
    ], 
    [
      {
        "value": "(return (root https://www.npmjs.com/package/socket.io-client))"
      }, 
      {
        "value": "handle_call_status_change"
      }
    ], 
    [
      {
        "value": "(return (root https://www.npmjs.com/package/socket.io))"
      }, 
      {
        "value": "connection"
      }
    ], 
    [
      {
        "value": "(return (root https://www.npmjs.com/package/socket.io-client))"
      }, 
      {
        "value": "disconnect"
      }
    ], 
    [
      {
        "value": "(return (root https://www.npmjs.com/package/socket.io-client))"
      }, 
      {
        "value": "incoming_call"
      }
    ], 
    [
      {
        "value": "(return (root https://www.npmjs.com/package/socket.io-client))"
      }, 
      {
        "value": "handle_call_status_change"
      }
    ], 
    [
      {
        "value": "(parameter 0 (parameter 1 (member on (return (root https://www.npmjs.com/package/socket.io)))))"
      }, 
      {
        "value": "disconnect"
      }
    ], 
    [
      {
        "value": "(parameter 0 (parameter 1 (member on (return (root https://www.npmjs.com/package/socket.io)))))"
      }, 
      {
        "value": "disconnect"
      }
    ]
  ], 
  "columns": [
    "p", 
    "col1"
  ]
}