{
  "project": {
    "url": "https://lgtm.com/projects/g/faustbrian/foreman", 
    "url-identifier": "g/faustbrian/foreman", 
    "id": 1509405046272, 
    "name": "faustbrian/foreman"
  }, 
  "data": [
    [
      {
        "value": "(root https://www.npmjs.com/package/process)"
      }, 
      {
        "value": "unhandledRejection"
      }
    ], 
    [
      {
        "value": "(root https://www.npmjs.com/package/process)"
      }, 
      {
        "value": "unhandledRejection"
      }
    ]
  ], 
  "columns": [
    "p", 
    "col1"
  ]
}