{
  "project": {
    "url": "https://lgtm.com/projects/g/flyandi/mazda-custom-application-sdk", 
    "url-identifier": "g/flyandi/mazda-custom-application-sdk", 
    "id": 1802246351, 
    "name": "flyandi/mazda-custom-application-sdk"
  }, 
  "data": [
    [
      {
        "value": "(instance (member Server (root https://www.npmjs.com/package/ws)))"
      }, 
      {
        "value": "connection"
      }
    ], 
    [
      {
        "value": "(return (member Server (root https://www.npmjs.com/package/ws)))"
      }, 
      {
        "value": "connection"
      }
    ], 
    [
      {
        "value": "(instance (member Server (root https://www.npmjs.com/package/ws)))"
      }, 
      {
        "value": "connection"
      }
    ], 
    [
      {
        "value": "(return (member Server (root https://www.npmjs.com/package/ws)))"
      }, 
      {
        "value": "connection"
      }
    ]
  ], 
  "columns": [
    "p", 
    "col1"
  ]
}