{
  "project": {
    "url": "https://lgtm.com/projects/g/guardian/interactive-atom-paygap-calendar", 
    "url-identifier": "g/guardian/interactive-atom-paygap-calendar", 
    "id": 1506271906321, 
    "name": "guardian/interactive-atom-paygap-calendar"
  }, 
  "data": [
    [
      {
        "value": "(return (root https://www.npmjs.com/package/gulp-sass))"
      }, 
      {
        "value": "error"
      }
    ], 
    [
      {
        "value": "(return (member watch (root https://www.npmjs.com/package/gulp)))"
      }, 
      {
        "value": "change"
      }
    ], 
    [
      {
        "value": "(return (root https://www.npmjs.com/package/gulp-sass))"
      }, 
      {
        "value": "error"
      }
    ], 
    [
      {
        "value": "(return (member watch (root https://www.npmjs.com/package/gulp)))"
      }, 
      {
        "value": "change"
      }
    ], 
    [
      {
        "value": "(return (member pipe (return (member src (root https://www.npmjs.com/package/gulp)))))"
      }, 
      {
        "value": "end"
      }
    ], 
    [
      {
        "value": "(return (member pipe (return (member pipe (return (root https://www.npmjs.com/package/gulp-file))))))"
      }, 
      {
        "value": "end"
      }
    ], 
    [
      {
        "value": "(return (member pipe (return (member pipe (return (member src (root https://www.npmjs.com/package/gulp)))))))"
      }, 
      {
        "value": "error"
      }
    ], 
    [
      {
        "value": "(return (member pipe (return (member pipe (return (member src (root https://www.npmjs.com/package/gulp)))))))"
      }, 
      {
        "value": "end"
      }
    ], 
    [
      {
        "value": "(return (member pipe (return (member src (root https://www.npmjs.com/package/gulp)))))"
      }, 
      {
        "value": "end"
      }
    ], 
    [
      {
        "value": "(return (member pipe (return (member pipe (return (member default (root https://www.npmjs.com/package/gulp-file)))))))"
      }, 
      {
        "value": "end"
      }
    ], 
    [
      {
        "value": "(return (member y (return (member x (return (member swoopyDrag (root https://www.npmjs.com/package/d3-swoopy-drag)))))))"
      }, 
      {
        "value": "drag"
      }
    ], 
    [
      {
        "value": "(return (member pipe (return (member pipe (return (root https://www.npmjs.com/package/gulp-file))))))"
      }, 
      {
        "value": "end"
      }
    ], 
    [
      {
        "value": "(return (member pipe (return (member pipe (return (member pipe (return (member src (root https://www.npmjs.com/package/gulp)))))))))"
      }, 
      {
        "value": "end"
      }
    ], 
    [
      {
        "value": "(return (member pipe (return (member pipe (return (member src (root https://www.npmjs.com/package/gulp)))))))"
      }, 
      {
        "value": "error"
      }
    ], 
    [
      {
        "value": "(return (member pipe (return (member pipe (return (member src (root https://www.npmjs.com/package/gulp)))))))"
      }, 
      {
        "value": "end"
      }
    ], 
    [
      {
        "value": "(return (member pipe (return (member pipe (return (member default (root https://www.npmjs.com/package/gulp-file)))))))"
      }, 
      {
        "value": "end"
      }
    ], 
    [
      {
        "value": "(return (member classed (return (member style (return (member append (return (member select (root https://www.npmjs.com/package/d3)))))))))"
      }, 
      {
        "value": "click"
      }
    ], 
    [
      {
        "value": "(return (member y (return (member x (return (member swoopyDrag (root https://www.npmjs.com/package/d3-swoopy-drag)))))))"
      }, 
      {
        "value": "drag"
      }
    ]
  ], 
  "columns": [
    "p", 
    "col1"
  ]
}