{
  "project": {
    "url": "https://lgtm.com/projects/g/groupon/greenscreen", 
    "url-identifier": "g/groupon/greenscreen", 
    "id": 1511490488816, 
    "name": "groupon/greenscreen"
  }, 
  "data": [
    [
      {
        "value": "(return (root https://www.npmjs.com/package/socket.io-client))"
      }, 
      {
        "value": "connect"
      }
    ], 
    [
      {
        "value": "(return (root https://www.npmjs.com/package/socket.io-client))"
      }, 
      {
        "value": "connect"
      }
    ]
  ], 
  "columns": [
    "p", 
    "col1"
  ]
}