{
  "project": {
    "url": "https://lgtm.com/projects/g/guigaoliveira/backend-boilerplate", 
    "url-identifier": "g/guigaoliveira/backend-boilerplate", 
    "id": 1508814106480, 
    "name": "guigaoliveira/backend-boilerplate"
  }, 
  "data": [
    [
      {
        "value": "(instance (root https://www.npmjs.com/package/ioredis))"
      }, 
      {
        "value": "error"
      }
    ], 
    [
      {
        "value": "(instance (root https://www.npmjs.com/package/ioredis))"
      }, 
      {
        "value": "connect"
      }
    ], 
    [
      {
        "value": "(return (root https://www.npmjs.com/package/ioredis))"
      }, 
      {
        "value": "error"
      }
    ], 
    [
      {
        "value": "(return (root https://www.npmjs.com/package/ioredis))"
      }, 
      {
        "value": "connect"
      }
    ], 
    [
      {
        "value": "(instance (root https://www.npmjs.com/package/ioredis))"
      }, 
      {
        "value": "error"
      }
    ], 
    [
      {
        "value": "(instance (root https://www.npmjs.com/package/ioredis))"
      }, 
      {
        "value": "connect"
      }
    ], 
    [
      {
        "value": "(return (root https://www.npmjs.com/package/ioredis))"
      }, 
      {
        "value": "error"
      }
    ], 
    [
      {
        "value": "(return (root https://www.npmjs.com/package/ioredis))"
      }, 
      {
        "value": "connect"
      }
    ]
  ], 
  "columns": [
    "p", 
    "col1"
  ]
}