{
  "project": {
    "url": "https://lgtm.com/projects/g/gnosis/MultiSigWallet", 
    "url-identifier": "g/gnosis/MultiSigWallet", 
    "id": 1506695239340, 
    "name": "gnosis/MultiSigWallet"
  }, 
  "data": [
    [
      {
        "value": "(root https://www.npmjs.com/package/process)"
      }, 
      {
        "value": "unhandledRejection"
      }
    ], 
    [
      {
        "value": "(member app (root https://www.npmjs.com/package/electron))"
      }, 
      {
        "value": "ready"
      }
    ], 
    [
      {
        "value": "(member app (root https://www.npmjs.com/package/electron))"
      }, 
      {
        "value": "activate"
      }
    ], 
    [
      {
        "value": "(member app (root https://www.npmjs.com/package/electron))"
      }, 
      {
        "value": "window-all-closed"
      }
    ], 
    [
      {
        "value": "(instance (member BrowserWindow (root https://www.npmjs.com/package/electron)))"
      }, 
      {
        "value": "closed"
      }
    ], 
    [
      {
        "value": "(return (member BrowserWindow (root https://www.npmjs.com/package/electron)))"
      }, 
      {
        "value": "closed"
      }
    ], 
    [
      {
        "value": "(root https://www.npmjs.com/package/process)"
      }, 
      {
        "value": "unhandledRejection"
      }
    ], 
    [
      {
        "value": "(member webContents (instance (member BrowserWindow (root https://www.npmjs.com/package/electron))))"
      }, 
      {
        "value": "context-menu"
      }
    ], 
    [
      {
        "value": "(member webContents (return (member BrowserWindow (root https://www.npmjs.com/package/electron))))"
      }, 
      {
        "value": "context-menu"
      }
    ], 
    [
      {
        "value": "(member app (root https://www.npmjs.com/package/electron))"
      }, 
      {
        "value": "ready"
      }
    ], 
    [
      {
        "value": "(member app (root https://www.npmjs.com/package/electron))"
      }, 
      {
        "value": "activate"
      }
    ], 
    [
      {
        "value": "(member app (root https://www.npmjs.com/package/electron))"
      }, 
      {
        "value": "window-all-closed"
      }
    ], 
    [
      {
        "value": "(return (member listen (return (root https://www.npmjs.com/package/express))))"
      }, 
      {
        "value": "error"
      }
    ], 
    [
      {
        "value": "(instance (member BrowserWindow (root https://www.npmjs.com/package/electron)))"
      }, 
      {
        "value": "closed"
      }
    ], 
    [
      {
        "value": "(return (member BrowserWindow (root https://www.npmjs.com/package/electron)))"
      }, 
      {
        "value": "closed"
      }
    ], 
    [
      {
        "value": "(member webContents (instance (member BrowserWindow (root https://www.npmjs.com/package/electron))))"
      }, 
      {
        "value": "context-menu"
      }
    ], 
    [
      {
        "value": "(member webContents (return (member BrowserWindow (root https://www.npmjs.com/package/electron))))"
      }, 
      {
        "value": "context-menu"
      }
    ], 
    [
      {
        "value": "(return (member listen (return (root https://www.npmjs.com/package/express))))"
      }, 
      {
        "value": "error"
      }
    ], 
    [
      {
        "value": "(member webContents (parameter 0 (member popup (return (member buildFromTemplate (member Menu (root https://www.npmjs.com/package/electron)))))))"
      }, 
      {
        "value": "context-menu"
      }
    ], 
    [
      {
        "value": "(member webContents (parameter 0 (member popup (return (member buildFromTemplate (member Menu (root https://www.npmjs.com/package/electron)))))))"
      }, 
      {
        "value": "context-menu"
      }
    ]
  ], 
  "columns": [
    "p", 
    "col1"
  ]
}