{
  "project": {
    "url": "https://lgtm.com/projects/g/guardian/interactive-transfer-window-rumour-mill-scraper", 
    "url-identifier": "g/guardian/interactive-transfer-window-rumour-mill-scraper", 
    "id": 1506265966153, 
    "name": "guardian/interactive-transfer-window-rumour-mill-scraper"
  }, 
  "data": [
    [
      {
        "value": "(return (root https://www.npmjs.com/package/gulp-sass))"
      }, 
      {
        "value": "error"
      }
    ], 
    [
      {
        "value": "(return (member watch (root https://www.npmjs.com/package/gulp)))"
      }, 
      {
        "value": "change"
      }
    ], 
    [
      {
        "value": "(return (root https://www.npmjs.com/package/gulp-sass))"
      }, 
      {
        "value": "error"
      }
    ], 
    [
      {
        "value": "(return (member watch (root https://www.npmjs.com/package/gulp)))"
      }, 
      {
        "value": "change"
      }
    ], 
    [
      {
        "value": "(return (member pipe (return (member src (root https://www.npmjs.com/package/gulp)))))"
      }, 
      {
        "value": "end"
      }
    ], 
    [
      {
        "value": "(return (member pipe (return (member pipe (return (root https://www.npmjs.com/package/gulp-file))))))"
      }, 
      {
        "value": "end"
      }
    ], 
    [
      {
        "value": "(return (member pipe (return (member pipe (return (member src (root https://www.npmjs.com/package/gulp)))))))"
      }, 
      {
        "value": "error"
      }
    ], 
    [
      {
        "value": "(return (member pipe (return (member pipe (return (member src (root https://www.npmjs.com/package/gulp)))))))"
      }, 
      {
        "value": "end"
      }
    ], 
    [
      {
        "value": "(return (member pipe (return (member src (root https://www.npmjs.com/package/gulp)))))"
      }, 
      {
        "value": "end"
      }
    ], 
    [
      {
        "value": "(return (member pipe (return (member pipe (return (member default (root https://www.npmjs.com/package/gulp-file)))))))"
      }, 
      {
        "value": "end"
      }
    ], 
    [
      {
        "value": "(return (member pipe (return (member pipe (return (root https://www.npmjs.com/package/gulp-file))))))"
      }, 
      {
        "value": "end"
      }
    ], 
    [
      {
        "value": "(return (member pipe (return (member pipe (return (member pipe (return (member src (root https://www.npmjs.com/package/gulp)))))))))"
      }, 
      {
        "value": "end"
      }
    ], 
    [
      {
        "value": "(return (member pipe (return (member pipe (return (member src (root https://www.npmjs.com/package/gulp)))))))"
      }, 
      {
        "value": "error"
      }
    ], 
    [
      {
        "value": "(return (member pipe (return (member pipe (return (member src (root https://www.npmjs.com/package/gulp)))))))"
      }, 
      {
        "value": "end"
      }
    ], 
    [
      {
        "value": "(return (member pipe (return (member pipe (return (member default (root https://www.npmjs.com/package/gulp-file)))))))"
      }, 
      {
        "value": "end"
      }
    ]
  ], 
  "columns": [
    "p", 
    "col1"
  ]
}