{
  "project": {
    "url": "https://lgtm.com/projects/g/guybedford/es-module-shims", 
    "url-identifier": "g/guybedford/es-module-shims", 
    "id": 1511503826428, 
    "name": "guybedford/es-module-shims"
  }, 
  "data": [
    [
      {
        "value": "(return (member EventEmitter (root https://www.npmjs.com/package/events)))"
      }, 
      {
        "value": "change"
      }
    ], 
    [
      {
        "value": "(return (member call (member EventEmitter (root https://www.npmjs.com/package/events))))"
      }, 
      {
        "value": "change"
      }
    ], 
    [
      {
        "value": "(return (member EventEmitter (root https://www.npmjs.com/package/events)))"
      }, 
      {
        "value": "change"
      }
    ], 
    [
      {
        "value": "(return (member watch (return (member require (instance (root https://www.npmjs.com/package/module))))))"
      }, 
      {
        "value": "all"
      }
    ], 
    [
      {
        "value": "(return (member watch (return (member require (return (root https://www.npmjs.com/package/module))))))"
      }, 
      {
        "value": "all"
      }
    ], 
    [
      {
        "value": "(return (member call (member EventEmitter (root https://www.npmjs.com/package/events))))"
      }, 
      {
        "value": "change"
      }
    ], 
    [
      {
        "value": "(return (member watch (return (member require (instance (root https://www.npmjs.com/package/module))))))"
      }, 
      {
        "value": "all"
      }
    ], 
    [
      {
        "value": "(return (member watch (return (member require (return (root https://www.npmjs.com/package/module))))))"
      }, 
      {
        "value": "all"
      }
    ]
  ], 
  "columns": [
    "p", 
    "col1"
  ]
}