{
  "project": {
    "url": "https://lgtm.com/projects/g/hierynomus/sacon-building-immutability", 
    "url-identifier": "g/hierynomus/sacon-building-immutability", 
    "id": 1506597460055, 
    "name": "hierynomus/sacon-building-immutability"
  }, 
  "data": [
    [
      {
        "value": "(return (member createServer (root https://www.npmjs.com/package/http)))"
      }, 
      {
        "value": "error"
      }
    ], 
    [
      {
        "value": "(return (member createServer (root https://www.npmjs.com/package/http)))"
      }, 
      {
        "value": "listening"
      }
    ], 
    [
      {
        "value": "(return (member createServer (root https://www.npmjs.com/package/http)))"
      }, 
      {
        "value": "error"
      }
    ], 
    [
      {
        "value": "(return (member createServer (root https://www.npmjs.com/package/http)))"
      }, 
      {
        "value": "listening"
      }
    ]
  ], 
  "columns": [
    "p", 
    "col1"
  ]
}