{
  "project": {
    "url": "https://lgtm.com/projects/g/here-be/snapdragon-capture", 
    "url-identifier": "g/here-be/snapdragon-capture", 
    "id": 1511525019433, 
    "name": "here-be/snapdragon-capture"
  }, 
  "data": [
    [
      {
        "value": "(member parser (instance (root https://www.npmjs.com/package/snapdragon)))"
      }, 
      {
        "value": "token"
      }
    ], 
    [
      {
        "value": "(member parser (return (root https://www.npmjs.com/package/snapdragon)))"
      }, 
      {
        "value": "token"
      }
    ], 
    [
      {
        "value": "(member parser (instance (root https://www.npmjs.com/package/snapdragon)))"
      }, 
      {
        "value": "token"
      }
    ], 
    [
      {
        "value": "(member parser (return (root https://www.npmjs.com/package/snapdragon)))"
      }, 
      {
        "value": "token"
      }
    ]
  ], 
  "columns": [
    "p", 
    "col1"
  ]
}