{
  "project": {
    "url": "https://lgtm.com/projects/g/hapijs/bourne", 
    "url-identifier": "g/hapijs/bourne", 
    "id": 1511530244119, 
    "name": "hapijs/bourne"
  }, 
  "data": [
    [
      {
        "value": "(return (member add (return (member add (return (member add (instance (member Suite (root https://www.npmjs.com/package/benchmark)))))))))"
      }, 
      {
        "value": "complete"
      }
    ], 
    [
      {
        "value": "(return (member add (return (member add (return (member add (instance (member Suite (root https://www.npmjs.com/package/benchmark)))))))))"
      }, 
      {
        "value": "cycle"
      }
    ], 
    [
      {
        "value": "(return (member add (return (member add (return (member add (return (member Suite (root https://www.npmjs.com/package/benchmark)))))))))"
      }, 
      {
        "value": "complete"
      }
    ], 
    [
      {
        "value": "(return (member add (return (member add (return (member add (return (member Suite (root https://www.npmjs.com/package/benchmark)))))))))"
      }, 
      {
        "value": "cycle"
      }
    ]
  ], 
  "columns": [
    "p", 
    "col1"
  ]
}