{
  "project": {
    "url": "https://lgtm.com/projects/g/hanzoai/ecommerce", 
    "url-identifier": "g/hanzoai/ecommerce", 
    "id": 1511500350477, 
    "name": "hanzoai/ecommerce"
  }, 
  "data": [
    [
      {
        "value": "(return (member start (root https://www.npmjs.com/package/shop.js)))"
      }, 
      {
        "value": "ready"
      }
    ], 
    [
      {
        "value": "(return (member start (root https://www.npmjs.com/package/shop.js)))"
      }, 
      {
        "value": "submit-success"
      }
    ], 
    [
      {
        "value": "(return (member start (root https://www.npmjs.com/package/shop.js)))"
      }, 
      {
        "value": "ready"
      }
    ], 
    [
      {
        "value": "(return (member start (root https://www.npmjs.com/package/shop.js)))"
      }, 
      {
        "value": "submit-success"
      }
    ]
  ], 
  "columns": [
    "p", 
    "col1"
  ]
}