{
  "project": {
    "url": "https://lgtm.com/projects/g/h4tt/H4TT-2.1", 
    "url-identifier": "g/h4tt/H4TT-2.1", 
    "id": 1506608247738, 
    "name": "h4tt/H4TT-2.1"
  }, 
  "data": [
    [
      {
        "value": "(return (root https://www.npmjs.com/package/mail-notifier))"
      }, 
      {
        "value": "end"
      }
    ], 
    [
      {
        "value": "(return (root https://www.npmjs.com/package/mail-notifier))"
      }, 
      {
        "value": "mail"
      }
    ], 
    [
      {
        "value": "(return (root https://www.npmjs.com/package/mail-notifier))"
      }, 
      {
        "value": "end"
      }
    ], 
    [
      {
        "value": "(return (root https://www.npmjs.com/package/mail-notifier))"
      }, 
      {
        "value": "mail"
      }
    ], 
    [
      {
        "value": "(return (root https://www.npmjs.com/package/mail-notifier))"
      }, 
      {
        "value": "mail"
      }
    ]
  ], 
  "columns": [
    "p", 
    "col1"
  ]
}