{
  "project": {
    "url": "https://lgtm.com/projects/g/IonicaBizau/gm-tools", 
    "url-identifier": "g/IonicaBizau/gm-tools", 
    "id": 1506698338210, 
    "name": "IonicaBizau/gm-tools"
  }, 
  "data": [
    [
      {
        "value": "(instance (member PNG (root https://www.npmjs.com/package/pngjs)))"
      }, 
      {
        "value": "error"
      }
    ], 
    [
      {
        "value": "(instance (member PNG (root https://www.npmjs.com/package/pngjs)))"
      }, 
      {
        "value": "parsed"
      }
    ], 
    [
      {
        "value": "(return (member PNG (root https://www.npmjs.com/package/pngjs)))"
      }, 
      {
        "value": "error"
      }
    ], 
    [
      {
        "value": "(return (member PNG (root https://www.npmjs.com/package/pngjs)))"
      }, 
      {
        "value": "parsed"
      }
    ], 
    [
      {
        "value": "(instance (member PNG (root https://www.npmjs.com/package/pngjs)))"
      }, 
      {
        "value": "error"
      }
    ], 
    [
      {
        "value": "(instance (member PNG (root https://www.npmjs.com/package/pngjs)))"
      }, 
      {
        "value": "parsed"
      }
    ], 
    [
      {
        "value": "(return (member PNG (root https://www.npmjs.com/package/pngjs)))"
      }, 
      {
        "value": "error"
      }
    ], 
    [
      {
        "value": "(return (member PNG (root https://www.npmjs.com/package/pngjs)))"
      }, 
      {
        "value": "parsed"
      }
    ]
  ], 
  "columns": [
    "p", 
    "col1"
  ]
}