{
  "project": {
    "url": "https://lgtm.com/projects/g/itsthatguy/theme-itg-flat", 
    "url-identifier": "g/itsthatguy/theme-itg-flat", 
    "id": 103705936, 
    "name": "itsthatguy/theme-itg-flat"
  }, 
  "data": [
    [
      {
        "value": "(return (member createWriteStream (root https://www.npmjs.com/package/fs)))"
      }, 
      {
        "value": "close"
      }
    ], 
    [
      {
        "value": "(return (member createWriteStream (root https://www.npmjs.com/package/fs)))"
      }, 
      {
        "value": "open"
      }
    ], 
    [
      {
        "value": "(return (member createWriteStream (root https://www.npmjs.com/package/fs)))"
      }, 
      {
        "value": "close"
      }
    ], 
    [
      {
        "value": "(return (member createWriteStream (root https://www.npmjs.com/package/fs)))"
      }, 
      {
        "value": "open"
      }
    ]
  ], 
  "columns": [
    "p", 
    "col1"
  ]
}