{
  "project": {
    "url": "https://lgtm.com/projects/g/IgniteUI/igniteui-cli", 
    "url-identifier": "g/IgniteUI/igniteui-cli", 
    "id": 1511521178589, 
    "name": "IgniteUI/igniteui-cli"
  }, 
  "data": [
    [
      {
        "value": "(return (member exec (root https://www.npmjs.com/package/child_process)))"
      }, 
      {
        "value": "error"
      }
    ], 
    [
      {
        "value": "(return (member createWriteStream (root https://www.npmjs.com/package/fs)))"
      }, 
      {
        "value": "finish"
      }
    ], 
    [
      {
        "value": "(return (member request (root https://www.npmjs.com/package/https)))"
      }, 
      {
        "value": "error"
      }
    ], 
    [
      {
        "value": "(member stdout (return (member exec (root https://www.npmjs.com/package/child_process))))"
      }, 
      {
        "value": "data"
      }
    ], 
    [
      {
        "value": "(member stderr (return (member exec (root https://www.npmjs.com/package/child_process))))"
      }, 
      {
        "value": "data"
      }
    ], 
    [
      {
        "value": "(return (member exec (root https://www.npmjs.com/package/child_process)))"
      }, 
      {
        "value": "error"
      }
    ], 
    [
      {
        "value": "(return (member createWriteStream (root https://www.npmjs.com/package/fs)))"
      }, 
      {
        "value": "finish"
      }
    ], 
    [
      {
        "value": "(return (member request (root https://www.npmjs.com/package/https)))"
      }, 
      {
        "value": "error"
      }
    ], 
    [
      {
        "value": "(member stdout (return (member exec (root https://www.npmjs.com/package/child_process))))"
      }, 
      {
        "value": "data"
      }
    ], 
    [
      {
        "value": "(member stderr (return (member exec (root https://www.npmjs.com/package/child_process))))"
      }, 
      {
        "value": "data"
      }
    ], 
    [
      {
        "value": "(parameter 0 (member pipe (return (member pipe (return (member createReadStream (root https://www.npmjs.com/package/fs)))))))"
      }, 
      {
        "value": "finish"
      }
    ]
  ], 
  "columns": [
    "p", 
    "col1"
  ]
}