{
  "project": {
    "url": "https://lgtm.com/projects/g/ionic-team/ionic-app-base", 
    "url-identifier": "g/ionic-team/ionic-app-base", 
    "id": 123321639, 
    "name": "ionic-team/ionic-app-base"
  }, 
  "data": [
    [
      {
        "value": "(return (member pipe (return (member src (root https://www.npmjs.com/package/gulp)))))"
      }, 
      {
        "value": "error"
      }
    ], 
    [
      {
        "value": "(return (member pipe (return (member src (root https://www.npmjs.com/package/gulp)))))"
      }, 
      {
        "value": "error"
      }
    ]
  ], 
  "columns": [
    "p", 
    "col1"
  ]
}