{
  "project": {
    "url": "https://lgtm.com/projects/g/j2kun/svm-sequential-minimal-optimization", 
    "url-identifier": "g/j2kun/svm-sequential-minimal-optimization", 
    "id": 1506768707109, 
    "name": "j2kun/svm-sequential-minimal-optimization"
  }, 
  "data": [
    [
      {
        "value": "(return (member drag (root https://www.npmjs.com/package/d3)))"
      }, 
      {
        "value": "drag"
      }
    ], 
    [
      {
        "value": "(return (member drag (root https://www.npmjs.com/package/d3)))"
      }, 
      {
        "value": "drag"
      }
    ], 
    [
      {
        "value": "(return (member pipe (return (member bundle (return (member transform (return (root https://www.npmjs.com/package/browserify))))))))"
      }, 
      {
        "value": "error"
      }
    ], 
    [
      {
        "value": "(return (member pipe (return (member bundle (return (member transform (return (root https://www.npmjs.com/package/browserify))))))))"
      }, 
      {
        "value": "error"
      }
    ]
  ], 
  "columns": [
    "p", 
    "col1"
  ]
}