{
  "project": {
    "url": "https://lgtm.com/projects/g/jeremiak/airplane-mode", 
    "url-identifier": "g/jeremiak/airplane-mode", 
    "id": 1506688979151, 
    "name": "jeremiak/airplane-mode"
  }, 
  "data": [
    [
      {
        "value": "(return (member createReadStream (return (root https://www.npmjs.com/package/levelup))))"
      }, 
      {
        "value": "data"
      }
    ], 
    [
      {
        "value": "(return (member createReadStream (return (root https://www.npmjs.com/package/levelup))))"
      }, 
      {
        "value": "close"
      }
    ], 
    [
      {
        "value": "(return (member createReadStream (return (root https://www.npmjs.com/package/levelup))))"
      }, 
      {
        "value": "data"
      }
    ], 
    [
      {
        "value": "(return (member createReadStream (return (root https://www.npmjs.com/package/levelup))))"
      }, 
      {
        "value": "close"
      }
    ], 
    [
      {
        "value": "(return (member createReadStream (return (root https://www.npmjs.com/package/levelup))))"
      }, 
      {
        "value": "close"
      }
    ]
  ], 
  "columns": [
    "p", 
    "col1"
  ]
}