{
  "project": {
    "url": "https://lgtm.com/projects/g/janrain/Janrain-Sample-Code", 
    "url-identifier": "g/janrain/Janrain-Sample-Code", 
    "id": 1506739988255, 
    "name": "janrain/Janrain-Sample-Code"
  }, 
  "data": [
    [
      {
        "value": "(parameter 0 (parameter 1 (member request (root https://www.npmjs.com/package/https))))"
      }, 
      {
        "value": "data"
      }
    ], 
    [
      {
        "value": "(parameter 0 (parameter 1 (member request (root https://www.npmjs.com/package/https))))"
      }, 
      {
        "value": "end"
      }
    ], 
    [
      {
        "value": "(parameter 0 (parameter 1 (member request (root https://www.npmjs.com/package/https))))"
      }, 
      {
        "value": "data"
      }
    ], 
    [
      {
        "value": "(parameter 0 (parameter 1 (member request (root https://www.npmjs.com/package/https))))"
      }, 
      {
        "value": "end"
      }
    ]
  ], 
  "columns": [
    "p", 
    "col1"
  ]
}