{
  "project": {
    "url": "https://lgtm.com/projects/g/JedWatson/react-hammerjs", 
    "url-identifier": "g/JedWatson/react-hammerjs", 
    "id": 80127873, 
    "name": "JedWatson/react-hammerjs"
  }, 
  "data": [
    [
      {
        "value": "(return (member spawn (root https://www.npmjs.com/package/child_process)))"
      }, 
      {
        "value": "close"
      }
    ], 
    [
      {
        "value": "(return (member spawn (root https://www.npmjs.com/package/child_process)))"
      }, 
      {
        "value": "close"
      }
    ]
  ], 
  "columns": [
    "p", 
    "col1"
  ]
}