{
  "project": {
    "url": "https://lgtm.com/projects/g/juliangruber/browser-run", 
    "url-identifier": "g/juliangruber/browser-run", 
    "id": 103750532, 
    "name": "juliangruber/browser-run"
  }, 
  "data": [
    [
      {
        "value": "(return (root https://www.npmjs.com/package/duplexer))"
      }, 
      {
        "value": "data"
      }
    ], 
    [
      {
        "value": "(return (root https://www.npmjs.com/package/duplexer))"
      }, 
      {
        "value": "error"
      }
    ], 
    [
      {
        "value": "(return (root https://www.npmjs.com/package/duplexer))"
      }, 
      {
        "value": "exit"
      }
    ], 
    [
      {
        "value": "(parameter 0 (parameter 0 (member createServer (root https://www.npmjs.com/package/http))))"
      }, 
      {
        "value": "end"
      }
    ], 
    [
      {
        "value": "(member stdout (return (member spawn (root https://www.npmjs.com/package/child_process))))"
      }, 
      {
        "value": "data"
      }
    ], 
    [
      {
        "value": "(member stderr (return (member spawn (root https://www.npmjs.com/package/child_process))))"
      }, 
      {
        "value": "data"
      }
    ], 
    [
      {
        "value": "(return (root https://www.npmjs.com/package/duplexer))"
      }, 
      {
        "value": "data"
      }
    ], 
    [
      {
        "value": "(return (root https://www.npmjs.com/package/duplexer))"
      }, 
      {
        "value": "error"
      }
    ], 
    [
      {
        "value": "(return (root https://www.npmjs.com/package/duplexer))"
      }, 
      {
        "value": "exit"
      }
    ], 
    [
      {
        "value": "(parameter 0 (return (root https://www.npmjs.com/package/ecstatic)))"
      }, 
      {
        "value": "end"
      }
    ], 
    [
      {
        "value": "(parameter 0 (member mock (parameter 0 (root https://www.npmjs.com/package/xtend))))"
      }, 
      {
        "value": "end"
      }
    ], 
    [
      {
        "value": "(parameter 0 (parameter 0 (member createServer (root https://www.npmjs.com/package/http))))"
      }, 
      {
        "value": "end"
      }
    ], 
    [
      {
        "value": "(parameter 0 (member mock (parameter 0 (root https://www.npmjs.com/package/browser-run))))"
      }, 
      {
        "value": "end"
      }
    ], 
    [
      {
        "value": "(member stdout (return (member spawn (root https://www.npmjs.com/package/child_process))))"
      }, 
      {
        "value": "data"
      }
    ], 
    [
      {
        "value": "(member stderr (return (member spawn (root https://www.npmjs.com/package/child_process))))"
      }, 
      {
        "value": "data"
      }
    ]
  ], 
  "columns": [
    "p", 
    "col1"
  ]
}