{
  "project": {
    "url": "https://lgtm.com/projects/g/jdarling/hyjack", 
    "url-identifier": "g/jdarling/hyjack", 
    "id": 1511490409516, 
    "name": "jdarling/hyjack"
  }, 
  "data": [
    [
      {
        "value": "(root https://www.npmjs.com/package/cluster)"
      }, 
      {
        "value": "exit"
      }
    ], 
    [
      {
        "value": "(root https://www.npmjs.com/package/cluster)"
      }, 
      {
        "value": "listening"
      }
    ], 
    [
      {
        "value": "(return (member spawn (root https://www.npmjs.com/package/child_process)))"
      }, 
      {
        "value": "close"
      }
    ], 
    [
      {
        "value": "(root https://www.npmjs.com/package/cluster)"
      }, 
      {
        "value": "exit"
      }
    ], 
    [
      {
        "value": "(root https://www.npmjs.com/package/cluster)"
      }, 
      {
        "value": "listening"
      }
    ], 
    [
      {
        "value": "(instance (parameter 0 (member inherits (root https://www.npmjs.com/package/util))))"
      }, 
      {
        "value": "done"
      }
    ], 
    [
      {
        "value": "(instance (parameter 0 (member inherits (root https://www.npmjs.com/package/util))))"
      }, 
      {
        "value": "console::log"
      }
    ], 
    [
      {
        "value": "(instance (parameter 0 (member inherits (root https://www.npmjs.com/package/util))))"
      }, 
      {
        "value": "agent::free"
      }
    ], 
    [
      {
        "value": "(member stdout (return (member spawn (root https://www.npmjs.com/package/child_process))))"
      }, 
      {
        "value": "data"
      }
    ], 
    [
      {
        "value": "(member stderr (return (member spawn (root https://www.npmjs.com/package/child_process))))"
      }, 
      {
        "value": "data"
      }
    ], 
    [
      {
        "value": "(return (member spawn (root https://www.npmjs.com/package/child_process)))"
      }, 
      {
        "value": "close"
      }
    ], 
    [
      {
        "value": "(instance (parameter 0 (member inherits (root https://www.npmjs.com/package/util))))"
      }, 
      {
        "value": "done"
      }
    ], 
    [
      {
        "value": "(instance (parameter 0 (member inherits (root https://www.npmjs.com/package/util))))"
      }, 
      {
        "value": "console::log"
      }
    ], 
    [
      {
        "value": "(instance (parameter 0 (member inherits (root https://www.npmjs.com/package/util))))"
      }, 
      {
        "value": "agent::free"
      }
    ], 
    [
      {
        "value": "(parameter 0 (member apply (member EventEmitter (root https://www.npmjs.com/package/events))))"
      }, 
      {
        "value": "console::log"
      }
    ], 
    [
      {
        "value": "(member stdout (return (member spawn (root https://www.npmjs.com/package/child_process))))"
      }, 
      {
        "value": "data"
      }
    ], 
    [
      {
        "value": "(member stderr (return (member spawn (root https://www.npmjs.com/package/child_process))))"
      }, 
      {
        "value": "data"
      }
    ], 
    [
      {
        "value": "(parameter 0 (member apply (member log (parameter 0 (parameter 0 (member inherits (root https://www.npmjs.com/package/util)))))))"
      }, 
      {
        "value": "console::log"
      }
    ]
  ], 
  "columns": [
    "p", 
    "col1"
  ]
}