{
  "project": {
    "url": "https://lgtm.com/projects/g/jpillora/node-glob-all", 
    "url-identifier": "g/jpillora/node-glob-all", 
    "id": 1772325289, 
    "name": "jpillora/node-glob-all"
  }, 
  "data": [
    [
      {
        "value": "(instance (parameter 0 (member inherits (root https://www.npmjs.com/package/util))))"
      }, 
      {
        "value": "match"
      }
    ], 
    [
      {
        "value": "(instance (parameter 0 (member inherits (root https://www.npmjs.com/package/util))))"
      }, 
      {
        "value": "end"
      }
    ], 
    [
      {
        "value": "(return (parameter 3 (parameter 0 (member inherits (root https://www.npmjs.com/package/util)))))"
      }, 
      {
        "value": "match"
      }
    ], 
    [
      {
        "value": "(return (parameter 3 (parameter 0 (member inherits (root https://www.npmjs.com/package/util)))))"
      }, 
      {
        "value": "end"
      }
    ], 
    [
      {
        "value": "(instance (parameter 0 (member inherits (root https://www.npmjs.com/package/util))))"
      }, 
      {
        "value": "match"
      }
    ], 
    [
      {
        "value": "(instance (parameter 0 (member inherits (root https://www.npmjs.com/package/util))))"
      }, 
      {
        "value": "end"
      }
    ], 
    [
      {
        "value": "(return (parameter 3 (parameter 0 (member inherits (root https://www.npmjs.com/package/util)))))"
      }, 
      {
        "value": "match"
      }
    ], 
    [
      {
        "value": "(return (parameter 3 (parameter 0 (member inherits (root https://www.npmjs.com/package/util)))))"
      }, 
      {
        "value": "end"
      }
    ]
  ], 
  "columns": [
    "p", 
    "col1"
  ]
}