{
  "project": {
    "url": "https://lgtm.com/projects/g/jasonlong/mater", 
    "url-identifier": "g/jasonlong/mater", 
    "id": 1506706768921, 
    "name": "jasonlong/mater"
  }, 
  "data": [
    [
      {
        "value": "(instance (root https://www.npmjs.com/package/tiny-timer))"
      }, 
      {
        "value": "done"
      }
    ], 
    [
      {
        "value": "(instance (root https://www.npmjs.com/package/tiny-timer))"
      }, 
      {
        "value": "tick"
      }
    ], 
    [
      {
        "value": "(return (root https://www.npmjs.com/package/menubar))"
      }, 
      {
        "value": "ready"
      }
    ], 
    [
      {
        "value": "(return (root https://www.npmjs.com/package/menubar))"
      }, 
      {
        "value": "after-create-window"
      }
    ], 
    [
      {
        "value": "(return (root https://www.npmjs.com/package/tiny-timer))"
      }, 
      {
        "value": "done"
      }
    ], 
    [
      {
        "value": "(return (root https://www.npmjs.com/package/tiny-timer))"
      }, 
      {
        "value": "tick"
      }
    ], 
    [
      {
        "value": "(member tray (return (root https://www.npmjs.com/package/menubar)))"
      }, 
      {
        "value": "right-click"
      }
    ], 
    [
      {
        "value": "(instance (root https://www.npmjs.com/package/tiny-timer))"
      }, 
      {
        "value": "done"
      }
    ], 
    [
      {
        "value": "(instance (root https://www.npmjs.com/package/tiny-timer))"
      }, 
      {
        "value": "tick"
      }
    ], 
    [
      {
        "value": "(return (root https://www.npmjs.com/package/menubar))"
      }, 
      {
        "value": "ready"
      }
    ], 
    [
      {
        "value": "(return (root https://www.npmjs.com/package/menubar))"
      }, 
      {
        "value": "after-create-window"
      }
    ], 
    [
      {
        "value": "(return (root https://www.npmjs.com/package/tiny-timer))"
      }, 
      {
        "value": "done"
      }
    ], 
    [
      {
        "value": "(return (root https://www.npmjs.com/package/tiny-timer))"
      }, 
      {
        "value": "tick"
      }
    ], 
    [
      {
        "value": "(member tray (return (root https://www.npmjs.com/package/menubar)))"
      }, 
      {
        "value": "right-click"
      }
    ]
  ], 
  "columns": [
    "p", 
    "col1"
  ]
}