{
  "project": {
    "url": "https://lgtm.com/projects/g/KHC-ZhiHao/Nucleoid", 
    "url-identifier": "g/KHC-ZhiHao/Nucleoid", 
    "id": 1510527477548, 
    "name": "KHC-ZhiHao/Nucleoid"
  }, 
  "data": [
    [
      {
        "value": "(return (member create (root https://www.npmjs.com/package/domain)))"
      }, 
      {
        "value": "error"
      }
    ], 
    [
      {
        "value": "(return (member create (root https://www.npmjs.com/package/domain)))"
      }, 
      {
        "value": "error"
      }
    ]
  ], 
  "columns": [
    "p", 
    "col1"
  ]
}