{
  "project": {
    "url": "https://lgtm.com/projects/g/kristing40/game-time", 
    "url-identifier": "g/kristing40/game-time", 
    "id": 1505887876290, 
    "name": "kristing40/game-time"
  }, 
  "data": [
    [
      {
        "value": "(return (root https://www.npmjs.com/package/jquery))"
      }, 
      {
        "value": "click"
      }
    ], 
    [
      {
        "value": "(return (root https://www.npmjs.com/package/jquery))"
      }, 
      {
        "value": "click"
      }
    ]
  ], 
  "columns": [
    "p", 
    "col1"
  ]
}