{
  "project": {
    "url": "https://lgtm.com/projects/g/Konecty/Konecty", 
    "url-identifier": "g/Konecty/Konecty", 
    "id": 1506716117130, 
    "name": "Konecty/Konecty"
  }, 
  "data": [
    [
      {
        "value": "(return (member createInterface (root https://www.npmjs.com/package/readline)))"
      }, 
      {
        "value": "line"
      }
    ], 
    [
      {
        "value": "(return (member createInterface (root https://www.npmjs.com/package/readline)))"
      }, 
      {
        "value": "line"
      }
    ]
  ], 
  "columns": [
    "p", 
    "col1"
  ]
}