{
  "project": {
    "url": "https://lgtm.com/projects/g/kobezzza/Escaper", 
    "url-identifier": "g/kobezzza/Escaper", 
    "id": 1511521928361, 
    "name": "kobezzza/Escaper"
  }, 
  "data": [
    [
      {
        "value": "(return (member exec (return (member run (return (root https://www.npmjs.com/package/gulp-load-plugins))))))"
      }, 
      {
        "value": "error"
      }
    ], 
    [
      {
        "value": "(return (member pipe (return (member pipe (return (member src (root https://www.npmjs.com/package/gulp)))))))"
      }, 
      {
        "value": "error"
      }
    ], 
    [
      {
        "value": "(return (member exec (return (member run (return (root https://www.npmjs.com/package/gulp-load-plugins))))))"
      }, 
      {
        "value": "error"
      }
    ], 
    [
      {
        "value": "(return (member pipe (return (member pipe (return (member pipe (return (member src (root https://www.npmjs.com/package/gulp)))))))))"
      }, 
      {
        "value": "finish"
      }
    ], 
    [
      {
        "value": "(return (member pipe (return (member pipe (return (member src (root https://www.npmjs.com/package/gulp)))))))"
      }, 
      {
        "value": "error"
      }
    ]
  ], 
  "columns": [
    "p", 
    "col1"
  ]
}