{
  "project": {
    "url": "https://lgtm.com/projects/g/linguowei/myblog", 
    "url-identifier": "g/linguowei/myblog", 
    "id": 1510921222093, 
    "name": "linguowei/myblog"
  }, 
  "data": [
    [
      {
        "value": "(member codemirror (instance (root https://www.npmjs.com/package/simplemde)))"
      }, 
      {
        "value": "change"
      }
    ], 
    [
      {
        "value": "(member codemirror (return (root https://www.npmjs.com/package/simplemde)))"
      }, 
      {
        "value": "change"
      }
    ], 
    [
      {
        "value": "(member codemirror (instance (member default (root https://www.npmjs.com/package/simplemde))))"
      }, 
      {
        "value": "change"
      }
    ], 
    [
      {
        "value": "(member codemirror (return (member default (root https://www.npmjs.com/package/simplemde))))"
      }, 
      {
        "value": "change"
      }
    ], 
    [
      {
        "value": "(member codemirror (instance (root https://www.npmjs.com/package/simplemde)))"
      }, 
      {
        "value": "change"
      }
    ], 
    [
      {
        "value": "(member codemirror (return (root https://www.npmjs.com/package/simplemde)))"
      }, 
      {
        "value": "change"
      }
    ], 
    [
      {
        "value": "(member codemirror (instance (member default (root https://www.npmjs.com/package/simplemde))))"
      }, 
      {
        "value": "change"
      }
    ], 
    [
      {
        "value": "(member codemirror (return (member default (root https://www.npmjs.com/package/simplemde))))"
      }, 
      {
        "value": "change"
      }
    ]
  ], 
  "columns": [
    "p", 
    "col1"
  ]
}