{
  "project": {
    "url": "https://lgtm.com/projects/g/lmorchard/github-fork-tag", 
    "url-identifier": "g/lmorchard/github-fork-tag", 
    "id": 1506698187787, 
    "name": "lmorchard/github-fork-tag"
  }, 
  "data": [
    [
      {
        "value": "(return (member pipe (return (member src (root https://www.npmjs.com/package/gulp)))))"
      }, 
      {
        "value": "error"
      }
    ], 
    [
      {
        "value": "(return (member pipe (return (member src (root https://www.npmjs.com/package/gulp)))))"
      }, 
      {
        "value": "error"
      }
    ]
  ], 
  "columns": [
    "p", 
    "col1"
  ]
}