{
  "project": {
    "url": "https://lgtm.com/projects/g/lucasgmagalhaes/RoleOne-WebApp", 
    "url-identifier": "g/lucasgmagalhaes/RoleOne-WebApp", 
    "id": 1510156086107, 
    "name": "lucasgmagalhaes/RoleOne-WebApp"
  }, 
  "data": [
    [
      {
        "value": "(return (root https://www.npmjs.com/package/jquery))"
      }, 
      {
        "value": "click"
      }
    ], 
    [
      {
        "value": "(return (root https://www.npmjs.com/package/jquery))"
      }, 
      {
        "value": "click"
      }
    ]
  ], 
  "columns": [
    "p", 
    "col1"
  ]
}