{
  "project": {
    "url": "https://lgtm.com/projects/g/luk-/node-historian", 
    "url-identifier": "g/luk-/node-historian", 
    "id": 1511543037676, 
    "name": "luk-/node-historian"
  }, 
  "data": [
    [
      {
        "value": "(member stdin (root https://www.npmjs.com/package/process))"
      }, 
      {
        "value": "data"
      }
    ], 
    [
      {
        "value": "(return (member createReadStream (root https://www.npmjs.com/package/fs)))"
      }, 
      {
        "value": "data"
      }
    ], 
    [
      {
        "value": "(return (member createReadStream (root https://www.npmjs.com/package/fs)))"
      }, 
      {
        "value": "error"
      }
    ], 
    [
      {
        "value": "(return (member createReadStream (root https://www.npmjs.com/package/fs)))"
      }, 
      {
        "value": "end"
      }
    ], 
    [
      {
        "value": "(member stdin (root https://www.npmjs.com/package/process))"
      }, 
      {
        "value": "data"
      }
    ], 
    [
      {
        "value": "(return (member createReadStream (root https://www.npmjs.com/package/fs)))"
      }, 
      {
        "value": "data"
      }
    ], 
    [
      {
        "value": "(return (member createReadStream (root https://www.npmjs.com/package/fs)))"
      }, 
      {
        "value": "error"
      }
    ], 
    [
      {
        "value": "(return (member createReadStream (root https://www.npmjs.com/package/fs)))"
      }, 
      {
        "value": "end"
      }
    ]
  ], 
  "columns": [
    "p", 
    "col1"
  ]
}