{
  "project": {
    "url": "https://lgtm.com/projects/g/linkedin/datahub", 
    "url-identifier": "g/linkedin/datahub", 
    "id": 41170035, 
    "name": "linkedin/datahub"
  }, 
  "data": [
    [
      {
        "value": "(instance (member Network (root https://www.npmjs.com/package/vis)))"
      }, 
      {
        "value": "selectNode"
      }
    ], 
    [
      {
        "value": "(instance (member Network (root https://www.npmjs.com/package/vis)))"
      }, 
      {
        "value": "hoverNode"
      }
    ], 
    [
      {
        "value": "(instance (member Network (root https://www.npmjs.com/package/vis)))"
      }, 
      {
        "value": "blurNode"
      }
    ], 
    [
      {
        "value": "(return (member Network (root https://www.npmjs.com/package/vis)))"
      }, 
      {
        "value": "selectNode"
      }
    ], 
    [
      {
        "value": "(return (member Network (root https://www.npmjs.com/package/vis)))"
      }, 
      {
        "value": "hoverNode"
      }
    ], 
    [
      {
        "value": "(return (member Network (root https://www.npmjs.com/package/vis)))"
      }, 
      {
        "value": "blurNode"
      }
    ], 
    [
      {
        "value": "(instance (member Network (root https://www.npmjs.com/package/vis)))"
      }, 
      {
        "value": "selectNode"
      }
    ], 
    [
      {
        "value": "(instance (member Network (root https://www.npmjs.com/package/vis)))"
      }, 
      {
        "value": "hoverNode"
      }
    ], 
    [
      {
        "value": "(instance (member Network (root https://www.npmjs.com/package/vis)))"
      }, 
      {
        "value": "blurNode"
      }
    ], 
    [
      {
        "value": "(return (member Network (root https://www.npmjs.com/package/vis)))"
      }, 
      {
        "value": "selectNode"
      }
    ], 
    [
      {
        "value": "(return (member Network (root https://www.npmjs.com/package/vis)))"
      }, 
      {
        "value": "hoverNode"
      }
    ], 
    [
      {
        "value": "(return (member Network (root https://www.npmjs.com/package/vis)))"
      }, 
      {
        "value": "blurNode"
      }
    ]
  ], 
  "columns": [
    "p", 
    "col1"
  ]
}