{
  "project": {
    "url": "https://lgtm.com/projects/g/MacKentoch/react-native-beacons-manager", 
    "url-identifier": "g/MacKentoch/react-native-beacons-manager", 
    "id": 1507163066049, 
    "name": "MacKentoch/react-native-beacons-manager"
  }, 
  "data": [
    [
      {
        "value": "(member BeaconsEventEmitter (root https://www.npmjs.com/package/react-native-beacons-manager))"
      }, 
      {
        "value": "beaconServiceConnected"
      }
    ], 
    [
      {
        "value": "(member BeaconsEventEmitter (root https://www.npmjs.com/package/react-native-beacons-manager))"
      }, 
      {
        "value": "beaconsDidRange"
      }
    ], 
    [
      {
        "value": "(member BeaconsEventEmitter (root https://www.npmjs.com/package/react-native-beacons-manager))"
      }, 
      {
        "value": "regionDidEnter"
      }
    ], 
    [
      {
        "value": "(member BeaconsEventEmitter (root https://www.npmjs.com/package/react-native-beacons-manager))"
      }, 
      {
        "value": "regionDidExit"
      }
    ], 
    [
      {
        "value": "(member BeaconsEventEmitter (root https://www.npmjs.com/package/react-native-beacons-manager))"
      }, 
      {
        "value": "authorizationStatusDidChange"
      }
    ], 
    [
      {
        "value": "(member BeaconsEventEmitter (root https://www.npmjs.com/package/react-native-beacons-manager))"
      }, 
      {
        "value": "beaconServiceConnected"
      }
    ], 
    [
      {
        "value": "(member BeaconsEventEmitter (root https://www.npmjs.com/package/react-native-beacons-manager))"
      }, 
      {
        "value": "beaconsDidRange"
      }
    ], 
    [
      {
        "value": "(member BeaconsEventEmitter (root https://www.npmjs.com/package/react-native-beacons-manager))"
      }, 
      {
        "value": "regionDidEnter"
      }
    ], 
    [
      {
        "value": "(member BeaconsEventEmitter (root https://www.npmjs.com/package/react-native-beacons-manager))"
      }, 
      {
        "value": "regionDidExit"
      }
    ], 
    [
      {
        "value": "(member BeaconsEventEmitter (root https://www.npmjs.com/package/react-native-beacons-manager))"
      }, 
      {
        "value": "authorizationStatusDidChange"
      }
    ]
  ], 
  "columns": [
    "p", 
    "col1"
  ]
}