{
  "project": {
    "url": "https://lgtm.com/projects/g/microsoft/typescript-lit-html-plugin", 
    "url-identifier": "g/microsoft/typescript-lit-html-plugin", 
    "id": 1506264907693, 
    "name": "microsoft/typescript-lit-html-plugin"
  }, 
  "data": [
    [
      {
        "value": "(return (member fork (root https://www.npmjs.com/package/child_process)))"
      }, 
      {
        "value": "error"
      }
    ], 
    [
      {
        "value": "(return (member fork (root https://www.npmjs.com/package/child_process)))"
      }, 
      {
        "value": "exit"
      }
    ], 
    [
      {
        "value": "(return (member createInterface (root https://www.npmjs.com/package/readline)))"
      }, 
      {
        "value": "line"
      }
    ], 
    [
      {
        "value": "(return (member fork (root https://www.npmjs.com/package/child_process)))"
      }, 
      {
        "value": "error"
      }
    ], 
    [
      {
        "value": "(return (member fork (root https://www.npmjs.com/package/child_process)))"
      }, 
      {
        "value": "exit"
      }
    ], 
    [
      {
        "value": "(return (member createInterface (root https://www.npmjs.com/package/readline)))"
      }, 
      {
        "value": "line"
      }
    ]
  ], 
  "columns": [
    "p", 
    "col1"
  ]
}