{
  "project": {
    "url": "https://lgtm.com/projects/g/mmckegg/web-audio-school", 
    "url-identifier": "g/mmckegg/web-audio-school", 
    "id": 115943771, 
    "name": "mmckegg/web-audio-school"
  }, 
  "data": [
    [
      {
        "value": "(return (member edit (root https://www.npmjs.com/package/brace)))"
      }, 
      {
        "value": "blur"
      }
    ], 
    [
      {
        "value": "(return (member edit (root https://www.npmjs.com/package/brace)))"
      }, 
      {
        "value": "change"
      }
    ], 
    [
      {
        "value": "(return (member edit (root https://www.npmjs.com/package/brace)))"
      }, 
      {
        "value": "focus"
      }
    ], 
    [
      {
        "value": "(return (member edit (root https://www.npmjs.com/package/brace)))"
      }, 
      {
        "value": "blur"
      }
    ], 
    [
      {
        "value": "(return (member edit (root https://www.npmjs.com/package/brace)))"
      }, 
      {
        "value": "change"
      }
    ], 
    [
      {
        "value": "(return (member edit (root https://www.npmjs.com/package/brace)))"
      }, 
      {
        "value": "focus"
      }
    ]
  ], 
  "columns": [
    "p", 
    "col1"
  ]
}