{
  "project": {
    "url": "https://lgtm.com/projects/g/mwaylabs/mcap-log", 
    "url-identifier": "g/mwaylabs/mcap-log", 
    "id": 1773370973, 
    "name": "mwaylabs/mcap-log"
  }, 
  "data": [
    [
      {
        "value": "(return (member createLogger (root https://www.npmjs.com/package/bunyan)))"
      }, 
      {
        "value": "error"
      }
    ], 
    [
      {
        "value": "(return (member createLogger (root https://www.npmjs.com/package/bunyan)))"
      }, 
      {
        "value": "error"
      }
    ]
  ], 
  "columns": [
    "p", 
    "col1"
  ]
}