{
  "project": {
    "url": "https://lgtm.com/projects/g/manvalls/vz.yielded", 
    "url-identifier": "g/manvalls/vz.yielded", 
    "id": 1771061896, 
    "name": "manvalls/vz.yielded"
  }, 
  "data": [
    [
      {
        "value": "(instance (root https://www.npmjs.com/package/vz.yielded))"
      }, 
      {
        "value": "done"
      }
    ], 
    [
      {
        "value": "(return (member get (root https://www.npmjs.com/package/vz.yielded)))"
      }, 
      {
        "value": "done"
      }
    ], 
    [
      {
        "value": "(parameter 0 (member get (root https://www.npmjs.com/package/vz.yielded)))"
      }, 
      {
        "value": "done"
      }
    ], 
    [
      {
        "value": "(instance (root https://www.npmjs.com/package/vz.yielded))"
      }, 
      {
        "value": "done"
      }
    ], 
    [
      {
        "value": "(return (member get (root https://www.npmjs.com/package/vz.yielded)))"
      }, 
      {
        "value": "done"
      }
    ], 
    [
      {
        "value": "(parameter 0 (member get (root https://www.npmjs.com/package/vz.yielded)))"
      }, 
      {
        "value": "done"
      }
    ], 
    [
      {
        "value": "(parameter 2 (member on (instance (root https://www.npmjs.com/package/vz.yielded))))"
      }, 
      {
        "value": "consumed"
      }
    ], 
    [
      {
        "value": "(parameter 2 (member on (return (member get (root https://www.npmjs.com/package/vz.yielded)))))"
      }, 
      {
        "value": "consumed"
      }
    ], 
    [
      {
        "value": "(parameter 2 (member on (parameter 0 (member get (root https://www.npmjs.com/package/vz.yielded)))))"
      }, 
      {
        "value": "consumed"
      }
    ]
  ], 
  "columns": [
    "p", 
    "col1"
  ]
}