{
  "project": {
    "url": "https://lgtm.com/projects/g/microsoft/Mso", 
    "url-identifier": "g/microsoft/Mso", 
    "id": 1511787876036, 
    "name": "microsoft/Mso"
  }, 
  "data": [
    [
      {
        "value": "(return (member spawn (root https://www.npmjs.com/package/child_process)))"
      }, 
      {
        "value": "close"
      }
    ], 
    [
      {
        "value": "(return (member spawn (root https://www.npmjs.com/package/child_process)))"
      }, 
      {
        "value": "close"
      }
    ]
  ], 
  "columns": [
    "p", 
    "col1"
  ]
}