{
  "project": {
    "url": "https://lgtm.com/projects/g/minio/minio", 
    "url-identifier": "g/minio/minio", 
    "id": 1506521068993, 
    "name": "minio/minio"
  }, 
  "data": [
    [
      {
        "value": "(parameter 0 (member Base (member reporters (root https://www.npmjs.com/package/mocha))))"
      }, 
      {
        "value": "fail"
      }
    ], 
    [
      {
        "value": "(parameter 0 (member Base (member reporters (root https://www.npmjs.com/package/mocha))))"
      }, 
      {
        "value": "pass"
      }
    ], 
    [
      {
        "value": "(parameter 1 (member call (member Base (member reporters (root https://www.npmjs.com/package/mocha)))))"
      }, 
      {
        "value": "fail"
      }
    ], 
    [
      {
        "value": "(parameter 1 (member call (member Base (member reporters (root https://www.npmjs.com/package/mocha)))))"
      }, 
      {
        "value": "pass"
      }
    ]
  ], 
  "columns": [
    "p", 
    "col1"
  ]
}