{
  "project": {
    "url": "https://lgtm.com/projects/g/mcantelon/node-mingy", 
    "url-identifier": "g/mcantelon/node-mingy", 
    "id": 1774202143, 
    "name": "mcantelon/node-mingy"
  }, 
  "data": [
    [
      {
        "value": "(return (member openStdin (root https://www.npmjs.com/package/process)))"
      }, 
      {
        "value": "data"
      }
    ], 
    [
      {
        "value": "(return (member openStdin (root https://www.npmjs.com/package/process)))"
      }, 
      {
        "value": "end"
      }
    ], 
    [
      {
        "value": "(return (member createConnection (root https://www.npmjs.com/package/net)))"
      }, 
      {
        "value": "data"
      }
    ], 
    [
      {
        "value": "(parameter 0 (parameter 0 (member createServer (root https://www.npmjs.com/package/net))))"
      }, 
      {
        "value": "data"
      }
    ], 
    [
      {
        "value": "(parameter 0 (parameter 0 (member createServer (root https://www.npmjs.com/package/net))))"
      }, 
      {
        "value": "end"
      }
    ], 
    [
      {
        "value": "(return (member createConnection (root https://www.npmjs.com/package/net)))"
      }, 
      {
        "value": "data"
      }
    ], 
    [
      {
        "value": "(return (member openStdin (root https://www.npmjs.com/package/process)))"
      }, 
      {
        "value": "data"
      }
    ], 
    [
      {
        "value": "(return (member openStdin (root https://www.npmjs.com/package/process)))"
      }, 
      {
        "value": "end"
      }
    ], 
    [
      {
        "value": "(parameter 0 (parameter 0 (member createServer (root https://www.npmjs.com/package/net))))"
      }, 
      {
        "value": "data"
      }
    ], 
    [
      {
        "value": "(parameter 0 (parameter 0 (member createServer (root https://www.npmjs.com/package/net))))"
      }, 
      {
        "value": "end"
      }
    ]
  ], 
  "columns": [
    "p", 
    "col1"
  ]
}