{
  "project": {
    "url": "https://lgtm.com/projects/g/macku/jest-puppe-shots", 
    "url-identifier": "g/macku/jest-puppe-shots", 
    "id": 1511949547968, 
    "name": "macku/jest-puppe-shots"
  }, 
  "data": [
    [
      {
        "value": "(return (root https://www.npmjs.com/package/http-shutdown))"
      }, 
      {
        "value": "error"
      }
    ], 
    [
      {
        "value": "(return (root https://www.npmjs.com/package/http-shutdown))"
      }, 
      {
        "value": "listening"
      }
    ], 
    [
      {
        "value": "(return (root https://www.npmjs.com/package/http-shutdown))"
      }, 
      {
        "value": "error"
      }
    ], 
    [
      {
        "value": "(return (root https://www.npmjs.com/package/http-shutdown))"
      }, 
      {
        "value": "listening"
      }
    ]
  ], 
  "columns": [
    "p", 
    "col1"
  ]
}