{
  "project": {
    "url": "https://lgtm.com/projects/g/mayankmandloi/rick-and-morty", 
    "url-identifier": "g/mayankmandloi/rick-and-morty", 
    "id": 1511810501105, 
    "name": "mayankmandloi/rick-and-morty"
  }, 
  "data": [
    [
      {
        "value": "(root https://www.npmjs.com/package/process)"
      }, 
      {
        "value": "unhandledRejection"
      }
    ], 
    [
      {
        "value": "(root https://www.npmjs.com/package/process)"
      }, 
      {
        "value": "unhandledRejection"
      }
    ]
  ], 
  "columns": [
    "p", 
    "col1"
  ]
}