{
  "project": {
    "url": "https://lgtm.com/projects/g/mathisonian/martinet", 
    "url-identifier": "g/mathisonian/martinet", 
    "id": 126102570, 
    "name": "mathisonian/martinet"
  }, 
  "data": [
    [
      {
        "value": "(return (member socket (root https://www.npmjs.com/package/zmq)))"
      }, 
      {
        "value": "message"
      }
    ], 
    [
      {
        "value": "(instance (member Worker (root https://www.npmjs.com/package/martinet)))"
      }, 
      {
        "value": "add"
      }
    ], 
    [
      {
        "value": "(return (member Worker (root https://www.npmjs.com/package/martinet)))"
      }, 
      {
        "value": "add"
      }
    ], 
    [
      {
        "value": "(parameter 0 (root https://www.npmjs.com/package/expect.js))"
      }, 
      {
        "value": "add"
      }
    ], 
    [
      {
        "value": "(return (member socket (root https://www.npmjs.com/package/zmq)))"
      }, 
      {
        "value": "message"
      }
    ], 
    [
      {
        "value": "(instance (member Worker (root https://www.npmjs.com/package/martinet)))"
      }, 
      {
        "value": "add"
      }
    ], 
    [
      {
        "value": "(return (member Worker (root https://www.npmjs.com/package/martinet)))"
      }, 
      {
        "value": "add"
      }
    ], 
    [
      {
        "value": "(instance (member Worker (parameter 0 (member a (member be (member to (return (root https://www.npmjs.com/package/expect.js))))))))"
      }, 
      {
        "value": "add"
      }
    ], 
    [
      {
        "value": "(return (member Worker (parameter 0 (member a (member be (member to (return (root https://www.npmjs.com/package/expect.js))))))))"
      }, 
      {
        "value": "add"
      }
    ], 
    [
      {
        "value": "(instance (member Worker (parameter 0 (member a (member be (member to (return (root https://www.npmjs.com/package/expect.js))))))))"
      }, 
      {
        "value": "add"
      }
    ], 
    [
      {
        "value": "(return (member Worker (parameter 0 (member a (member be (member to (return (root https://www.npmjs.com/package/expect.js))))))))"
      }, 
      {
        "value": "add"
      }
    ]
  ], 
  "columns": [
    "p", 
    "col1"
  ]
}