{
  "project": {
    "url": "https://lgtm.com/projects/g/mojaloop/dfsp-api", 
    "url-identifier": "g/mojaloop/dfsp-api", 
    "id": 1506620676796, 
    "name": "mojaloop/dfsp-api"
  }, 
  "data": [
    [
      {
        "value": "(instance (member Socket (root https://www.npmjs.com/package/net)))"
      }, 
      {
        "value": "error"
      }
    ], 
    [
      {
        "value": "(instance (member Socket (root https://www.npmjs.com/package/net)))"
      }, 
      {
        "value": "close"
      }
    ], 
    [
      {
        "value": "(instance (member Socket (root https://www.npmjs.com/package/net)))"
      }, 
      {
        "value": "connect"
      }
    ], 
    [
      {
        "value": "(return (member Socket (root https://www.npmjs.com/package/net)))"
      }, 
      {
        "value": "error"
      }
    ], 
    [
      {
        "value": "(return (member Socket (root https://www.npmjs.com/package/net)))"
      }, 
      {
        "value": "close"
      }
    ], 
    [
      {
        "value": "(return (member Socket (root https://www.npmjs.com/package/net)))"
      }, 
      {
        "value": "connect"
      }
    ], 
    [
      {
        "value": "(instance (member Socket (root https://www.npmjs.com/package/net)))"
      }, 
      {
        "value": "error"
      }
    ], 
    [
      {
        "value": "(instance (member Socket (root https://www.npmjs.com/package/net)))"
      }, 
      {
        "value": "close"
      }
    ], 
    [
      {
        "value": "(instance (member Socket (root https://www.npmjs.com/package/net)))"
      }, 
      {
        "value": "connect"
      }
    ], 
    [
      {
        "value": "(return (member Socket (root https://www.npmjs.com/package/net)))"
      }, 
      {
        "value": "error"
      }
    ], 
    [
      {
        "value": "(return (member Socket (root https://www.npmjs.com/package/net)))"
      }, 
      {
        "value": "close"
      }
    ], 
    [
      {
        "value": "(return (member Socket (root https://www.npmjs.com/package/net)))"
      }, 
      {
        "value": "connect"
      }
    ]
  ], 
  "columns": [
    "p", 
    "col1"
  ]
}