{
  "project": {
    "url": "https://lgtm.com/projects/g/MikaAK/s3-plugin-webpack", 
    "url-identifier": "g/MikaAK/s3-plugin-webpack", 
    "id": 1798241604, 
    "name": "MikaAK/s3-plugin-webpack"
  }, 
  "data": [
    [
      {
        "value": "(parameter 0 (parameter 1 (member get (root https://www.npmjs.com/package/https))))"
      }, 
      {
        "value": "data"
      }
    ], 
    [
      {
        "value": "(parameter 0 (parameter 1 (member get (root https://www.npmjs.com/package/https))))"
      }, 
      {
        "value": "error"
      }
    ], 
    [
      {
        "value": "(parameter 0 (parameter 1 (member get (root https://www.npmjs.com/package/https))))"
      }, 
      {
        "value": "end"
      }
    ], 
    [
      {
        "value": "(parameter 0 (parameter 1 (member get (root https://www.npmjs.com/package/https))))"
      }, 
      {
        "value": "data"
      }
    ], 
    [
      {
        "value": "(parameter 0 (parameter 1 (member get (root https://www.npmjs.com/package/https))))"
      }, 
      {
        "value": "error"
      }
    ], 
    [
      {
        "value": "(parameter 0 (parameter 1 (member get (root https://www.npmjs.com/package/https))))"
      }, 
      {
        "value": "end"
      }
    ]
  ], 
  "columns": [
    "p", 
    "col1"
  ]
}