{
  "project": {
    "url": "https://lgtm.com/projects/g/mozilla/distribution-viewer", 
    "url-identifier": "g/mozilla/distribution-viewer", 
    "id": 1506488517466, 
    "name": "mozilla/distribution-viewer"
  }, 
  "data": [
    [
      {
        "value": "(return (member select (root https://www.npmjs.com/package/d3-selection)))"
      }, 
      {
        "value": "mousemove"
      }
    ], 
    [
      {
        "value": "(return (member select (root https://www.npmjs.com/package/d3-selection)))"
      }, 
      {
        "value": "mousemove"
      }
    ]
  ], 
  "columns": [
    "p", 
    "col1"
  ]
}