{
  "project": {
    "url": "https://lgtm.com/projects/g/mcasimir/mobile-angular-ui", 
    "url-identifier": "g/mcasimir/mobile-angular-ui", 
    "id": 104509664, 
    "name": "mcasimir/mobile-angular-ui"
  }, 
  "data": [
    [
      {
        "value": "(root https://www.npmjs.com/package/gulp)"
      }, 
      {
        "value": "error"
      }
    ], 
    [
      {
        "value": "(root https://www.npmjs.com/package/gulp)"
      }, 
      {
        "value": "error"
      }
    ]
  ], 
  "columns": [
    "p", 
    "col1"
  ]
}