{
  "project": {
    "url": "https://lgtm.com/projects/g/microsoft/ionic2-typescript-sidemenu", 
    "url-identifier": "g/microsoft/ionic2-typescript-sidemenu", 
    "id": 1506264437420, 
    "name": "microsoft/ionic2-typescript-sidemenu"
  }, 
  "data": [
    [
      {
        "value": "(return (root https://www.npmjs.com/package/ionic-gulp-browserify-typescript))"
      }, 
      {
        "value": "end"
      }
    ], 
    [
      {
        "value": "(return (root https://www.npmjs.com/package/ionic-gulp-browserify-typescript))"
      }, 
      {
        "value": "end"
      }
    ]
  ], 
  "columns": [
    "p", 
    "col1"
  ]
}