{
  "project": {
    "url": "https://lgtm.com/projects/g/nhn/tui.editor", 
    "url-identifier": "g/nhn/tui.editor", 
    "id": 1505961997199, 
    "name": "nhn/tui.editor"
  }, 
  "data": [
    [
      {
        "value": "(return (root https://www.npmjs.com/package/codemirror))"
      }, 
      {
        "value": "change"
      }
    ], 
    [
      {
        "value": "(return (member create (root https://www.npmjs.com/package/tui-color-picker)))"
      }, 
      {
        "value": "selectColor"
      }
    ], 
    [
      {
        "value": "(parameter 0 (parameter 2 (member defineOption (root https://www.npmjs.com/package/codemirror))))"
      }, 
      {
        "value": "blur"
      }
    ], 
    [
      {
        "value": "(parameter 0 (parameter 2 (member defineOption (root https://www.npmjs.com/package/codemirror))))"
      }, 
      {
        "value": "change"
      }
    ], 
    [
      {
        "value": "(parameter 0 (parameter 2 (member defineOption (root https://www.npmjs.com/package/codemirror))))"
      }, 
      {
        "value": "swapDoc"
      }
    ], 
    [
      {
        "value": "(return (root https://www.npmjs.com/package/codemirror))"
      }, 
      {
        "value": "change"
      }
    ], 
    [
      {
        "value": "(return (member create (root https://www.npmjs.com/package/tui-color-picker)))"
      }, 
      {
        "value": "selectColor"
      }
    ], 
    [
      {
        "value": "(parameter 0 (parameter 2 (member defineOption (root https://www.npmjs.com/package/codemirror))))"
      }, 
      {
        "value": "blur"
      }
    ], 
    [
      {
        "value": "(parameter 0 (parameter 2 (member defineOption (root https://www.npmjs.com/package/codemirror))))"
      }, 
      {
        "value": "change"
      }
    ], 
    [
      {
        "value": "(parameter 0 (parameter 2 (member defineOption (root https://www.npmjs.com/package/codemirror))))"
      }, 
      {
        "value": "swapDoc"
      }
    ]
  ], 
  "columns": [
    "p", 
    "col1"
  ]
}