{
  "project": {
    "url": "https://lgtm.com/projects/g/nori0428/mod_websocket", 
    "url-identifier": "g/nori0428/mod_websocket", 
    "id": 1506181706295, 
    "name": "nori0428/mod_websocket"
  }, 
  "data": [
    [
      {
        "value": "(return (member connect (root https://www.npmjs.com/package/socket.io-client)))"
      }, 
      {
        "value": "echo-back"
      }
    ], 
    [
      {
        "value": "(return (member connect (root https://www.npmjs.com/package/socket.io-client)))"
      }, 
      {
        "value": "echo-back"
      }
    ]
  ], 
  "columns": [
    "p", 
    "col1"
  ]
}