{
  "project": {
    "url": "https://lgtm.com/projects/g/nielsboogaard/filepond-plugin-media-preview", 
    "url-identifier": "g/nielsboogaard/filepond-plugin-media-preview", 
    "id": 1511512316793, 
    "name": "nielsboogaard/filepond-plugin-media-preview"
  }, 
  "data": [
    [
      {
        "value": "(member stdin (root https://www.npmjs.com/package/process))"
      }, 
      {
        "value": "data"
      }
    ], 
    [
      {
        "value": "(member stdin (root https://www.npmjs.com/package/process))"
      }, 
      {
        "value": "data"
      }
    ]
  ], 
  "columns": [
    "p", 
    "col1"
  ]
}