{
  "project": {
    "url": "https://lgtm.com/projects/g/netlify/netlify-cms-www", 
    "url-identifier": "g/netlify/netlify-cms-www", 
    "id": 1507566836415, 
    "name": "netlify/netlify-cms-www"
  }, 
  "data": [
    [
      {
        "value": "(return (member spawn (root https://www.npmjs.com/package/child_process)))"
      }, 
      {
        "value": "close"
      }
    ], 
    [
      {
        "value": "(return (member spawn (root https://www.npmjs.com/package/child_process)))"
      }, 
      {
        "value": "close"
      }
    ]
  ], 
  "columns": [
    "p", 
    "col1"
  ]
}