{
  "project": {
    "url": "https://lgtm.com/projects/g/niradler/react-rest-api-node", 
    "url-identifier": "g/niradler/react-rest-api-node", 
    "id": 1511815026200, 
    "name": "niradler/react-rest-api-node"
  }, 
  "data": [
    [
      {
        "value": "(root https://www.npmjs.com/package/process)"
      }, 
      {
        "value": "unhandledRejection"
      }
    ], 
    [
      {
        "value": "(root https://www.npmjs.com/package/process)"
      }, 
      {
        "value": "unhandledRejection"
      }
    ]
  ], 
  "columns": [
    "p", 
    "col1"
  ]
}