{
  "project": {
    "url": "https://lgtm.com/projects/g/pagopa/io-services-metadata", 
    "url-identifier": "g/pagopa/io-services-metadata", 
    "id": 1508799176429, 
    "name": "pagopa/io-services-metadata"
  }, 
  "data": [
    [
      {
        "value": "(return (member pipe (return (member pipe (return (root https://www.npmjs.com/package/request))))))"
      }, 
      {
        "value": "error"
      }
    ], 
    [
      {
        "value": "(return (member pipe (return (member pipe (return (root https://www.npmjs.com/package/request))))))"
      }, 
      {
        "value": "error"
      }
    ]
  ], 
  "columns": [
    "p", 
    "col1"
  ]
}