{
  "project": {
    "url": "https://lgtm.com/projects/g/pouchdb-community/ember-pouch", 
    "url-identifier": "g/pouchdb-community/ember-pouch", 
    "id": 81795852, 
    "name": "pouchdb-community/ember-pouch"
  }, 
  "data": [
    [
      {
        "value": "(member changes (instance (member _startChangesToStoreListener (parameter 0 (member extend (member RESTAdapter (root https://www.npmjs.com/package/ember-data)))))))"
      }, 
      {
        "value": "change"
      }
    ], 
    [
      {
        "value": "(member changes (instance (member changeDb (parameter 0 (member extend (member RESTAdapter (root https://www.npmjs.com/package/ember-data)))))))"
      }, 
      {
        "value": "change"
      }
    ], 
    [
      {
        "value": "(member changes (instance (member _startChangesToStoreListener (parameter 0 (member extend (member RESTAdapter (root https://www.npmjs.com/package/ember-data)))))))"
      }, 
      {
        "value": "change"
      }
    ], 
    [
      {
        "value": "(member changes (instance (member changeDb (parameter 0 (member extend (member RESTAdapter (root https://www.npmjs.com/package/ember-data)))))))"
      }, 
      {
        "value": "change"
      }
    ], 
    [
      {
        "value": "(return (member changes (return (member get (instance (member _startChangesToStoreListener (parameter 0 (member extend (member RESTAdapter (root https://www.npmjs.com/package/ember-data))))))))))"
      }, 
      {
        "value": "change"
      }
    ], 
    [
      {
        "value": "(return (member changes (return (member get (instance (member changeDb (parameter 0 (member extend (member RESTAdapter (root https://www.npmjs.com/package/ember-data))))))))))"
      }, 
      {
        "value": "change"
      }
    ]
  ], 
  "columns": [
    "p", 
    "col1"
  ]
}