{
  "project": {
    "url": "https://lgtm.com/projects/g/PiotrBerebecki/facebook-chat-bot", 
    "url-identifier": "g/PiotrBerebecki/facebook-chat-bot", 
    "id": 1506104006026, 
    "name": "PiotrBerebecki/facebook-chat-bot"
  }, 
  "data": [
    [
      {
        "value": "(return (root https://www.npmjs.com/package/socket.io))"
      }, 
      {
        "value": "connection"
      }
    ], 
    [
      {
        "value": "(return (root https://www.npmjs.com/package/socket.io-client))"
      }, 
      {
        "value": "response"
      }
    ], 
    [
      {
        "value": "(return (root https://www.npmjs.com/package/socket.io))"
      }, 
      {
        "value": "connection"
      }
    ], 
    [
      {
        "value": "(return (root https://www.npmjs.com/package/socket.io-client))"
      }, 
      {
        "value": "response"
      }
    ], 
    [
      {
        "value": "(parameter 0 (parameter 1 (member on (return (root https://www.npmjs.com/package/socket.io)))))"
      }, 
      {
        "value": "message"
      }
    ], 
    [
      {
        "value": "(parameter 0 (parameter 1 (member on (return (root https://www.npmjs.com/package/socket.io)))))"
      }, 
      {
        "value": "config"
      }
    ], 
    [
      {
        "value": "(parameter 0 (parameter 1 (member on (return (root https://www.npmjs.com/package/socket.io)))))"
      }, 
      {
        "value": "message"
      }
    ], 
    [
      {
        "value": "(parameter 0 (parameter 1 (member on (return (root https://www.npmjs.com/package/socket.io)))))"
      }, 
      {
        "value": "config"
      }
    ]
  ], 
  "columns": [
    "p", 
    "col1"
  ]
}