{
  "project": {
    "url": "https://lgtm.com/projects/g/patrickmarabeas/ng-FitText.js", 
    "url-identifier": "g/patrickmarabeas/ng-FitText.js", 
    "id": 120374884, 
    "name": "patrickmarabeas/ng-FitText.js"
  }, 
  "data": [
    [
      {
        "value": "(return (member src (root https://www.npmjs.com/package/gulp)))"
      }, 
      {
        "value": "data"
      }
    ], 
    [
      {
        "value": "(return (member src (root https://www.npmjs.com/package/gulp)))"
      }, 
      {
        "value": "data"
      }
    ]
  ], 
  "columns": [
    "p", 
    "col1"
  ]
}