{
  "project": {
    "url": "https://lgtm.com/projects/g/parro-it/electron-detach", 
    "url-identifier": "g/parro-it/electron-detach", 
    "id": 1793525156, 
    "name": "parro-it/electron-detach"
  }, 
  "data": [
    [
      {
        "value": "(member app (root https://www.npmjs.com/package/electron))"
      }, 
      {
        "value": "ready"
      }
    ], 
    [
      {
        "value": "(member app (root https://www.npmjs.com/package/electron))"
      }, 
      {
        "value": "ready"
      }
    ]
  ], 
  "columns": [
    "p", 
    "col1"
  ]
}