{
  "project": {
    "url": "https://lgtm.com/projects/g/pgilad/gulp-sitemap", 
    "url-identifier": "g/pgilad/gulp-sitemap", 
    "id": 1766693119, 
    "name": "pgilad/gulp-sitemap"
  }, 
  "data": [
    [
      {
        "value": "(return (member obj (root https://www.npmjs.com/package/through2)))"
      }, 
      {
        "value": "data"
      }
    ], 
    [
      {
        "value": "(return (member obj (root https://www.npmjs.com/package/through2)))"
      }, 
      {
        "value": "end"
      }
    ], 
    [
      {
        "value": "(return (member obj (root https://www.npmjs.com/package/through2)))"
      }, 
      {
        "value": "data"
      }
    ], 
    [
      {
        "value": "(return (member obj (root https://www.npmjs.com/package/through2)))"
      }, 
      {
        "value": "end"
      }
    ], 
    [
      {
        "value": "(parameter 0 (member pipe (return (member src (root https://www.npmjs.com/package/gulp)))))"
      }, 
      {
        "value": "data"
      }
    ], 
    [
      {
        "value": "(parameter 0 (member pipe (return (member src (root https://www.npmjs.com/package/gulp)))))"
      }, 
      {
        "value": "end"
      }
    ], 
    [
      {
        "value": "(return (member obj (root https://www.npmjs.com/package/through2)))"
      }, 
      {
        "value": "end"
      }
    ], 
    [
      {
        "value": "(parameter 0 (member pipe (return (member pipe (return (member src (root https://www.npmjs.com/package/gulp)))))))"
      }, 
      {
        "value": "data"
      }
    ], 
    [
      {
        "value": "(parameter 0 (member pipe (return (member pipe (return (member src (root https://www.npmjs.com/package/gulp)))))))"
      }, 
      {
        "value": "end"
      }
    ]
  ], 
  "columns": [
    "p", 
    "col1"
  ]
}