{
  "project": {
    "url": "https://lgtm.com/projects/g/palantir/gulp-bower-overrides", 
    "url-identifier": "g/palantir/gulp-bower-overrides", 
    "id": 1506608542222, 
    "name": "palantir/gulp-bower-overrides"
  }, 
  "data": [
    [
      {
        "value": "(return (member obj (root https://www.npmjs.com/package/through2-map)))"
      }, 
      {
        "value": "data"
      }
    ], 
    [
      {
        "value": "(return (member obj (root https://www.npmjs.com/package/through2-map)))"
      }, 
      {
        "value": "end"
      }
    ], 
    [
      {
        "value": "(return (member obj (root https://www.npmjs.com/package/through2-map)))"
      }, 
      {
        "value": "data"
      }
    ], 
    [
      {
        "value": "(return (member obj (root https://www.npmjs.com/package/through2-map)))"
      }, 
      {
        "value": "end"
      }
    ]
  ], 
  "columns": [
    "p", 
    "col1"
  ]
}