{
  "project": {
    "url": "https://lgtm.com/projects/g/qiu8310/require-resolve", 
    "url-identifier": "g/qiu8310/require-resolve", 
    "id": 1768870549, 
    "name": "qiu8310/require-resolve"
  }, 
  "data": [
    [
      {
        "value": "(return (member pipe (return (member pipe (return (member src (root https://www.npmjs.com/package/gulp)))))))"
      }, 
      {
        "value": "finish"
      }
    ], 
    [
      {
        "value": "(return (member pipe (return (member pipe (return (member pipe (return (member src (root https://www.npmjs.com/package/gulp)))))))))"
      }, 
      {
        "value": "finish"
      }
    ], 
    [
      {
        "value": "(return (member pipe (return (member pipe (return (member src (root https://www.npmjs.com/package/gulp)))))))"
      }, 
      {
        "value": "finish"
      }
    ]
  ], 
  "columns": [
    "p", 
    "col1"
  ]
}