{
  "project": {
    "url": "https://lgtm.com/projects/g/runk/redisq", 
    "url-identifier": "g/runk/redisq", 
    "id": 1795191036, 
    "name": "runk/redisq"
  }, 
  "data": [
    [
      {
        "value": "(return (member createClient (root https://www.npmjs.com/package/redis)))"
      }, 
      {
        "value": "error"
      }
    ], 
    [
      {
        "value": "(return (member createClient (root https://www.npmjs.com/package/redis)))"
      }, 
      {
        "value": "error"
      }
    ]
  ], 
  "columns": [
    "p", 
    "col1"
  ]
}