{
  "project": {
    "url": "https://lgtm.com/projects/g/robotastic/pi-led", 
    "url-identifier": "g/robotastic/pi-led", 
    "id": 1506593620014, 
    "name": "robotastic/pi-led"
  }, 
  "data": [
    [
      {
        "value": "(instance (member EventEmitter (root https://www.npmjs.com/package/events)))"
      }, 
      {
        "value": "end"
      }
    ], 
    [
      {
        "value": "(return (member EventEmitter (root https://www.npmjs.com/package/events)))"
      }, 
      {
        "value": "end"
      }
    ], 
    [
      {
        "value": "(root https://www.npmjs.com/package/pi-led)"
      }, 
      {
        "value": "end"
      }
    ], 
    [
      {
        "value": "(instance (member EventEmitter (root https://www.npmjs.com/package/events)))"
      }, 
      {
        "value": "end"
      }
    ], 
    [
      {
        "value": "(return (member EventEmitter (root https://www.npmjs.com/package/events)))"
      }, 
      {
        "value": "end"
      }
    ]
  ], 
  "columns": [
    "p", 
    "col1"
  ]
}