{
  "project": {
    "url": "https://lgtm.com/projects/g/Raynos/composite", 
    "url-identifier": "g/Raynos/composite", 
    "id": 1511513537413, 
    "name": "Raynos/composite"
  }, 
  "data": [
    [
      {
        "value": "(return (member create (root https://www.npmjs.com/package/domain)))"
      }, 
      {
        "value": "error"
      }
    ], 
    [
      {
        "value": "(return (member create (root https://www.npmjs.com/package/domain)))"
      }, 
      {
        "value": "error"
      }
    ]
  ], 
  "columns": [
    "p", 
    "col1"
  ]
}