{
  "project": {
    "url": "https://lgtm.com/projects/g/reptar/reptar", 
    "url-identifier": "g/reptar/reptar", 
    "id": 1798374742, 
    "name": "reptar/reptar"
  }, 
  "data": [
    [
      {
        "value": "(return (member watch (root https://www.npmjs.com/package/chokidar)))"
      }, 
      {
        "value": "change"
      }
    ], 
    [
      {
        "value": "(return (member createReadStream (root https://www.npmjs.com/package/fs)))"
      }, 
      {
        "value": "data"
      }
    ], 
    [
      {
        "value": "(return (member createReadStream (root https://www.npmjs.com/package/fs)))"
      }, 
      {
        "value": "error"
      }
    ], 
    [
      {
        "value": "(return (member createReadStream (root https://www.npmjs.com/package/fs)))"
      }, 
      {
        "value": "close"
      }
    ], 
    [
      {
        "value": "(return (member watch (root https://www.npmjs.com/package/chokidar)))"
      }, 
      {
        "value": "change"
      }
    ], 
    [
      {
        "value": "(return (member createReadStream (root https://www.npmjs.com/package/fs)))"
      }, 
      {
        "value": "data"
      }
    ], 
    [
      {
        "value": "(return (member createReadStream (root https://www.npmjs.com/package/fs)))"
      }, 
      {
        "value": "error"
      }
    ], 
    [
      {
        "value": "(return (member createReadStream (root https://www.npmjs.com/package/fs)))"
      }, 
      {
        "value": "close"
      }
    ], 
    [
      {
        "value": "(return (member createReadStream (root https://www.npmjs.com/package/fs)))"
      }, 
      {
        "value": "error"
      }
    ], 
    [
      {
        "value": "(return (member createReadStream (root https://www.npmjs.com/package/fs)))"
      }, 
      {
        "value": "close"
      }
    ], 
    [
      {
        "value": "(return (member createReadStream (root https://www.npmjs.com/package/fs)))"
      }, 
      {
        "value": "error"
      }
    ]
  ], 
  "columns": [
    "p", 
    "col1"
  ]
}