{
  "project": {
    "url": "https://lgtm.com/projects/g/rnplay/rnplay-web", 
    "url-identifier": "g/rnplay/rnplay-web", 
    "id": 1799070765, 
    "name": "rnplay/rnplay-web"
  }, 
  "data": [
    [
      {
        "value": "(return (member fromTextArea (root https://www.npmjs.com/package/codemirror)))"
      }, 
      {
        "value": "change"
      }
    ], 
    [
      {
        "value": "(return (member fromTextArea (root https://www.npmjs.com/package/codemirror)))"
      }, 
      {
        "value": "change"
      }
    ]
  ], 
  "columns": [
    "p", 
    "col1"
  ]
}