{
  "project": {
    "url": "https://lgtm.com/projects/g/rayokota/generator-angular-dropwizard", 
    "url-identifier": "g/rayokota/generator-angular-dropwizard", 
    "id": 1790930198, 
    "name": "rayokota/generator-angular-dropwizard"
  }, 
  "data": [
    [
      {
        "value": "(instance (root https://www.npmjs.com/package/generator-angular-dropwizard))"
      }, 
      {
        "value": "end"
      }
    ], 
    [
      {
        "value": "(instance (parameter 0 (member inherits (root https://www.npmjs.com/package/util))))"
      }, 
      {
        "value": "end"
      }
    ], 
    [
      {
        "value": "(instance (root https://www.npmjs.com/package/generator-angular-dropwizard))"
      }, 
      {
        "value": "end"
      }
    ], 
    [
      {
        "value": "(instance (parameter 0 (member inherits (root https://www.npmjs.com/package/util))))"
      }, 
      {
        "value": "end"
      }
    ], 
    [
      {
        "value": "(parameter 0 (member apply (member Base (member generators (root https://www.npmjs.com/package/yeoman-generator)))))"
      }, 
      {
        "value": "end"
      }
    ]
  ], 
  "columns": [
    "p", 
    "col1"
  ]
}