{
  "project": {
    "url": "https://lgtm.com/projects/g/realartists/shiphub-cocoa", 
    "url-identifier": "g/realartists/shiphub-cocoa", 
    "id": 1510828976887, 
    "name": "realartists/shiphub-cocoa"
  }, 
  "data": [
    [
      {
        "value": "(return (root https://www.npmjs.com/package/jquery))"
      }, 
      {
        "value": "blur.tt"
      }
    ], 
    [
      {
        "value": "(return (root https://www.npmjs.com/package/jquery))"
      }, 
      {
        "value": "mousedown.tt"
      }
    ], 
    [
      {
        "value": "(parameter 0 (parameter 2 (member defineOption (root https://www.npmjs.com/package/codemirror))))"
      }, 
      {
        "value": "blur"
      }
    ], 
    [
      {
        "value": "(parameter 0 (parameter 2 (member defineOption (root https://www.npmjs.com/package/codemirror))))"
      }, 
      {
        "value": "change"
      }
    ], 
    [
      {
        "value": "(parameter 0 (parameter 2 (member defineOption (root https://www.npmjs.com/package/codemirror))))"
      }, 
      {
        "value": "focus"
      }
    ], 
    [
      {
        "value": "(parameter 0 (parameter 2 (member defineOption (root https://www.npmjs.com/package/codemirror))))"
      }, 
      {
        "value": "contextmenu"
      }
    ], 
    [
      {
        "value": "(parameter 0 (parameter 2 (member defineOption (root https://www.npmjs.com/package/codemirror))))"
      }, 
      {
        "value": "cursorActivity"
      }
    ], 
    [
      {
        "value": "(return (root https://www.npmjs.com/package/jquery))"
      }, 
      {
        "value": "blur.tt"
      }
    ], 
    [
      {
        "value": "(return (root https://www.npmjs.com/package/jquery))"
      }, 
      {
        "value": "mousedown.tt"
      }
    ], 
    [
      {
        "value": "(parameter 0 (parameter 2 (member defineOption (root https://www.npmjs.com/package/codemirror))))"
      }, 
      {
        "value": "blur"
      }
    ], 
    [
      {
        "value": "(parameter 0 (parameter 2 (member defineOption (root https://www.npmjs.com/package/codemirror))))"
      }, 
      {
        "value": "change"
      }
    ], 
    [
      {
        "value": "(parameter 0 (parameter 2 (member defineOption (root https://www.npmjs.com/package/codemirror))))"
      }, 
      {
        "value": "focus"
      }
    ], 
    [
      {
        "value": "(parameter 0 (parameter 2 (member defineOption (root https://www.npmjs.com/package/codemirror))))"
      }, 
      {
        "value": "contextmenu"
      }
    ], 
    [
      {
        "value": "(parameter 0 (parameter 2 (member defineOption (root https://www.npmjs.com/package/codemirror))))"
      }, 
      {
        "value": "cursorActivity"
      }
    ]
  ], 
  "columns": [
    "p", 
    "col1"
  ]
}