{
  "project": {
    "url": "https://lgtm.com/projects/g/Raynos/browserify-server", 
    "url-identifier": "g/Raynos/browserify-server", 
    "id": 1511504210044, 
    "name": "Raynos/browserify-server"
  }, 
  "data": [
    [
      {
        "value": "(return (root https://www.npmjs.com/package/browserify))"
      }, 
      {
        "value": "syntaxError"
      }
    ], 
    [
      {
        "value": "(return (root https://www.npmjs.com/package/browserify))"
      }, 
      {
        "value": "syntaxError"
      }
    ]
  ], 
  "columns": [
    "p", 
    "col1"
  ]
}