{
  "project": {
    "url": "https://lgtm.com/projects/g/streamroot/clappr-p2phls-plugin", 
    "url-identifier": "g/streamroot/clappr-p2phls-plugin", 
    "id": 123611642, 
    "name": "streamroot/clappr-p2phls-plugin"
  }, 
  "data": [
    [
      {
        "value": "(return (root https://www.npmjs.com/package/rtc-bufferedchannel))"
      }, 
      {
        "value": "data"
      }
    ], 
    [
      {
        "value": "(return (member watch (root https://www.npmjs.com/package/gulp)))"
      }, 
      {
        "value": "change"
      }
    ], 
    [
      {
        "value": "(return (member createDataChannel (return (root https://www.npmjs.com/package/rtc-quickconnect))))"
      }, 
      {
        "value": "channel:opened"
      }
    ], 
    [
      {
        "value": "(return (member createDataChannel (return (root https://www.npmjs.com/package/rtc-quickconnect))))"
      }, 
      {
        "value": "channel:closed"
      }
    ], 
    [
      {
        "value": "(return (root https://www.npmjs.com/package/rtc-bufferedchannel))"
      }, 
      {
        "value": "data"
      }
    ], 
    [
      {
        "value": "(return (member watch (root https://www.npmjs.com/package/gulp)))"
      }, 
      {
        "value": "change"
      }
    ], 
    [
      {
        "value": "(return (member uploadDir (return (member createClient (root https://www.npmjs.com/package/s3)))))"
      }, 
      {
        "value": "error"
      }
    ], 
    [
      {
        "value": "(return (member uploadDir (return (member createClient (root https://www.npmjs.com/package/s3)))))"
      }, 
      {
        "value": "end"
      }
    ], 
    [
      {
        "value": "(return (member createDataChannel (return (root https://www.npmjs.com/package/rtc-quickconnect))))"
      }, 
      {
        "value": "channel:opened"
      }
    ], 
    [
      {
        "value": "(return (member createDataChannel (return (root https://www.npmjs.com/package/rtc-quickconnect))))"
      }, 
      {
        "value": "channel:closed"
      }
    ], 
    [
      {
        "value": "(return (member uploadDir (return (member createClient (root https://www.npmjs.com/package/s3)))))"
      }, 
      {
        "value": "error"
      }
    ], 
    [
      {
        "value": "(return (member uploadDir (return (member createClient (root https://www.npmjs.com/package/s3)))))"
      }, 
      {
        "value": "end"
      }
    ]
  ], 
  "columns": [
    "p", 
    "col1"
  ]
}