{
  "project": {
    "url": "https://lgtm.com/projects/g/siddharthkp/bundlesize", 
    "url-identifier": "g/siddharthkp/bundlesize", 
    "id": 1506466186211, 
    "name": "siddharthkp/bundlesize"
  }, 
  "data": [
    [
      {
        "value": "(root https://www.npmjs.com/package/process)"
      }, 
      {
        "value": "unhandledRejection"
      }
    ], 
    [
      {
        "value": "(root https://www.npmjs.com/package/process)"
      }, 
      {
        "value": "unhandledRejection"
      }
    ], 
    [
      {
        "value": "(return (member limitToLast (return (member ref (return (member database (root https://www.npmjs.com/package/firebase)))))))"
      }, 
      {
        "value": "value"
      }
    ], 
    [
      {
        "value": "(return (member limitToLast (return (member ref (return (member database (root https://www.npmjs.com/package/firebase)))))))"
      }, 
      {
        "value": "value"
      }
    ]
  ], 
  "columns": [
    "p", 
    "col1"
  ]
}