{
  "project": {
    "url": "https://lgtm.com/projects/g/Syed-Umair/electron-window-shortcut", 
    "url-identifier": "g/Syed-Umair/electron-window-shortcut", 
    "id": 1510389086302, 
    "name": "Syed-Umair/electron-window-shortcut"
  }, 
  "data": [
    [
      {
        "value": "(parameter 0 (member attachToWebContent (root https://www.npmjs.com/package/electron-window-shortcut)))"
      }, 
      {
        "value": "before-input-event"
      }
    ], 
    [
      {
        "value": "(parameter 0 (member attachToWebContent (root https://www.npmjs.com/package/electron-window-shortcut)))"
      }, 
      {
        "value": "before-input-event"
      }
    ]
  ], 
  "columns": [
    "p", 
    "col1"
  ]
}