{
  "project": {
    "url": "https://lgtm.com/projects/g/st-olaf/bridgelibrary-theme", 
    "url-identifier": "g/st-olaf/bridgelibrary-theme", 
    "id": 1510240876845, 
    "name": "st-olaf/bridgelibrary-theme"
  }, 
  "data": [
    [
      {
        "value": "(root https://www.npmjs.com/package/process)"
      }, 
      {
        "value": "unhandledRejection"
      }
    ], 
    [
      {
        "value": "(root https://www.npmjs.com/package/process)"
      }, 
      {
        "value": "unhandledRejection"
      }
    ]
  ], 
  "columns": [
    "p", 
    "col1"
  ]
}