{
  "project": {
    "url": "https://lgtm.com/projects/g/substack/cipherhub", 
    "url-identifier": "g/substack/cipherhub", 
    "id": 132479935, 
    "name": "substack/cipherhub"
  }, 
  "data": [
    [
      {
        "value": "(return (root https://www.npmjs.com/package/hyperquest))"
      }, 
      {
        "value": "error"
      }
    ], 
    [
      {
        "value": "(return (member encrypt (root https://www.npmjs.com/package/hybrid-rsa-stream)))"
      }, 
      {
        "value": "end"
      }
    ], 
    [
      {
        "value": "(return (root https://www.npmjs.com/package/hyperquest))"
      }, 
      {
        "value": "error"
      }
    ], 
    [
      {
        "value": "(return (member createReadStream (return (root https://www.npmjs.com/package/level))))"
      }, 
      {
        "value": "data"
      }
    ], 
    [
      {
        "value": "(return (member pipe (member stdin (root https://www.npmjs.com/package/process))))"
      }, 
      {
        "value": "error"
      }
    ], 
    [
      {
        "value": "(return (member encrypt (root https://www.npmjs.com/package/hybrid-rsa-stream)))"
      }, 
      {
        "value": "end"
      }
    ], 
    [
      {
        "value": "(parameter 0 (member pipe (member stdin (root https://www.npmjs.com/package/process))))"
      }, 
      {
        "value": "end"
      }
    ], 
    [
      {
        "value": "(return (member createReadStream (return (root https://www.npmjs.com/package/level))))"
      }, 
      {
        "value": "data"
      }
    ], 
    [
      {
        "value": "(return (member pipe (member stdin (root https://www.npmjs.com/package/process))))"
      }, 
      {
        "value": "error"
      }
    ]
  ], 
  "columns": [
    "p", 
    "col1"
  ]
}