{
  "project": {
    "url": "https://lgtm.com/projects/g/swimlane/ngx-dnd", 
    "url-identifier": "g/swimlane/ngx-dnd", 
    "id": 1510616691007, 
    "name": "swimlane/ngx-dnd"
  }, 
  "data": [
    [
      {
        "value": "(return (root https://www.npmjs.com/package/@swimlane/dragula))"
      }, 
      {
        "value": "remove"
      }
    ], 
    [
      {
        "value": "(return (root https://www.npmjs.com/package/@swimlane/dragula))"
      }, 
      {
        "value": "cancel"
      }
    ], 
    [
      {
        "value": "(return (root https://www.npmjs.com/package/@swimlane/dragula))"
      }, 
      {
        "value": "drag"
      }
    ], 
    [
      {
        "value": "(return (root https://www.npmjs.com/package/@swimlane/dragula))"
      }, 
      {
        "value": "drop"
      }
    ], 
    [
      {
        "value": "(return (root https://www.npmjs.com/package/@swimlane/dragula))"
      }, 
      {
        "value": "over"
      }
    ], 
    [
      {
        "value": "(return (root https://www.npmjs.com/package/@swimlane/dragula))"
      }, 
      {
        "value": "out"
      }
    ], 
    [
      {
        "value": "(return (root https://www.npmjs.com/package/@swimlane/dragula))"
      }, 
      {
        "value": "remove"
      }
    ], 
    [
      {
        "value": "(return (root https://www.npmjs.com/package/@swimlane/dragula))"
      }, 
      {
        "value": "cancel"
      }
    ], 
    [
      {
        "value": "(return (root https://www.npmjs.com/package/@swimlane/dragula))"
      }, 
      {
        "value": "drag"
      }
    ], 
    [
      {
        "value": "(return (root https://www.npmjs.com/package/@swimlane/dragula))"
      }, 
      {
        "value": "drop"
      }
    ], 
    [
      {
        "value": "(return (root https://www.npmjs.com/package/@swimlane/dragula))"
      }, 
      {
        "value": "over"
      }
    ], 
    [
      {
        "value": "(return (root https://www.npmjs.com/package/@swimlane/dragula))"
      }, 
      {
        "value": "out"
      }
    ]
  ], 
  "columns": [
    "p", 
    "col1"
  ]
}