{
  "project": {
    "url": "https://lgtm.com/projects/g/standard/standard-json", 
    "url-identifier": "g/standard/standard-json", 
    "id": 1509681246904, 
    "name": "standard/standard-json"
  }, 
  "data": [
    [
      {
        "value": "(member stdin (root https://www.npmjs.com/package/process))"
      }, 
      {
        "value": "error"
      }
    ], 
    [
      {
        "value": "(member stdout (root https://www.npmjs.com/package/process))"
      }, 
      {
        "value": "error"
      }
    ], 
    [
      {
        "value": "(member stdin (root https://www.npmjs.com/package/process))"
      }, 
      {
        "value": "error"
      }
    ], 
    [
      {
        "value": "(member stdout (root https://www.npmjs.com/package/process))"
      }, 
      {
        "value": "error"
      }
    ]
  ], 
  "columns": [
    "p", 
    "col1"
  ]
}