{
  "project": {
    "url": "https://lgtm.com/projects/g/sonnyp/JSON8", 
    "url-identifier": "g/sonnyp/JSON8", 
    "id": 1511513467935, 
    "name": "sonnyp/JSON8"
  }, 
  "data": [
    [
      {
        "value": "(return (member createReadStream (root https://www.npmjs.com/package/fs)))"
      }, 
      {
        "value": "end"
      }
    ], 
    [
      {
        "value": "(return (member pipe (return (member createReadStream (root https://www.npmjs.com/package/fs)))))"
      }, 
      {
        "value": "data"
      }
    ], 
    [
      {
        "value": "(return (member pipe (return (member createReadStream (root https://www.npmjs.com/package/fs)))))"
      }, 
      {
        "value": "end"
      }
    ], 
    [
      {
        "value": "(return (member createReadStream (root https://www.npmjs.com/package/fs)))"
      }, 
      {
        "value": "end"
      }
    ], 
    [
      {
        "value": "(return (member add (return (member add (instance (member Suite (root https://www.npmjs.com/package/benchmark)))))))"
      }, 
      {
        "value": "complete"
      }
    ], 
    [
      {
        "value": "(return (member add (return (member add (instance (member Suite (root https://www.npmjs.com/package/benchmark)))))))"
      }, 
      {
        "value": "cycle"
      }
    ], 
    [
      {
        "value": "(return (member add (return (member add (return (member Suite (root https://www.npmjs.com/package/benchmark)))))))"
      }, 
      {
        "value": "complete"
      }
    ], 
    [
      {
        "value": "(return (member add (return (member add (return (member Suite (root https://www.npmjs.com/package/benchmark)))))))"
      }, 
      {
        "value": "cycle"
      }
    ], 
    [
      {
        "value": "(return (member pipe (return (member createReadStream (root https://www.npmjs.com/package/fs)))))"
      }, 
      {
        "value": "data"
      }
    ], 
    [
      {
        "value": "(return (member pipe (return (member createReadStream (root https://www.npmjs.com/package/fs)))))"
      }, 
      {
        "value": "end"
      }
    ], 
    [
      {
        "value": "(return (member add (return (member add (instance (member Suite (root https://www.npmjs.com/package/benchmark)))))))"
      }, 
      {
        "value": "complete"
      }
    ], 
    [
      {
        "value": "(return (member add (return (member add (instance (member Suite (root https://www.npmjs.com/package/benchmark)))))))"
      }, 
      {
        "value": "cycle"
      }
    ], 
    [
      {
        "value": "(return (member add (return (member add (return (member Suite (root https://www.npmjs.com/package/benchmark)))))))"
      }, 
      {
        "value": "complete"
      }
    ], 
    [
      {
        "value": "(return (member add (return (member add (return (member Suite (root https://www.npmjs.com/package/benchmark)))))))"
      }, 
      {
        "value": "cycle"
      }
    ], 
    [
      {
        "value": "(return (member pipe (return (member createReadStream (root https://www.npmjs.com/package/fs)))))"
      }, 
      {
        "value": "end"
      }
    ]
  ], 
  "columns": [
    "p", 
    "col1"
  ]
}