{
  "project": {
    "url": "https://lgtm.com/projects/g/Syeoryn/textAnalysisSuite", 
    "url-identifier": "g/Syeoryn/textAnalysisSuite", 
    "id": 1769450824, 
    "name": "Syeoryn/textAnalysisSuite"
  }, 
  "data": [
    [
      {
        "value": "(member stdin (root https://www.npmjs.com/package/process))"
      }, 
      {
        "value": "data"
      }
    ], 
    [
      {
        "value": "(member stdin (root https://www.npmjs.com/package/process))"
      }, 
      {
        "value": "data"
      }
    ]
  ], 
  "columns": [
    "p", 
    "col1"
  ]
}