{
  "project": {
    "url": "https://lgtm.com/projects/g/sincraianul/generator-angular-material-fullstack", 
    "url-identifier": "g/sincraianul/generator-angular-material-fullstack", 
    "id": 1790691441, 
    "name": "sincraianul/generator-angular-material-fullstack"
  }, 
  "data": [
    [
      {
        "value": "(return (member exec (root https://www.npmjs.com/package/shelljs)))"
      }, 
      {
        "value": "exit"
      }
    ], 
    [
      {
        "value": "(return (member spawn (root https://www.npmjs.com/package/child_process)))"
      }, 
      {
        "value": "exit"
      }
    ], 
    [
      {
        "value": "(member stdout (return (member exec (root https://www.npmjs.com/package/shelljs))))"
      }, 
      {
        "value": "data"
      }
    ], 
    [
      {
        "value": "(member stdout (return (member exec (root https://www.npmjs.com/package/child_process))))"
      }, 
      {
        "value": "data"
      }
    ], 
    [
      {
        "value": "(member stdout (return (member spawn (root https://www.npmjs.com/package/child_process))))"
      }, 
      {
        "value": "data"
      }
    ], 
    [
      {
        "value": "(member stderr (return (member spawn (root https://www.npmjs.com/package/child_process))))"
      }, 
      {
        "value": "data"
      }
    ], 
    [
      {
        "value": "(return (member exec (root https://www.npmjs.com/package/shelljs)))"
      }, 
      {
        "value": "exit"
      }
    ], 
    [
      {
        "value": "(return (member spawn (root https://www.npmjs.com/package/child_process)))"
      }, 
      {
        "value": "exit"
      }
    ], 
    [
      {
        "value": "(member stdout (return (member exec (root https://www.npmjs.com/package/shelljs))))"
      }, 
      {
        "value": "data"
      }
    ], 
    [
      {
        "value": "(member stdout (return (member exec (root https://www.npmjs.com/package/child_process))))"
      }, 
      {
        "value": "data"
      }
    ], 
    [
      {
        "value": "(member stdout (return (member spawn (root https://www.npmjs.com/package/child_process))))"
      }, 
      {
        "value": "data"
      }
    ], 
    [
      {
        "value": "(member stderr (return (member spawn (root https://www.npmjs.com/package/child_process))))"
      }, 
      {
        "value": "data"
      }
    ]
  ], 
  "columns": [
    "p", 
    "col1"
  ]
}