{
  "project": {
    "url": "https://lgtm.com/projects/g/sql-js/sql.js", 
    "url-identifier": "g/sql-js/sql.js", 
    "id": 1511478510468, 
    "name": "sql-js/sql.js"
  }, 
  "data": [
    [
      {
        "value": "(root https://www.npmjs.com/package/process)"
      }, 
      {
        "value": "unhandledRejection"
      }
    ], 
    [
      {
        "value": "(root https://www.npmjs.com/package/process)"
      }, 
      {
        "value": "unhandledRejection"
      }
    ]
  ], 
  "columns": [
    "p", 
    "col1"
  ]
}