{
  "project": {
    "url": "https://lgtm.com/projects/g/shellscape/gulp-scan", 
    "url-identifier": "g/shellscape/gulp-scan", 
    "id": 1511499939140, 
    "name": "shellscape/gulp-scan"
  }, 
  "data": [
    [
      {
        "value": "(return (member obj (root https://www.npmjs.com/package/through2)))"
      }, 
      {
        "value": "data"
      }
    ], 
    [
      {
        "value": "(return (member obj (root https://www.npmjs.com/package/through2)))"
      }, 
      {
        "value": "end"
      }
    ], 
    [
      {
        "value": "(return (member obj (root https://www.npmjs.com/package/through2)))"
      }, 
      {
        "value": "data"
      }
    ], 
    [
      {
        "value": "(return (member obj (root https://www.npmjs.com/package/through2)))"
      }, 
      {
        "value": "end"
      }
    ]
  ], 
  "columns": [
    "p", 
    "col1"
  ]
}