{
  "project": {
    "url": "https://lgtm.com/projects/g/substack/block-stream2", 
    "url-identifier": "g/substack/block-stream2", 
    "id": 1774771254, 
    "name": "substack/block-stream2"
  }, 
  "data": [
    [
      {
        "value": "(parameter 0 (member pipe (return (member createReadStream (root https://www.npmjs.com/package/fs)))))"
      }, 
      {
        "value": "data"
      }
    ], 
    [
      {
        "value": "(parameter 0 (member pipe (return (member createReadStream (root https://www.npmjs.com/package/fs)))))"
      }, 
      {
        "value": "end"
      }
    ]
  ], 
  "columns": [
    "p", 
    "col1"
  ]
}