{
  "project": {
    "url": "https://lgtm.com/projects/g/substance/dot", 
    "url-identifier": "g/substance/dot", 
    "id": 1506752068485, 
    "name": "substance/dot"
  }, 
  "data": [
    [
      {
        "value": "(member editorSession (instance (member User (root https://www.npmjs.com/package/substance-dot))))"
      }, 
      {
        "value": "commit"
      }
    ], 
    [
      {
        "value": "(member changeLog (instance (member User (root https://www.npmjs.com/package/substance-dot))))"
      }, 
      {
        "value": "update"
      }
    ], 
    [
      {
        "value": "(parameter 0 (member watchPullRequest (instance (member Master (root https://www.npmjs.com/package/substance-dot)))))"
      }, 
      {
        "value": "update"
      }
    ], 
    [
      {
        "value": "(member editorSession (instance (member User (root https://www.npmjs.com/package/substance-dot))))"
      }, 
      {
        "value": "commit"
      }
    ], 
    [
      {
        "value": "(member changeLog (instance (member User (root https://www.npmjs.com/package/substance-dot))))"
      }, 
      {
        "value": "update"
      }
    ], 
    [
      {
        "value": "(parameter 0 (member watchPullRequest (instance (member Master (root https://www.npmjs.com/package/substance-dot)))))"
      }, 
      {
        "value": "update"
      }
    ], 
    [
      {
        "value": "(parameter 0 (member push (member prs (instance (member Master (root https://www.npmjs.com/package/substance-dot))))))"
      }, 
      {
        "value": "update"
      }
    ]
  ], 
  "columns": [
    "p", 
    "col1"
  ]
}