{
  "project": {
    "url": "https://lgtm.com/projects/g/tigoe/BeginningNFC", 
    "url-identifier": "g/tigoe/BeginningNFC", 
    "id": 1506709541991, 
    "name": "tigoe/BeginningNFC"
  }, 
  "data": [
    [
      {
        "value": "(instance (member SerialPort (root https://www.npmjs.com/package/serialport)))"
      }, 
      {
        "value": "data"
      }
    ], 
    [
      {
        "value": "(return (member SerialPort (root https://www.npmjs.com/package/serialport)))"
      }, 
      {
        "value": "data"
      }
    ], 
    [
      {
        "value": "(return (member spawn (root https://www.npmjs.com/package/child_process)))"
      }, 
      {
        "value": "close"
      }
    ], 
    [
      {
        "value": "(return (member connect (root https://www.npmjs.com/package/socket.io-client)))"
      }, 
      {
        "value": "tagEvent"
      }
    ], 
    [
      {
        "value": "(member sockets (return (member listen (root https://www.npmjs.com/package/socket.io))))"
      }, 
      {
        "value": "connection"
      }
    ], 
    [
      {
        "value": "(member stdout (return (member spawn (root https://www.npmjs.com/package/child_process))))"
      }, 
      {
        "value": "data"
      }
    ], 
    [
      {
        "value": "(member stderr (return (member spawn (root https://www.npmjs.com/package/child_process))))"
      }, 
      {
        "value": "data"
      }
    ], 
    [
      {
        "value": "(instance (member SerialPort (root https://www.npmjs.com/package/serialport)))"
      }, 
      {
        "value": "data"
      }
    ], 
    [
      {
        "value": "(return (member SerialPort (root https://www.npmjs.com/package/serialport)))"
      }, 
      {
        "value": "data"
      }
    ], 
    [
      {
        "value": "(return (member spawn (root https://www.npmjs.com/package/child_process)))"
      }, 
      {
        "value": "close"
      }
    ], 
    [
      {
        "value": "(return (member connect (root https://www.npmjs.com/package/socket.io-client)))"
      }, 
      {
        "value": "tagEvent"
      }
    ], 
    [
      {
        "value": "(member sockets (return (member listen (root https://www.npmjs.com/package/socket.io))))"
      }, 
      {
        "value": "connection"
      }
    ], 
    [
      {
        "value": "(member stdout (return (member spawn (root https://www.npmjs.com/package/child_process))))"
      }, 
      {
        "value": "data"
      }
    ], 
    [
      {
        "value": "(member stderr (return (member spawn (root https://www.npmjs.com/package/child_process))))"
      }, 
      {
        "value": "data"
      }
    ], 
    [
      {
        "value": "(parameter 0 (parameter 1 (member on (member sockets (return (member listen (root https://www.npmjs.com/package/socket.io)))))))"
      }, 
      {
        "value": "disconnect"
      }
    ], 
    [
      {
        "value": "(parameter 0 (parameter 1 (member on (member sockets (return (member listen (root https://www.npmjs.com/package/socket.io)))))))"
      }, 
      {
        "value": "disconnect"
      }
    ]
  ], 
  "columns": [
    "p", 
    "col1"
  ]
}