{
  "project": {
    "url": "https://lgtm.com/projects/g/thanpolas/profy", 
    "url-identifier": "g/thanpolas/profy", 
    "id": 1510624579948, 
    "name": "thanpolas/profy"
  }, 
  "data": [
    [
      {
        "value": "(root https://www.npmjs.com/package/process)"
      }, 
      {
        "value": "uncaughtException"
      }
    ], 
    [
      {
        "value": "(root https://www.npmjs.com/package/process)"
      }, 
      {
        "value": "uncaughtException"
      }
    ]
  ], 
  "columns": [
    "p", 
    "col1"
  ]
}