{
  "project": {
    "url": "https://lgtm.com/projects/g/toddmotto/echo", 
    "url-identifier": "g/toddmotto/echo", 
    "id": 103935275, 
    "name": "toddmotto/echo"
  }, 
  "data": [
    [
      {
        "value": "(return (member pipe (return (member pipe (return (member src (root https://www.npmjs.com/package/gulp)))))))"
      }, 
      {
        "value": "error"
      }
    ], 
    [
      {
        "value": "(return (member pipe (return (member pipe (return (member src (root https://www.npmjs.com/package/gulp)))))))"
      }, 
      {
        "value": "error"
      }
    ]
  ], 
  "columns": [
    "p", 
    "col1"
  ]
}