{
  "project": {
    "url": "https://lgtm.com/projects/g/TylerShin/beyond.ts", 
    "url-identifier": "g/TylerShin/beyond.ts", 
    "id": 1507577926096, 
    "name": "TylerShin/beyond.ts"
  }, 
  "data": [
    [
      {
        "value": "(return (member uploadFile (return (member createClient (root https://www.npmjs.com/package/s3)))))"
      }, 
      {
        "value": "error"
      }
    ], 
    [
      {
        "value": "(return (member uploadFile (return (member createClient (root https://www.npmjs.com/package/s3)))))"
      }, 
      {
        "value": "progress"
      }
    ], 
    [
      {
        "value": "(return (member uploadFile (return (member createClient (root https://www.npmjs.com/package/s3)))))"
      }, 
      {
        "value": "end"
      }
    ], 
    [
      {
        "value": "(return (member uploadDir (return (member createClient (root https://www.npmjs.com/package/s3)))))"
      }, 
      {
        "value": "error"
      }
    ], 
    [
      {
        "value": "(return (member uploadDir (return (member createClient (root https://www.npmjs.com/package/s3)))))"
      }, 
      {
        "value": "progress"
      }
    ], 
    [
      {
        "value": "(return (member uploadDir (return (member createClient (root https://www.npmjs.com/package/s3)))))"
      }, 
      {
        "value": "end"
      }
    ], 
    [
      {
        "value": "(return (member uploadFile (return (member createClient (root https://www.npmjs.com/package/s3)))))"
      }, 
      {
        "value": "error"
      }
    ], 
    [
      {
        "value": "(return (member uploadFile (return (member createClient (root https://www.npmjs.com/package/s3)))))"
      }, 
      {
        "value": "progress"
      }
    ], 
    [
      {
        "value": "(return (member uploadFile (return (member createClient (root https://www.npmjs.com/package/s3)))))"
      }, 
      {
        "value": "end"
      }
    ], 
    [
      {
        "value": "(return (member uploadDir (return (member createClient (root https://www.npmjs.com/package/s3)))))"
      }, 
      {
        "value": "error"
      }
    ], 
    [
      {
        "value": "(return (member uploadDir (return (member createClient (root https://www.npmjs.com/package/s3)))))"
      }, 
      {
        "value": "progress"
      }
    ], 
    [
      {
        "value": "(return (member uploadDir (return (member createClient (root https://www.npmjs.com/package/s3)))))"
      }, 
      {
        "value": "end"
      }
    ]
  ], 
  "columns": [
    "p", 
    "col1"
  ]
}