{
  "project": {
    "url": "https://lgtm.com/projects/g/turf-junkyard/turf-destination", 
    "url-identifier": "g/turf-junkyard/turf-destination", 
    "id": 7850046, 
    "name": "turf-junkyard/turf-destination"
  }, 
  "data": [
    [
      {
        "value": "(return (member add (instance (member Suite (root https://www.npmjs.com/package/benchmark)))))"
      }, 
      {
        "value": "complete"
      }
    ], 
    [
      {
        "value": "(return (member add (instance (member Suite (root https://www.npmjs.com/package/benchmark)))))"
      }, 
      {
        "value": "cycle"
      }
    ], 
    [
      {
        "value": "(return (member add (return (member Suite (root https://www.npmjs.com/package/benchmark)))))"
      }, 
      {
        "value": "complete"
      }
    ], 
    [
      {
        "value": "(return (member add (return (member Suite (root https://www.npmjs.com/package/benchmark)))))"
      }, 
      {
        "value": "cycle"
      }
    ], 
    [
      {
        "value": "(return (member add (instance (member Suite (root https://www.npmjs.com/package/benchmark)))))"
      }, 
      {
        "value": "complete"
      }
    ], 
    [
      {
        "value": "(return (member add (instance (member Suite (root https://www.npmjs.com/package/benchmark)))))"
      }, 
      {
        "value": "cycle"
      }
    ], 
    [
      {
        "value": "(return (member add (return (member Suite (root https://www.npmjs.com/package/benchmark)))))"
      }, 
      {
        "value": "complete"
      }
    ], 
    [
      {
        "value": "(return (member add (return (member Suite (root https://www.npmjs.com/package/benchmark)))))"
      }, 
      {
        "value": "cycle"
      }
    ], 
    [
      {
        "value": "(return (member add (instance (member Suite (root https://www.npmjs.com/package/benchmark)))))"
      }, 
      {
        "value": "complete"
      }
    ], 
    [
      {
        "value": "(return (member add (return (member Suite (root https://www.npmjs.com/package/benchmark)))))"
      }, 
      {
        "value": "complete"
      }
    ]
  ], 
  "columns": [
    "p", 
    "col1"
  ]
}