{
  "project": {
    "url": "https://lgtm.com/projects/g/tblobaum/redis-stream", 
    "url-identifier": "g/tblobaum/redis-stream", 
    "id": 112955544, 
    "name": "tblobaum/redis-stream"
  }, 
  "data": [
    [
      {
        "value": "(return (member pipe (root https://www.npmjs.com/package/event-stream)))"
      }, 
      {
        "value": "data"
      }
    ], 
    [
      {
        "value": "(return (member pipe (root https://www.npmjs.com/package/event-stream)))"
      }, 
      {
        "value": "end"
      }
    ], 
    [
      {
        "value": "(return (member pipe (root https://www.npmjs.com/package/event-stream)))"
      }, 
      {
        "value": "close"
      }
    ], 
    [
      {
        "value": "(return (member pipe (member es (root https://www.npmjs.com/package/redis-stream))))"
      }, 
      {
        "value": "data"
      }
    ], 
    [
      {
        "value": "(return (member pipe (member es (root https://www.npmjs.com/package/redis-stream))))"
      }, 
      {
        "value": "end"
      }
    ], 
    [
      {
        "value": "(return (member pipe (member es (root https://www.npmjs.com/package/redis-stream))))"
      }, 
      {
        "value": "close"
      }
    ], 
    [
      {
        "value": "(return (member pipe (root https://www.npmjs.com/package/event-stream)))"
      }, 
      {
        "value": "data"
      }
    ], 
    [
      {
        "value": "(return (member pipe (root https://www.npmjs.com/package/event-stream)))"
      }, 
      {
        "value": "end"
      }
    ], 
    [
      {
        "value": "(return (member pipe (root https://www.npmjs.com/package/event-stream)))"
      }, 
      {
        "value": "close"
      }
    ], 
    [
      {
        "value": "(return (member pipe (member es (root https://www.npmjs.com/package/redis-stream))))"
      }, 
      {
        "value": "data"
      }
    ], 
    [
      {
        "value": "(return (member pipe (member es (root https://www.npmjs.com/package/redis-stream))))"
      }, 
      {
        "value": "end"
      }
    ], 
    [
      {
        "value": "(return (member pipe (member es (root https://www.npmjs.com/package/redis-stream))))"
      }, 
      {
        "value": "close"
      }
    ]
  ], 
  "columns": [
    "p", 
    "col1"
  ]
}