{
  "project": {
    "url": "https://lgtm.com/projects/g/thibaudcolas/talks", 
    "url-identifier": "g/thibaudcolas/talks", 
    "id": 1510517356788, 
    "name": "thibaudcolas/talks"
  }, 
  "data": [
    [
      {
        "value": "(return (member pipe (return (root https://www.npmjs.com/package/request))))"
      }, 
      {
        "value": "format"
      }
    ], 
    [
      {
        "value": "(return (member pipe (return (member createReadStream (root https://www.npmjs.com/package/fs)))))"
      }, 
      {
        "value": "format"
      }
    ], 
    [
      {
        "value": "(return (member pipe (return (root https://www.npmjs.com/package/request))))"
      }, 
      {
        "value": "format"
      }
    ], 
    [
      {
        "value": "(return (member pipe (return (member createReadStream (root https://www.npmjs.com/package/fs)))))"
      }, 
      {
        "value": "format"
      }
    ]
  ], 
  "columns": [
    "p", 
    "col1"
  ]
}