{
  "project": {
    "url": "https://lgtm.com/projects/g/triestpa/Guttenberg-Search", 
    "url-identifier": "g/triestpa/Guttenberg-Search", 
    "id": 1506745686074, 
    "name": "triestpa/Guttenberg-Search"
  }, 
  "data": [
    [
      {
        "value": "(instance (root https://www.npmjs.com/package/koa))"
      }, 
      {
        "value": "error"
      }
    ], 
    [
      {
        "value": "(return (root https://www.npmjs.com/package/koa))"
      }, 
      {
        "value": "error"
      }
    ], 
    [
      {
        "value": "(instance (root https://www.npmjs.com/package/koa))"
      }, 
      {
        "value": "error"
      }
    ], 
    [
      {
        "value": "(return (root https://www.npmjs.com/package/koa))"
      }, 
      {
        "value": "error"
      }
    ]
  ], 
  "columns": [
    "p", 
    "col1"
  ]
}