{
  "project": {
    "url": "https://lgtm.com/projects/g/uktrade/invest-pir-api", 
    "url-identifier": "g/uktrade/invest-pir-api", 
    "id": 1508522426009, 
    "name": "uktrade/invest-pir-api"
  }, 
  "data": [
    [
      {
        "value": "(return (root https://www.npmjs.com/package/gulp-sass))"
      }, 
      {
        "value": "error"
      }
    ], 
    [
      {
        "value": "(return (root https://www.npmjs.com/package/gulp-sass))"
      }, 
      {
        "value": "error"
      }
    ]
  ], 
  "columns": [
    "p", 
    "col1"
  ]
}