{
  "project": {
    "url": "https://lgtm.com/projects/g/vuejs/vue-devtools", 
    "url-identifier": "g/vuejs/vue-devtools", 
    "id": 76992373, 
    "name": "vuejs/vue-devtools"
  }, 
  "data": [
    [
      {
        "value": "(member app (root https://www.npmjs.com/package/electron))"
      }, 
      {
        "value": "ready"
      }
    ], 
    [
      {
        "value": "(member app (root https://www.npmjs.com/package/electron))"
      }, 
      {
        "value": "window-all-closed"
      }
    ], 
    [
      {
        "value": "(member app (root https://www.npmjs.com/package/electron))"
      }, 
      {
        "value": "activate"
      }
    ], 
    [
      {
        "value": "(return (root https://www.npmjs.com/package/socket.io))"
      }, 
      {
        "value": "connection"
      }
    ], 
    [
      {
        "value": "(instance (member BrowserWindow (root https://www.npmjs.com/package/electron)))"
      }, 
      {
        "value": "closed"
      }
    ], 
    [
      {
        "value": "(return (member BrowserWindow (root https://www.npmjs.com/package/electron)))"
      }, 
      {
        "value": "closed"
      }
    ], 
    [
      {
        "value": "(member app (root https://www.npmjs.com/package/electron))"
      }, 
      {
        "value": "ready"
      }
    ], 
    [
      {
        "value": "(member app (root https://www.npmjs.com/package/electron))"
      }, 
      {
        "value": "window-all-closed"
      }
    ], 
    [
      {
        "value": "(member app (root https://www.npmjs.com/package/electron))"
      }, 
      {
        "value": "activate"
      }
    ], 
    [
      {
        "value": "(return (root https://www.npmjs.com/package/socket.io))"
      }, 
      {
        "value": "connection"
      }
    ], 
    [
      {
        "value": "(instance (member BrowserWindow (root https://www.npmjs.com/package/electron)))"
      }, 
      {
        "value": "closed"
      }
    ], 
    [
      {
        "value": "(return (member BrowserWindow (root https://www.npmjs.com/package/electron)))"
      }, 
      {
        "value": "closed"
      }
    ], 
    [
      {
        "value": "(parameter 0 (parameter 1 (member on (return (root https://www.npmjs.com/package/socket.io)))))"
      }, 
      {
        "value": "disconnect"
      }
    ], 
    [
      {
        "value": "(parameter 0 (parameter 1 (member on (return (root https://www.npmjs.com/package/socket.io)))))"
      }, 
      {
        "value": "vue-devtools-init"
      }
    ], 
    [
      {
        "value": "(parameter 0 (parameter 1 (member on (return (root https://www.npmjs.com/package/socket.io)))))"
      }, 
      {
        "value": "vue-message"
      }
    ], 
    [
      {
        "value": "(parameter 0 (parameter 1 (member on (return (root https://www.npmjs.com/package/socket.io)))))"
      }, 
      {
        "value": "disconnect"
      }
    ], 
    [
      {
        "value": "(parameter 0 (parameter 1 (member on (return (root https://www.npmjs.com/package/socket.io)))))"
      }, 
      {
        "value": "vue-devtools-init"
      }
    ], 
    [
      {
        "value": "(parameter 0 (parameter 1 (member on (return (root https://www.npmjs.com/package/socket.io)))))"
      }, 
      {
        "value": "vue-message"
      }
    ]
  ], 
  "columns": [
    "p", 
    "col1"
  ]
}