{
  "project": {
    "url": "https://lgtm.com/projects/g/vsn4ik/bootstrap-submenu", 
    "url-identifier": "g/vsn4ik/bootstrap-submenu", 
    "id": 115943758, 
    "name": "vsn4ik/bootstrap-submenu"
  }, 
  "data": [
    [
      {
        "value": "(return (parameter 0 (root https://www.npmjs.com/package/bootstrap-submenu)))"
      }, 
      {
        "value": "click"
      }
    ], 
    [
      {
        "value": "(return (parameter 0 (root https://www.npmjs.com/package/bootstrap-submenu)))"
      }, 
      {
        "value": "keydown"
      }
    ], 
    [
      {
        "value": "(return (parameter 0 (root https://www.npmjs.com/package/bootstrap-submenu)))"
      }, 
      {
        "value": "hidden.bs.dropdown"
      }
    ], 
    [
      {
        "value": "(return (parameter 0 (root https://www.npmjs.com/package/bootstrap-submenu)))"
      }, 
      {
        "value": "click"
      }
    ], 
    [
      {
        "value": "(return (parameter 0 (root https://www.npmjs.com/package/bootstrap-submenu)))"
      }, 
      {
        "value": "keydown"
      }
    ], 
    [
      {
        "value": "(return (parameter 0 (root https://www.npmjs.com/package/bootstrap-submenu)))"
      }, 
      {
        "value": "hidden.bs.dropdown"
      }
    ]
  ], 
  "columns": [
    "p", 
    "col1"
  ]
}