{
  "project": {
    "url": "https://lgtm.com/projects/g/vvo/azure-sb-queue-watcher", 
    "url-identifier": "g/vvo/azure-sb-queue-watcher", 
    "id": 1511507891620, 
    "name": "vvo/azure-sb-queue-watcher"
  }, 
  "data": [
    [
      {
        "value": "(return (root https://www.npmjs.com/package/queue))"
      }, 
      {
        "value": "error"
      }
    ], 
    [
      {
        "value": "(return (root https://www.npmjs.com/package/queue))"
      }, 
      {
        "value": "success"
      }
    ], 
    [
      {
        "value": "(return (root https://www.npmjs.com/package/queue))"
      }, 
      {
        "value": "timeout"
      }
    ], 
    [
      {
        "value": "(instance (parameter 0 (member inherits (root https://www.npmjs.com/package/util))))"
      }, 
      {
        "value": "message"
      }
    ], 
    [
      {
        "value": "(return (root https://www.npmjs.com/package/queue))"
      }, 
      {
        "value": "error"
      }
    ], 
    [
      {
        "value": "(return (root https://www.npmjs.com/package/queue))"
      }, 
      {
        "value": "success"
      }
    ], 
    [
      {
        "value": "(return (root https://www.npmjs.com/package/queue))"
      }, 
      {
        "value": "timeout"
      }
    ], 
    [
      {
        "value": "(member _queue (instance (parameter 0 (member inherits (root https://www.npmjs.com/package/util)))))"
      }, 
      {
        "value": "error"
      }
    ], 
    [
      {
        "value": "(member _queue (instance (parameter 0 (member inherits (root https://www.npmjs.com/package/util)))))"
      }, 
      {
        "value": "success"
      }
    ], 
    [
      {
        "value": "(member _queue (instance (parameter 0 (member inherits (root https://www.npmjs.com/package/util)))))"
      }, 
      {
        "value": "timeout"
      }
    ], 
    [
      {
        "value": "(instance (parameter 0 (member inherits (root https://www.npmjs.com/package/util))))"
      }, 
      {
        "value": "message"
      }
    ], 
    [
      {
        "value": "(member _queue (instance (parameter 0 (member inherits (root https://www.npmjs.com/package/util)))))"
      }, 
      {
        "value": "error"
      }
    ], 
    [
      {
        "value": "(member _queue (instance (parameter 0 (member inherits (root https://www.npmjs.com/package/util)))))"
      }, 
      {
        "value": "success"
      }
    ], 
    [
      {
        "value": "(member _queue (instance (parameter 0 (member inherits (root https://www.npmjs.com/package/util)))))"
      }, 
      {
        "value": "timeout"
      }
    ]
  ], 
  "columns": [
    "p", 
    "col1"
  ]
}