{
  "project": {
    "url": "https://lgtm.com/projects/g/victorlmneves/sass-single-page-website", 
    "url-identifier": "g/victorlmneves/sass-single-page-website", 
    "id": 1511123354763, 
    "name": "victorlmneves/sass-single-page-website"
  }, 
  "data": [
    [
      {
        "value": "(return (root https://www.npmjs.com/package/gulp-sass))"
      }, 
      {
        "value": "error"
      }
    ], 
    [
      {
        "value": "(return (root https://www.npmjs.com/package/gulp-sass))"
      }, 
      {
        "value": "error"
      }
    ]
  ], 
  "columns": [
    "p", 
    "col1"
  ]
}