{
  "project": {
    "url": "https://lgtm.com/projects/g/vinhjaxt/kma_ids", 
    "url-identifier": "g/vinhjaxt/kma_ids", 
    "id": 1509628996056, 
    "name": "vinhjaxt/kma_ids"
  }, 
  "data": [
    [
      {
        "value": "(root https://www.npmjs.com/package/process)"
      }, 
      {
        "value": "uncaughtException"
      }
    ], 
    [
      {
        "value": "(root https://www.npmjs.com/package/process)"
      }, 
      {
        "value": "uncaughtException"
      }
    ]
  ], 
  "columns": [
    "p", 
    "col1"
  ]
}