{
  "project": {
    "url": "https://lgtm.com/projects/g/wilson428/node-ipums", 
    "url-identifier": "g/wilson428/node-ipums", 
    "id": 1506718606059, 
    "name": "wilson428/node-ipums"
  }, 
  "data": [
    [
      {
        "value": "(return (member createInterface (root https://www.npmjs.com/package/readline)))"
      }, 
      {
        "value": "close"
      }
    ], 
    [
      {
        "value": "(return (member createInterface (root https://www.npmjs.com/package/readline)))"
      }, 
      {
        "value": "line"
      }
    ], 
    [
      {
        "value": "(return (member createInterface (root https://www.npmjs.com/package/readline)))"
      }, 
      {
        "value": "close"
      }
    ], 
    [
      {
        "value": "(return (member createInterface (root https://www.npmjs.com/package/readline)))"
      }, 
      {
        "value": "line"
      }
    ]
  ], 
  "columns": [
    "p", 
    "col1"
  ]
}