{
  "project": {
    "url": "https://lgtm.com/projects/g/wbruno/boas-praticas-js", 
    "url-identifier": "g/wbruno/boas-praticas-js", 
    "id": 1799090579, 
    "name": "wbruno/boas-praticas-js"
  }, 
  "data": [
    [
      {
        "value": "(parameter 0 (parameter 1 (member get (root https://www.npmjs.com/package/http))))"
      }, 
      {
        "value": "data"
      }
    ], 
    [
      {
        "value": "(parameter 0 (parameter 1 (member get (root https://www.npmjs.com/package/http))))"
      }, 
      {
        "value": "error"
      }
    ], 
    [
      {
        "value": "(parameter 0 (parameter 1 (member get (root https://www.npmjs.com/package/http))))"
      }, 
      {
        "value": "end"
      }
    ], 
    [
      {
        "value": "(parameter 0 (parameter 1 (member get (root https://www.npmjs.com/package/http))))"
      }, 
      {
        "value": "data"
      }
    ], 
    [
      {
        "value": "(parameter 0 (parameter 1 (member get (root https://www.npmjs.com/package/http))))"
      }, 
      {
        "value": "error"
      }
    ], 
    [
      {
        "value": "(parameter 0 (parameter 1 (member get (root https://www.npmjs.com/package/http))))"
      }, 
      {
        "value": "end"
      }
    ]
  ], 
  "columns": [
    "p", 
    "col1"
  ]
}