{
  "project": {
    "url": "https://lgtm.com/projects/g/woowabros/WoowahanJS", 
    "url-identifier": "g/woowabros/WoowahanJS", 
    "id": 1802081289, 
    "name": "woowabros/WoowahanJS"
  }, 
  "data": [
    [
      {
        "value": "(instance (member Collection (root https://www.npmjs.com/package/backbone)))"
      }, 
      {
        "value": "add"
      }
    ], 
    [
      {
        "value": "(return (member Collection (root https://www.npmjs.com/package/backbone)))"
      }, 
      {
        "value": "add"
      }
    ], 
    [
      {
        "value": "(return (member sass (return (root https://www.npmjs.com/package/gulp-load-plugins))))"
      }, 
      {
        "value": "error"
      }
    ], 
    [
      {
        "value": "(instance (member Collection (root https://www.npmjs.com/package/backbone)))"
      }, 
      {
        "value": "add"
      }
    ], 
    [
      {
        "value": "(return (member Collection (root https://www.npmjs.com/package/backbone)))"
      }, 
      {
        "value": "add"
      }
    ], 
    [
      {
        "value": "(return (member sass (return (root https://www.npmjs.com/package/gulp-load-plugins))))"
      }, 
      {
        "value": "error"
      }
    ], 
    [
      {
        "value": "(return (member addPopup (parameter 0 (member extend (member View (root https://www.npmjs.com/package/backbone))))))"
      }, 
      {
        "value": "remove"
      }
    ], 
    [
      {
        "value": "(parameter 0 (member addRowView (parameter 1 (member create (return (member extend (member View (root https://www.npmjs.com/package/backbone))))))))"
      }, 
      {
        "value": "remove"
      }
    ], 
    [
      {
        "value": "(parameter 0 (member addRowView (parameter 1 (member create (return (member extend (member View (root https://www.npmjs.com/package/backbone))))))))"
      }, 
      {
        "value": "change"
      }
    ], 
    [
      {
        "value": "(instance (member addPopup (parameter 0 (member extend (member View (root https://www.npmjs.com/package/backbone))))))"
      }, 
      {
        "value": "remove"
      }
    ], 
    [
      {
        "value": "(return (member updateView (instance (member addView (parameter 0 (member extend (member View (root https://www.npmjs.com/package/backbone))))))))"
      }, 
      {
        "value": "remove"
      }
    ], 
    [
      {
        "value": "(member collection (instance (member initialize (parameter 1 (member create (return (member extend (member View (root https://www.npmjs.com/package/backbone)))))))))"
      }, 
      {
        "value": "add"
      }
    ], 
    [
      {
        "value": "(return (member apply (member updateView (instance (member addView (parameter 0 (member extend (member View (root https://www.npmjs.com/package/backbone)))))))))"
      }, 
      {
        "value": "remove"
      }
    ], 
    [
      {
        "value": "(parameter 0 (member addRowView (parameter 1 (member create (return (member extend (member View (root https://www.npmjs.com/package/backbone))))))))"
      }, 
      {
        "value": "remove"
      }
    ], 
    [
      {
        "value": "(parameter 0 (member addRowView (parameter 1 (member create (return (member extend (member View (root https://www.npmjs.com/package/backbone))))))))"
      }, 
      {
        "value": "change"
      }
    ], 
    [
      {
        "value": "(return (member updateView (instance (member addView (parameter 0 (member extend (member View (root https://www.npmjs.com/package/backbone))))))))"
      }, 
      {
        "value": "remove"
      }
    ]
  ], 
  "columns": [
    "p", 
    "col1"
  ]
}