{
  "project": {
    "url": "https://lgtm.com/projects/g/windiest/GAF", 
    "url-identifier": "g/windiest/GAF", 
    "id": 1800226106, 
    "name": "windiest/GAF"
  }, 
  "data": [
    [
      {
        "value": "(return (member get (root https://www.npmjs.com/package/http)))"
      }, 
      {
        "value": "error"
      }
    ], 
    [
      {
        "value": "(parameter 0 (parameter 1 (member get (root https://www.npmjs.com/package/http))))"
      }, 
      {
        "value": "data"
      }
    ], 
    [
      {
        "value": "(parameter 0 (parameter 1 (member get (root https://www.npmjs.com/package/http))))"
      }, 
      {
        "value": "end"
      }
    ], 
    [
      {
        "value": "(return (member get (root https://www.npmjs.com/package/http)))"
      }, 
      {
        "value": "error"
      }
    ], 
    [
      {
        "value": "(parameter 0 (parameter 1 (member get (root https://www.npmjs.com/package/http))))"
      }, 
      {
        "value": "data"
      }
    ], 
    [
      {
        "value": "(parameter 0 (parameter 1 (member get (root https://www.npmjs.com/package/http))))"
      }, 
      {
        "value": "end"
      }
    ]
  ], 
  "columns": [
    "p", 
    "col1"
  ]
}