{
  "project": {
    "url": "https://lgtm.com/projects/g/yargalot/gulp-accessibility", 
    "url-identifier": "g/yargalot/gulp-accessibility", 
    "id": 1511558926284, 
    "name": "yargalot/gulp-accessibility"
  }, 
  "data": [
    [
      {
        "value": "(return (member pipe (return (member src (root https://www.npmjs.com/package/gulp)))))"
      }, 
      {
        "value": "error"
      }
    ], 
    [
      {
        "value": "(return (member pipe (return (member src (root https://www.npmjs.com/package/gulp)))))"
      }, 
      {
        "value": "error"
      }
    ]
  ], 
  "columns": [
    "p", 
    "col1"
  ]
}