{
  "project": {
    "url": "https://lgtm.com/projects/g/zkochan/codemo", 
    "url-identifier": "g/zkochan/codemo", 
    "id": 1511513829748, 
    "name": "zkochan/codemo"
  }, 
  "data": [
    [
      {
        "value": "(return (root https://www.npmjs.com/package/cross-spawn))"
      }, 
      {
        "value": "close"
      }
    ], 
    [
      {
        "value": "(member stdout (return (root https://www.npmjs.com/package/cross-spawn)))"
      }, 
      {
        "value": "data"
      }
    ], 
    [
      {
        "value": "(member stderr (return (root https://www.npmjs.com/package/cross-spawn)))"
      }, 
      {
        "value": "data"
      }
    ], 
    [
      {
        "value": "(return (root https://www.npmjs.com/package/cross-spawn))"
      }, 
      {
        "value": "close"
      }
    ], 
    [
      {
        "value": "(member stdout (return (root https://www.npmjs.com/package/cross-spawn)))"
      }, 
      {
        "value": "data"
      }
    ], 
    [
      {
        "value": "(member stderr (return (root https://www.npmjs.com/package/cross-spawn)))"
      }, 
      {
        "value": "data"
      }
    ]
  ], 
  "columns": [
    "p", 
    "col1"
  ]
}